name,code_name,generation,foundry,release_date,frequency,tdp,cores,threads,transistors,process_size,die_size,io_die_size,io_process_size,total_die_size,total_die_size_source,manufacturer,model_range,source
AMD A10-9700,Bristol Ridge,A10 (Bristol Ridge),GlobalFoundries,2017-07-27,3.5 GHz,65.0,4.0,4.0,"3,100 million",28.0,250 mm²,,,250.0,io_die_size () + die_size (250 mm²),AMD,A10,https://www.techpowerup.com/cpu-specs/a10-9700.c1955
AMD A10-9700E,Bristol Ridge,A10 (Bristol Ridge),GlobalFoundries,2017-07-27,3 GHz,35.0,4.0,4.0,"3,100 million",28.0,250 mm²,,,250.0,io_die_size () + die_size (250 mm²),AMD,A10,https://www.techpowerup.com/cpu-specs/a10-9700e.c1956
AMD A12-9800,Bristol Ridge,A12 (Bristol Ridge),GlobalFoundries,2017-07-27,3.8 GHz,65.0,4.0,4.0,"3,100 million",28.0,250 mm²,,,250.0,io_die_size () + die_size (250 mm²),AMD,A12,https://www.techpowerup.com/cpu-specs/a12-9800.c1953
AMD A12-9800E,Bristol Ridge,A12 (Bristol Ridge),GlobalFoundries,2017-07-27,3.1 GHz,35.0,4.0,4.0,"3,100 million",28.0,250 mm²,,,250.0,io_die_size () + die_size (250 mm²),AMD,A12,https://www.techpowerup.com/cpu-specs/a12-9800e.c1954
AMD A6-7480,Carrizo,A6 (Carrizo),GlobalFoundries,2018-10-26,3.5 GHz,45.0,2.0,2.0,"3,100 million",28.0,250 mm²,,,250.0,io_die_size () + die_size (250 mm²),AMD,A6,https://www.techpowerup.com/cpu-specs/a6-7480.c2614
AMD A6-9120C SoC,Stoney Ridge,A4 (Stoney Ridge),,2019-01-07,1600 MHz,6.0,2.0,2.0,"1,200 million",28.0,124 mm²,,,124.0,io_die_size () + die_size (124 mm²),AMD,A6,https://www.techpowerup.com/cpu-specs/a6-9120c-soc.c2143
AMD A6-9220C SoC,Stoney Ridge,A6 (Stoney Ridge),,2019-01-07,1800 MHz,6.0,2.0,2.0,"1,200 million",28.0,124 mm²,,,124.0,io_die_size () + die_size (124 mm²),AMD,A6,https://www.techpowerup.com/cpu-specs/a6-9220c-soc.c2142
AMD A6-9400,Bristol Ridge,A6 (Bristol Ridge),GlobalFoundries,2019-03-16,3.4 GHz,65.0,2.0,2.0,"3,100 million",28.0,250 mm²,,,250.0,io_die_size () + die_size (250 mm²),AMD,A6,https://www.techpowerup.com/cpu-specs/a6-9400.c2622
AMD A6-9550,Bristol Ridge,A6 (Bristol Ridge),GlobalFoundries,2017-07-27,3.8 GHz,65.0,2.0,2.0,"3,100 million",28.0,250 mm²,,,250.0,io_die_size () + die_size (250 mm²),AMD,A6,https://www.techpowerup.com/cpu-specs/a6-9550.c1958
AMD A8-7680,Carrizo,A8 (Carrizo),GlobalFoundries,2018-10-26,3.5 GHz,45.0,4.0,4.0,"3,100 million",28.0,250 mm²,,,250.0,io_die_size () + die_size (250 mm²),AMD,A8,https://www.techpowerup.com/cpu-specs/a8-7680.c2120
AMD A8-9600,Bristol Ridge,A8 (Bristol Ridge),GlobalFoundries,2017-07-27,3.1 GHz,65.0,4.0,4.0,"3,100 million",28.0,250 mm²,,,250.0,io_die_size () + die_size (250 mm²),AMD,A8,https://www.techpowerup.com/cpu-specs/a8-9600.c2613
AMD Athlon 200GE,Raven Ridge,Athlon (Zen (Raven Ridge)),GlobalFoundries,2018-09-06,3.2 GHz,35.0,2.0,4.0,"4,950 million",14.0,209.8 mm²,,,1672.0,io_die_size () + die_size (209.8 mm²),AMD,Athlon,https://www.techpowerup.com/cpu-specs/athlon-200ge.c2073
AMD Athlon 220GE,Raven Ridge,Athlon (Zen (Raven Ridge)),GlobalFoundries,2018-12-21,3.4 GHz,35.0,2.0,4.0,"4,950 million",14.0,209.8 mm²,,,1672.0,io_die_size () + die_size (209.8 mm²),AMD,Athlon,https://www.techpowerup.com/cpu-specs/athlon-220ge.c2122
AMD Athlon 240GE,Raven Ridge,Athlon (Zen (Raven Ridge)),GlobalFoundries,2018-12-21,3.5 GHz,35.0,2.0,4.0,"4,950 million",14.0,209.8 mm²,,,1672.0,io_die_size () + die_size (209.8 mm²),AMD,Athlon,https://www.techpowerup.com/cpu-specs/athlon-240ge.c2127
AMD Athlon 3000G,Raven Ridge,Athlon (Zen (Raven Ridge)),,2019-11-20,3.5 GHz,35.0,2.0,4.0,"4,800 million",14.0,148 mm²,,,148.0,io_die_size () + die_size (148 mm²),AMD,Athlon,https://www.techpowerup.com/cpu-specs/athlon-3000g.c2243
AMD Athlon 300U,Raven Ridge 2,Athlon (Zen (Raven Ridge 2)),GlobalFoundries,2019-01-06,2.4 GHz,15.0,2.0,4.0,,14.0,,,,,io_die_size () + die_size (),AMD,Athlon,https://www.techpowerup.com/cpu-specs/athlon-300u.c2135
AMD Athlon Gold 3150G,Dali,Athlon (Zen+ (Dali)),GlobalFoundries,2020-07-21,3.5 GHz,65.0,4.0,4.0,,12.0,,,,,io_die_size () + die_size (),AMD,Athlon Gold,https://www.techpowerup.com/cpu-specs/athlon-gold-3150g.c2330
AMD Athlon Gold 3150GE,Dali,Athlon (Zen+ (Dali)),GlobalFoundries,2020-07-21,3.5 GHz,35.0,4.0,4.0,,12.0,,,,,io_die_size () + die_size (),AMD,Athlon Gold,https://www.techpowerup.com/cpu-specs/athlon-gold-3150ge.c2331
AMD Athlon Gold 7220U,Mendocino,Athlon (Zen 2 (Mendocino)),TSMC,2022-09-20,2.4 GHz,15.0,2.0,4.0,,6.0,100 mm²,,,100.0,io_die_size () + die_size (100 mm²),AMD,Athlon Gold,https://www.techpowerup.com/cpu-specs/athlon-gold-7220u.c3044
AMD Athlon Gold PRO 3150G,Dali,Athlon (Zen+ (Dali)),GlobalFoundries,2020-07-21,3.5 GHz,65.0,4.0,4.0,,12.0,,,,,io_die_size () + die_size (),AMD,Athlon Gold PRO,https://www.techpowerup.com/cpu-specs/athlon-gold-pro-3150g.c2333
AMD Athlon Gold PRO 3150GE,Dali,Athlon (Zen+ (Dali)),GlobalFoundries,2020-07-21,3.5 GHz,35.0,4.0,4.0,,12.0,,,,,io_die_size () + die_size (),AMD,Athlon Gold PRO,https://www.techpowerup.com/cpu-specs/athlon-gold-pro-3150ge.c2335
AMD Athlon PRO 200GE,Raven Ridge,Athlon (Zen (Raven Ridge)),,2018-06-01,3.2 GHz,35.0,2.0,2.0,"4,800 million",14.0,192 mm²,,,192.0,io_die_size () + die_size (192 mm²),AMD,Athlon PRO,https://www.techpowerup.com/cpu-specs/athlon-pro-200ge.c2074
AMD Athlon PRO 300U,Raven Ridge 2,Athlon (Zen (Raven Ridge 2)),GlobalFoundries,2019-04-08,2.4 GHz,15.0,2.0,4.0,,14.0,,,,,io_die_size () + die_size (),AMD,Athlon PRO,https://www.techpowerup.com/cpu-specs/athlon-pro-300u.c2176
AMD Athlon Silver 3050GE,Dali,Athlon (Zen+ (Dali)),GlobalFoundries,2020-07-21,3.4 GHz,35.0,2.0,4.0,,12.0,,,,,io_die_size () + die_size (),AMD,Athlon Silver,https://www.techpowerup.com/cpu-specs/athlon-silver-3050ge.c2332
AMD Athlon Silver 7120U,Mendocino,Athlon (Zen 2 (Mendocino)),TSMC,2022-09-20,2.4 GHz,15.0,2.0,2.0,,6.0,100 mm²,,,100.0,io_die_size () + die_size (100 mm²),AMD,Athlon Silver,https://www.techpowerup.com/cpu-specs/athlon-silver-7120u.c3043
AMD Athlon Silver PRO 3125GE,Dali,Athlon (Zen+ (Dali)),GlobalFoundries,2020-07-21,3.4 GHz,35.0,2.0,4.0,,12.0,,,,,io_die_size () + die_size (),AMD,Athlon Silver PRO,https://www.techpowerup.com/cpu-specs/athlon-silver-pro-3125ge.c2334
AMD Athlon X4 940,Bristol Ridge,Athlon (Bristol Ridge),GlobalFoundries,2017-07-27,3.2 GHz,65.0,4.0,4.0,"3,100 million",28.0,250 mm²,,,250.0,io_die_size () + die_size (250 mm²),AMD,Athlon X4,https://www.techpowerup.com/cpu-specs/athlon-x4-940.c1963
AMD Athlon X4 950,Bristol Ridge,Athlon (Bristol Ridge),GlobalFoundries,2017-07-27,3.5 GHz,65.0,4.0,4.0,"3,100 million",28.0,250 mm²,,,250.0,io_die_size () + die_size (250 mm²),AMD,Athlon X4,https://www.techpowerup.com/cpu-specs/athlon-x4-950.c1962
AMD Athlon X4 970,Bristol Ridge,Athlon (Bristol Ridge),GlobalFoundries,2017-07-27,3.8 GHz,65.0,4.0,4.0,"3,100 million",28.0,250 mm²,,,250.0,io_die_size () + die_size (250 mm²),AMD,Athlon X4,https://www.techpowerup.com/cpu-specs/athlon-x4-970.c1961
AMD EPYC 7232P,Rome,EPYC (Zen 2 (Rome)),TSMC,2019-08-07,3.1 GHz,120.0,8.0,16.0,"3,800 million",7.0,2x 74 mm²,416 mm2,14 nm,564.0,io_die_size (416 mm2) + die_size (2x 74 mm²),AMD,EPYC,https://www.techpowerup.com/cpu-specs/epyc-7232p.c2263
AMD EPYC 7252,Rome,EPYC (Zen 2 (Rome)),TSMC,2019-08-07,2.8 GHz,120.0,8.0,16.0,"3,800 million",7.0,2x 74 mm²,416 mm2,14 nm,564.0,io_die_size (416 mm2) + die_size (2x 74 mm²),AMD,EPYC,https://www.techpowerup.com/cpu-specs/epyc-7252.c2258
AMD EPYC 7262,Rome,EPYC (Zen 2 (Rome)),TSMC,2019-08-07,3.1 GHz,155.0,8.0,16.0,"3,800 million",7.0,2x 74 mm²,416 mm2,14 nm,564.0,io_die_size (416 mm2) + die_size (2x 74 mm²),AMD,EPYC,https://www.techpowerup.com/cpu-specs/epyc-7262.c2257
AMD EPYC 7272,Rome,EPYC (Zen 2 (Rome)),TSMC,2019-08-07,2.6 GHz,120.0,12.0,24.0,"3,800 million",7.0,3x 74 mm²,416 mm2,14 nm,638.0,io_die_size (416 mm2) + die_size (3x 74 mm²),AMD,EPYC,https://www.techpowerup.com/cpu-specs/epyc-7272.c2256
AMD EPYC 7281,Naples,,TSMC,,2.1 GHz,170.0,16.0,32.0,,,,,,,,AMD,EPYC,https://www.techpowerup.com/cpu-specs/epyc-7281.c1927
AMD EPYC 7282,Rome,EPYC (Zen 2 (Rome)),TSMC,2019-08-07,2.8 GHz,120.0,16.0,32.0,"3,800 million",7.0,4x 74 mm²,416 mm2,14 nm,712.0,io_die_size (416 mm2) + die_size (4x 74 mm²),AMD,EPYC,https://www.techpowerup.com/cpu-specs/epyc-7282.c2255
AMD EPYC 72F3,Milan,EPYC (Zen 3 (Milan)),TSMC,2021-03-15,3.7 GHz,180.0,8.0,16.0,"33,200 million",7.0,8x 81 mm²,416 mm²,12 nm,1064.0,io_die_size (416 mm²) + die_size (8x 81 mm²),AMD,EPYC,https://www.techpowerup.com/cpu-specs/epyc-72f3.c2391
AMD EPYC 7302,Rome,EPYC (Zen 2 (Rome)),TSMC,2019-08-07,3 GHz,155.0,16.0,32.0,"3,800 million",7.0,4x 74 mm²,416 mm2,14 nm,712.0,io_die_size (416 mm2) + die_size (4x 74 mm²),AMD,EPYC,https://www.techpowerup.com/cpu-specs/epyc-7302.c2254
AMD EPYC 7302P,Rome,EPYC (Zen 2 (Rome)),TSMC,2019-08-07,3 GHz,155.0,16.0,32.0,"3,800 million",7.0,4x 74 mm²,416 mm2,14 nm,712.0,io_die_size (416 mm2) + die_size (4x 74 mm²),AMD,EPYC,https://www.techpowerup.com/cpu-specs/epyc-7302p.c2262
AMD EPYC 7313,Milan,EPYC (Zen 3 (Milan)),TSMC,2021-03-15,3 GHz,155.0,16.0,32.0,"16,600 million",7.0,4x 81 mm²,416 mm²,12 nm,740.0,io_die_size (416 mm²) + die_size (4x 81 mm²),AMD,EPYC,https://www.techpowerup.com/cpu-specs/epyc-7313.c2389
AMD EPYC 7313P,Milan,EPYC (Zen 3 (Milan)),TSMC,2021-03-15,3 GHz,155.0,16.0,32.0,"16,600 million",7.0,4x 81 mm²,416 mm²,12 nm,740.0,io_die_size (416 mm²) + die_size (4x 81 mm²),AMD,EPYC,https://www.techpowerup.com/cpu-specs/epyc-7313p.c2390
AMD EPYC 7343,Milan,EPYC (Zen 3 (Milan)),TSMC,2021-03-15,3.2 GHz,190.0,16.0,32.0,"16,600 million",7.0,4x 81 mm²,416 mm²,12 nm,740.0,io_die_size (416 mm²) + die_size (4x 81 mm²),AMD,EPYC,https://www.techpowerup.com/cpu-specs/epyc-7343.c2388
AMD EPYC 7352,Rome,EPYC (Zen 2 (Rome)),TSMC,2019-08-07,2.4 GHz,155.0,24.0,48.0,"3,800 million",7.0,6x 74 mm²,416 mm2,14 nm,860.0,io_die_size (416 mm2) + die_size (6x 74 mm²),AMD,EPYC,https://www.techpowerup.com/cpu-specs/epyc-7352.c2253
AMD EPYC 7373X,Milan-X,EPYC (Zen 3 (Milan)),TSMC,2022-03-22,3.05 GHz,240.0,16.0,32.0,"33,200 million",7.0,8x 81 mm²,416 mm²,12 nm,1064.0,io_die_size (416 mm²) + die_size (8x 81 mm²),AMD,EPYC,https://www.techpowerup.com/cpu-specs/epyc-7373x.c2762
AMD EPYC 73F3,Milan,EPYC (Zen 3 (Milan)),TSMC,2021-03-15,3.5 GHz,240.0,16.0,32.0,"33,200 million",7.0,8x 81 mm²,416 mm²,12 nm,1064.0,io_die_size (416 mm²) + die_size (8x 81 mm²),AMD,EPYC,https://www.techpowerup.com/cpu-specs/epyc-73f3.c2387
AMD EPYC 7401P,Naples,,,,,170.0,,48.0,,,,,,,,AMD,EPYC,https://www.techpowerup.com/cpu-specs/epyc-7401p.c1930
AMD EPYC 7402,Rome,EPYC (Zen 2 (Rome)),TSMC,2019-08-07,2.8 GHz,180.0,24.0,48.0,"3,800 million",7.0,6x 74 mm²,416 mm2,14 nm,860.0,io_die_size (416 mm2) + die_size (6x 74 mm²),AMD,EPYC,https://www.techpowerup.com/cpu-specs/epyc-7402.c2252
AMD EPYC 7402P,Rome,EPYC (Zen 2 (Rome)),TSMC,2019-08-07,2.8 GHz,180.0,24.0,48.0,"3,800 million",7.0,6x 74 mm²,416 mm2,14 nm,860.0,io_die_size (416 mm2) + die_size (6x 74 mm²),AMD,EPYC,https://www.techpowerup.com/cpu-specs/epyc-7402p.c2261
AMD EPYC 7413,Milan,EPYC (Zen 3 (Milan)),TSMC,2021-03-15,2.65 GHz,180.0,24.0,48.0,"16,600 million",7.0,4x 81 mm²,416 mm²,12 nm,740.0,io_die_size (416 mm²) + die_size (4x 81 mm²),AMD,EPYC,https://www.techpowerup.com/cpu-specs/epyc-7413.c2386
AMD EPYC 7443,Milan,EPYC (Zen 3 (Milan)),TSMC,2021-03-15,2.85 GHz,200.0,24.0,48.0,"16,600 million",7.0,4x 81 mm²,416 mm²,12 nm,740.0,io_die_size (416 mm²) + die_size (4x 81 mm²),AMD,EPYC,https://www.techpowerup.com/cpu-specs/epyc-7443.c2384
AMD EPYC 7443P,Milan,EPYC (Zen 3 (Milan)),TSMC,2021-03-15,2.85 GHz,200.0,24.0,48.0,"16,600 million",7.0,4x 81 mm²,416 mm²,12 nm,740.0,io_die_size (416 mm²) + die_size (4x 81 mm²),AMD,EPYC,https://www.techpowerup.com/cpu-specs/epyc-7443p.c2385
AMD EPYC 7452,Rome,EPYC (Zen 2 (Rome)),TSMC,2019-08-07,2.2 GHz,155.0,32.0,64.0,"3,800 million",7.0,8x 74 mm²,416 mm2,14 nm,1008.0,io_die_size (416 mm2) + die_size (8x 74 mm²),AMD,EPYC,https://www.techpowerup.com/cpu-specs/epyc-7452.c2251
AMD EPYC 7453,Milan,EPYC (Zen 3 (Milan)),TSMC,2021-03-15,2.75 GHz,225.0,28.0,56.0,"16,600 million",7.0,4x 81 mm²,416 mm²,12 nm,740.0,io_die_size (416 mm²) + die_size (4x 81 mm²),AMD,EPYC,https://www.techpowerup.com/cpu-specs/epyc-7453.c2382
AMD EPYC 7473X,Milan-X,EPYC (Zen 3 (Milan)),TSMC,2022-03-22,2.8 GHz,240.0,24.0,48.0,"33,200 million",7.0,8x 81 mm²,416 mm²,12 nm,1064.0,io_die_size (416 mm²) + die_size (8x 81 mm²),AMD,EPYC,https://www.techpowerup.com/cpu-specs/epyc-7473x.c2761
AMD EPYC 74F3,Milan,EPYC (Zen 3 (Milan)),TSMC,2021-03-15,2.8 GHz,240.0,24.0,48.0,"33,200 million",7.0,4x 81 mm²,416 mm²,12 nm,740.0,io_die_size (416 mm²) + die_size (4x 81 mm²),AMD,EPYC,https://www.techpowerup.com/cpu-specs/epyc-74f3.c2383
AMD EPYC 7502,Rome,EPYC (Zen 2 (Rome)),TSMC,2019-08-07,2.5 GHz,180.0,32.0,64.0,"3,800 million",7.0,8x 74 mm²,416 mm2,14 nm,1008.0,io_die_size (416 mm2) + die_size (8x 74 mm²),AMD,EPYC,https://www.techpowerup.com/cpu-specs/epyc-7502.c2250
AMD EPYC 7502P,Rome,EPYC (Zen 2 (Rome)),TSMC,2019-08-07,2.5 GHz,180.0,32.0,64.0,"3,800 million",7.0,8x 74 mm²,416 mm2,14 nm,1008.0,io_die_size (416 mm2) + die_size (8x 74 mm²),AMD,EPYC,https://www.techpowerup.com/cpu-specs/epyc-7502p.c2260
AMD EPYC 7513,Milan,EPYC (Zen 3 (Milan)),TSMC,2021-03-15,2.6 GHz,200.0,32.0,64.0,"33,200 million",7.0,8x 81 mm²,416 mm²,12 nm,1064.0,io_die_size (416 mm²) + die_size (8x 81 mm²),AMD,EPYC,https://www.techpowerup.com/cpu-specs/epyc-7513.c2381
AMD EPYC 7542,Rome,EPYC (Zen 2 (Rome)),TSMC,2019-08-07,2.9 GHz,225.0,32.0,64.0,"3,800 million",7.0,8x 74 mm²,416 mm2,14 nm,1008.0,io_die_size (416 mm2) + die_size (8x 74 mm²),AMD,EPYC,https://www.techpowerup.com/cpu-specs/epyc-7542.c2249
AMD EPYC 7543,Milan,EPYC (Zen 3 (Milan)),TSMC,2021-03-15,2.8 GHz,225.0,32.0,64.0,"33,200 million",7.0,8x 81 mm²,416 mm²,12 nm,1064.0,io_die_size (416 mm²) + die_size (8x 81 mm²),AMD,EPYC,https://www.techpowerup.com/cpu-specs/epyc-7543.c2379
AMD EPYC 7543P,Milan,EPYC (Zen 3 (Milan)),TSMC,2021-03-15,2.8 GHz,225.0,32.0,64.0,"33,200 million",7.0,8x 81 mm²,416 mm²,12 nm,1064.0,io_die_size (416 mm²) + die_size (8x 81 mm²),AMD,EPYC,https://www.techpowerup.com/cpu-specs/epyc-7543p.c2380
AMD EPYC 7551,Naples,EPYC (Zen (Naples)),GlobalFoundries,2017-06-29,2.0 GHz,180.0,32.0,64.0,"4,800 million",14.0,,213 mm²,14 nm,,,AMD,EPYC,"https://github.com/cloud-carbon-footprint/cloud-carbon-coefficients/tree/main/data, https://www.techpowerup.com/cpu-specs/epyc-7551.c1921"
AMD EPYC 7551P,Naples,EPYC (Zen (Naples)),GlobalFoundries,2017-06-29,2.0 GHz,180.0,32.0,64.0,"4,800 million",14.0,,213 mm²,14 nm,,,AMD,EPYC,"https://github.com/cloud-carbon-footprint/cloud-carbon-coefficients/tree/main/data, https://www.techpowerup.com/cpu-specs/epyc-7551.c1921"
AMD EPYC 7552,Rome,EPYC (Zen 2 (Rome)),TSMC,2019-08-07,2.2 GHz,200.0,48.0,96.0,"3,800 million",7.0,12x 74 mm²,416 mm2,14 nm,1304.0,io_die_size (416 mm2) + die_size (12x 74 mm²),AMD,EPYC,https://www.techpowerup.com/cpu-specs/epyc-7552.c2248
AMD EPYC 7573X,Milan-X,EPYC (Zen 3 (Milan)),TSMC,2022-03-22,2.8 GHz,280.0,32.0,64.0,"33,200 million",7.0,8x 81 mm²,416 mm²,12 nm,1064.0,io_die_size (416 mm²) + die_size (8x 81 mm²),AMD,EPYC,https://www.techpowerup.com/cpu-specs/epyc-7573x.c2760
AMD EPYC 75F3,Milan,EPYC (Zen 3 (Milan)),TSMC,2021-03-15,2.95 GHz,280.0,32.0,64.0,"33,200 million",7.0,8x 81 mm²,416 mm²,12 nm,1064.0,io_die_size (416 mm²) + die_size (8x 81 mm²),AMD,EPYC,https://www.techpowerup.com/cpu-specs/epyc-75f3.c2378
AMD EPYC 7642,Rome,EPYC (Zen 2 (Rome)),TSMC,2019-08-07,2.4 GHz,225.0,48.0,96.0,"3,800 million",7.0,12x 74 mm²,416 mm2,14 nm,1304.0,io_die_size (416 mm2) + die_size (12x 74 mm²),AMD,EPYC,https://www.techpowerup.com/cpu-specs/epyc-7642.c2247
AMD EPYC 7643,Milan,EPYC (Zen 3 (Milan)),TSMC,2021-03-15,2.3 GHz,225.0,48.0,96.0,"33,200 million",7.0,8x 81 mm²,416 mm²,12 nm,1064.0,io_die_size (416 mm²) + die_size (8x 81 mm²),AMD,EPYC,https://www.techpowerup.com/cpu-specs/epyc-7643.c2377
AMD EPYC 7663,Milan,EPYC (Zen 3 (Milan)),TSMC,2021-03-15,2000 MHz,240.0,56.0,112.0,"33,200 million",7.0,8x 81 mm²,416 mm²,12 nm,1064.0,io_die_size (416 mm²) + die_size (8x 81 mm²),AMD,EPYC,https://www.techpowerup.com/cpu-specs/epyc-7663.c2376
AMD EPYC 7702,Rome,EPYC (Zen 2 (Rome)),TSMC,2019-08-07,2000 MHz,200.0,64.0,128.0,"3,800 million",7.0,16x 74 mm²,416 mm2,14 nm,1600.0,io_die_size (416 mm2) + die_size (16x 74 mm²),AMD,EPYC,https://www.techpowerup.com/cpu-specs/epyc-7702.c2246
AMD EPYC 7702P,Rome,EPYC (Zen 2 (Rome)),TSMC,2019-08-07,2000 MHz,200.0,64.0,128.0,"3,800 million",7.0,16x 74 mm²,416 mm2,14 nm,1600.0,io_die_size (416 mm2) + die_size (16x 74 mm²),AMD,EPYC,https://www.techpowerup.com/cpu-specs/epyc-7702p.c2259
AMD EPYC 7713,Milan,EPYC (Zen 3 (Milan)),TSMC,2021-03-15,2000 MHz,225.0,64.0,128.0,"33,200 million",7.0,8x 81 mm²,416 mm²,12 nm,1064.0,io_die_size (416 mm²) + die_size (8x 81 mm²),AMD,EPYC,https://www.techpowerup.com/cpu-specs/epyc-7713.c2374
AMD EPYC 7713P,Milan,EPYC (Zen 3 (Milan)),TSMC,2021-03-15,2000 MHz,225.0,64.0,128.0,"33,200 million",7.0,8x 81 mm²,416 mm²,12 nm,1064.0,io_die_size (416 mm²) + die_size (8x 81 mm²),AMD,EPYC,https://www.techpowerup.com/cpu-specs/epyc-7713p.c2375
AMD EPYC 7742,Rome,EPYC (Zen 2 (Rome)),TSMC,2019-08-07,2.25 GHz,225.0,64.0,128.0,"3,800 million",7.0,16x 74 mm²,416 mm2,14 nm,1600.0,io_die_size (416 mm2) + die_size (16x 74 mm²),AMD,EPYC,https://www.techpowerup.com/cpu-specs/epyc-7742.c2245
AMD EPYC 7763,Milan,EPYC (Zen 3 (Milan)),TSMC,2021-03-15,2.45 GHz,280.0,64.0,128.0,"33,200 million",7.0,8x 81 mm²,416 mm²,12 nm,1064.0,io_die_size (416 mm²) + die_size (8x 81 mm²),AMD,EPYC,https://www.techpowerup.com/cpu-specs/epyc-7763.c2373
AMD EPYC 7773X,Milan-X,EPYC (Zen 3 (Milan)),TSMC,2022-03-22,2.2 GHz,280.0,64.0,128.0,"33,200 million",7.0,8x 81 mm²,416 mm²,12 nm,1064.0,io_die_size (416 mm²) + die_size (8x 81 mm²),AMD,EPYC,https://www.techpowerup.com/cpu-specs/epyc-7773x.c2759
AMD EPYC 7F32,Rome,EPYC (Zen 2 (Rome)),TSMC,2020-04-14,3.7 GHz,180.0,8.0,16.0,"3,800 million",7.0,2x 74 mm²,416 mm2,14 nm,564.0,io_die_size (416 mm2) + die_size (2x 74 mm²),AMD,EPYC,https://www.techpowerup.com/cpu-specs/epyc-7f32.c2300
AMD EPYC 7F52,Rome,EPYC (Zen 2 (Rome)),TSMC,2020-04-14,3.5 GHz,155.0,16.0,32.0,"3,800 million",7.0,4x 74 mm²,416 mm2,14 nm,712.0,io_die_size (416 mm2) + die_size (4x 74 mm²),AMD,EPYC,https://www.techpowerup.com/cpu-specs/epyc-7f52.c2301
AMD EPYC 7F72,Rome,EPYC (Zen 2 (Rome)),TSMC,2020-04-14,3.2 GHz,240.0,24.0,48.0,"3,800 million",7.0,6x 74 mm²,416 mm2,14 nm,860.0,io_die_size (416 mm2) + die_size (6x 74 mm²),AMD,EPYC,https://www.techpowerup.com/cpu-specs/epyc-7f72.c2302
AMD EPYC 7H12,Rome,EPYC (Zen 2 (Rome)),TSMC,2019-09-18,2.6 GHz,280.0,64.0,128.0,"3,800 million",7.0,16x 74 mm²,416 mm2,14 nm,1600.0,io_die_size (416 mm2) + die_size (16x 74 mm²),AMD,EPYC,https://www.techpowerup.com/cpu-specs/epyc-7h12.c2244
AMD EPYC 7V12,Rome,,,,2.45 GHz,240.0,64.0,128.0,,7.0,,,,,,,,"https://xmrig.com/benchmark/483bMw, https://gadgetversus.com/processor/amd-epyc-7v12-specs/, https://www.reddit.com/r/AMD_Stock/comments/ezajpb/new_amd_7v12_64core_processor/"
AMD EPYC 7V13,,,,,2.5 GHz,240,64,128,,7,,,,,,,,
AMD EPYC 7V73X,,,,,2.2 GHz,280,64,128,,7,,,,,,,,
AMD EPYC 9124,Genoa,EPYC (Zen 4 (Genoa)),TSMC,2022-11-10,3 GHz,200.0,16.0,32.0,"26,280 million",5.0,4x 72 mm²,397 mm²,6 nm,685.0,io_die_size (397 mm²) + die_size (4x 72 mm²),AMD,EPYC,https://www.techpowerup.com/cpu-specs/epyc-9124.c2917
AMD EPYC 9174F,Genoa,EPYC (Zen 4 (Genoa)),TSMC,2022-11-10,4.1 GHz,320.0,16.0,32.0,"52,560 million",5.0,8x 72 mm²,397 mm²,6 nm,973.0,io_die_size (397 mm²) + die_size (8x 72 mm²),AMD,EPYC,https://www.techpowerup.com/cpu-specs/epyc-9174f.c2918
AMD EPYC 9224,Genoa,EPYC (Zen 4 (Genoa)),TSMC,2022-11-10,2.5 GHz,200.0,24.0,48.0,"26,280 million",5.0,4x 72 mm²,397 mm²,6 nm,685.0,io_die_size (397 mm²) + die_size (4x 72 mm²),AMD,EPYC,https://www.techpowerup.com/cpu-specs/epyc-9224.c2919
AMD EPYC 9254,Genoa,EPYC (Zen 4 (Genoa)),TSMC,2022-11-10,2.9 GHz,200.0,24.0,48.0,"26,280 million",5.0,4x 72 mm²,397 mm²,6 nm,685.0,io_die_size (397 mm²) + die_size (4x 72 mm²),AMD,EPYC,https://www.techpowerup.com/cpu-specs/epyc-9254.c2920
AMD EPYC 9274F,Genoa,EPYC (Zen 4 (Genoa)),TSMC,2022-11-10,4.05 GHz,320.0,24.0,48.0,"52,560 million",5.0,8x 72 mm²,397 mm²,6 nm,973.0,io_die_size (397 mm²) + die_size (8x 72 mm²),AMD,EPYC,https://www.techpowerup.com/cpu-specs/epyc-9274f.c2921
AMD EPYC 9334,Genoa,EPYC (Zen 4 (Genoa)),TSMC,2022-11-10,2.7 GHz,210.0,32.0,64.0,"52,560 million",5.0,4x 72 mm²,397 mm²,6 nm,685.0,io_die_size (397 mm²) + die_size (4x 72 mm²),AMD,EPYC,https://www.techpowerup.com/cpu-specs/epyc-9334.c2922
AMD EPYC 9354,Genoa,EPYC (Zen 4 (Genoa)),TSMC,2022-11-10,3.25 GHz,280.0,32.0,64.0,"52,560 million",5.0,8x 72 mm²,397 mm²,6 nm,973.0,io_die_size (397 mm²) + die_size (8x 72 mm²),AMD,EPYC,https://www.techpowerup.com/cpu-specs/epyc-9354.c2923
AMD EPYC 9354P,Genoa,EPYC (Zen 4 (Genoa)),TSMC,2022-11-10,3.25 GHz,280.0,32.0,64.0,"52,560 million",5.0,8x 72 mm²,397 mm²,6 nm,973.0,io_die_size (397 mm²) + die_size (8x 72 mm²),AMD,EPYC,https://www.techpowerup.com/cpu-specs/epyc-9354p.c2924
AMD EPYC 9374F,Genoa,EPYC (Zen 4 (Genoa)),TSMC,2022-11-10,3.85 GHz,320.0,32.0,64.0,"52,560 million",5.0,8x 72 mm²,397 mm²,6 nm,973.0,io_die_size (397 mm²) + die_size (8x 72 mm²),AMD,EPYC,https://www.techpowerup.com/cpu-specs/epyc-9374f.c2925
AMD EPYC 9454,Genoa,EPYC (Zen 4 (Genoa)),TSMC,2022-11-10,2.75 GHz,290.0,48.0,96.0,"52,560 million",5.0,8x 72 mm²,397 mm²,6 nm,973.0,io_die_size (397 mm²) + die_size (8x 72 mm²),AMD,EPYC,https://www.techpowerup.com/cpu-specs/epyc-9454.c2926
AMD EPYC 9454P,Genoa,EPYC (Zen 4 (Genoa)),TSMC,2022-11-10,2.75 GHz,290.0,48.0,96.0,"52,560 million",5.0,8x 72 mm²,397 mm²,6 nm,973.0,io_die_size (397 mm²) + die_size (8x 72 mm²),AMD,EPYC,https://www.techpowerup.com/cpu-specs/epyc-9454p.c2927
AMD EPYC 9474F,Genoa,EPYC (Zen 4 (Genoa)),TSMC,2022-11-10,3.6 GHz,360.0,48.0,96.0,"52,560 million",5.0,8x 72 mm²,397 mm²,6 nm,973.0,io_die_size (397 mm²) + die_size (8x 72 mm²),AMD,EPYC,https://www.techpowerup.com/cpu-specs/epyc-9474f.c2928
AMD EPYC 9534,Genoa,EPYC (Zen 4 (Genoa)),TSMC,2022-11-10,2.45 GHz,280.0,64.0,128.0,"52,560 million",5.0,8x 72 mm²,397 mm²,6 nm,973.0,io_die_size (397 mm²) + die_size (8x 72 mm²),AMD,EPYC,https://www.techpowerup.com/cpu-specs/epyc-9534.c2929
AMD EPYC 9554,Genoa,EPYC (Zen 4 (Genoa)),TSMC,2022-11-10,3.1 GHz,360.0,64.0,128.0,"52,560 million",5.0,8x 72 mm²,397 mm²,6 nm,973.0,io_die_size (397 mm²) + die_size (8x 72 mm²),AMD,EPYC,https://www.techpowerup.com/cpu-specs/epyc-9554.c2930
AMD EPYC 9554P,Genoa,EPYC (Zen 4 (Genoa)),TSMC,2022-11-10,3.1 GHz,360.0,64.0,128.0,"52,560 million",5.0,8x 72 mm²,397 mm²,6 nm,973.0,io_die_size (397 mm²) + die_size (8x 72 mm²),AMD,EPYC,https://www.techpowerup.com/cpu-specs/epyc-9554p.c2931
AMD EPYC 9634,Genoa,EPYC (Zen 4 (Genoa)),TSMC,2022-11-10,2.25 GHz,290.0,84.0,168.0,"78,840 million",5.0,12x 72 mm²,397 mm²,6 nm,1261.0,io_die_size (397 mm²) + die_size (12x 72 mm²),AMD,EPYC,https://www.techpowerup.com/cpu-specs/epyc-9634.c2932
AMD EPYC 9654,Genoa,EPYC (Zen 4 (Genoa)),TSMC,2022-11-10,2.4 GHz,360.0,96.0,192.0,"78,840 million",5.0,12x 72 mm²,397 mm²,6 nm,1261.0,io_die_size (397 mm²) + die_size (12x 72 mm²),AMD,EPYC,https://www.techpowerup.com/cpu-specs/epyc-9654.c2933
AMD EPYC 9654P,Genoa,EPYC (Zen 4 (Genoa)),TSMC,2022-11-10,2.4 GHz,360.0,96.0,192.0,"78,840 million",5.0,12x 72 mm²,397 mm²,6 nm,1261.0,io_die_size (397 mm²) + die_size (12x 72 mm²),AMD,EPYC,https://www.techpowerup.com/cpu-specs/epyc-9654p.c2934
AMD EPYC Embedded 3101,Snowy Owl,EPYC Embedded (Zen (Snowy Owl)),GlobalFoundries,2018-02-21,2.1 GHz,35.0,4.0,4.0,"4,800 million",14.0,213 mm²,,,213.0,io_die_size () + die_size (213 mm²),AMD,EPYC Embedded,https://www.techpowerup.com/cpu-specs/epyc-embedded-3101.c3199
AMD EPYC Embedded 3151,Snowy Owl,EPYC Embedded (Zen (Snowy Owl)),GlobalFoundries,2018-02-21,2.7 GHz,45.0,4.0,8.0,"4,800 million",14.0,213 mm²,,,213.0,io_die_size () + die_size (213 mm²),AMD,EPYC Embedded,https://www.techpowerup.com/cpu-specs/epyc-embedded-3151.c3200
AMD EPYC Embedded 3201,Snowy Owl,EPYC Embedded (Zen (Snowy Owl)),GlobalFoundries,2018-02-21,1500 MHz,30.0,8.0,8.0,"4,800 million",14.0,213 mm²,,,213.0,io_die_size () + die_size (213 mm²),AMD,EPYC Embedded,https://www.techpowerup.com/cpu-specs/epyc-embedded-3201.c3201
AMD EPYC Embedded 3251,Snowy Owl,EPYC Embedded (Zen (Snowy Owl)),GlobalFoundries,2018-02-21,2.5 GHz,55.0,8.0,16.0,"4,800 million",14.0,213 mm²,,,213.0,io_die_size () + die_size (213 mm²),AMD,EPYC Embedded,https://www.techpowerup.com/cpu-specs/epyc-embedded-3251.c2009
AMD EPYC Embedded 3255,Snowy Owl,EPYC Embedded (Zen (Snowy Owl)),GlobalFoundries,2018-02-21,2.5 GHz,55.0,8.0,16.0,"4,800 million",14.0,213 mm²,,,213.0,io_die_size () + die_size (213 mm²),AMD,EPYC Embedded,https://www.techpowerup.com/cpu-specs/epyc-embedded-3255.c3202
AMD EPYC Embedded 3351,Snowy Owl,EPYC Embedded (Zen (Snowy Owl)),GlobalFoundries,2018-02-21,1900 MHz,80.0,12.0,24.0,"4,800 million",14.0,2x 213 mm²,,,426.0,io_die_size () + die_size (2x 213 mm²),AMD,EPYC Embedded,https://www.techpowerup.com/cpu-specs/epyc-embedded-3351.c3203
AMD EPYC Embedded 3451,Snowy Owl,EPYC Embedded (Zen (Snowy Owl)),GlobalFoundries,2018-02-21,2.15 GHz,100.0,16.0,32.0,"4,800 million",14.0,2x 213 mm²,,,426.0,io_die_size () + die_size (2x 213 mm²),AMD,EPYC Embedded,https://www.techpowerup.com/cpu-specs/epyc-embedded-3451.c3204
AMD EPYC Embedded 9124,Genoa,EPYC (Zen 4 (Genoa)),TSMC,2023-03-14,3 GHz,200.0,16.0,32.0,"26,280 million",5.0,4x 72 mm²,397 mm²,6 nm,685.0,io_die_size (397 mm²) + die_size (4x 72 mm²),AMD,EPYC Embedded,https://www.techpowerup.com/cpu-specs/epyc-embedded-9124.c3194
AMD EPYC Embedded 9254,Genoa,EPYC (Zen 4 (Genoa)),TSMC,2023-03-14,2.9 GHz,200.0,24.0,48.0,"26,280 million",5.0,4x 72 mm²,397 mm²,6 nm,685.0,io_die_size (397 mm²) + die_size (4x 72 mm²),AMD,EPYC Embedded,https://www.techpowerup.com/cpu-specs/epyc-embedded-9254.c3193
AMD EPYC Embedded 9354,Genoa,EPYC (Zen 4 (Genoa)),TSMC,2023-03-14,3.25 GHz,280.0,32.0,64.0,"52,560 million",5.0,8x 72 mm²,397 mm²,6 nm,973.0,io_die_size (397 mm²) + die_size (8x 72 mm²),AMD,EPYC Embedded,https://www.techpowerup.com/cpu-specs/epyc-embedded-9354.c3192
AMD EPYC Embedded 9354P,Genoa,EPYC (Zen 4 (Genoa)),TSMC,2023-03-14,3.25 GHz,280.0,32.0,64.0,"52,560 million",5.0,8x 72 mm²,397 mm²,6 nm,973.0,io_die_size (397 mm²) + die_size (8x 72 mm²),AMD,EPYC Embedded,https://www.techpowerup.com/cpu-specs/epyc-embedded-9354p.c3195
AMD EPYC Embedded 9454,Genoa,EPYC (Zen 4 (Genoa)),TSMC,2023-03-14,2.75 GHz,290.0,48.0,96.0,"52,560 million",5.0,8x 72 mm²,397 mm²,6 nm,973.0,io_die_size (397 mm²) + die_size (8x 72 mm²),AMD,EPYC Embedded,https://www.techpowerup.com/cpu-specs/epyc-embedded-9454.c3191
AMD EPYC Embedded 9454P,Genoa,EPYC (Zen 4 (Genoa)),TSMC,2023-03-14,2.75 GHz,290.0,48.0,96.0,"52,560 million",5.0,8x 72 mm²,397 mm²,6 nm,973.0,io_die_size (397 mm²) + die_size (8x 72 mm²),AMD,EPYC Embedded,https://www.techpowerup.com/cpu-specs/epyc-embedded-9454p.c3196
AMD EPYC Embedded 9554,Genoa,EPYC (Zen 4 (Genoa)),TSMC,2023-03-14,3.1 GHz,360.0,64.0,128.0,"52,560 million",5.0,8x 72 mm²,397 mm²,6 nm,973.0,io_die_size (397 mm²) + die_size (8x 72 mm²),AMD,EPYC Embedded,https://www.techpowerup.com/cpu-specs/epyc-embedded-9554.c3190
AMD EPYC Embedded 9554P,Genoa,EPYC (Zen 4 (Genoa)),TSMC,2023-03-14,3.1 GHz,360.0,64.0,128.0,"52,560 million",5.0,8x 72 mm²,397 mm²,6 nm,973.0,io_die_size (397 mm²) + die_size (8x 72 mm²),AMD,EPYC Embedded,https://www.techpowerup.com/cpu-specs/epyc-embedded-9554p.c3197
AMD EPYC Embedded 9654,Genoa,EPYC (Zen 4 (Genoa)),TSMC,2023-03-14,2.4 GHz,360.0,96.0,192.0,"78,840 million",5.0,12x 72 mm²,397 mm²,6 nm,1261.0,io_die_size (397 mm²) + die_size (12x 72 mm²),AMD,EPYC Embedded,https://www.techpowerup.com/cpu-specs/epyc-embedded-9654.c3189
AMD EPYC Embedded 9654P,Genoa,EPYC (Zen 4 (Genoa)),TSMC,2023-03-14,2.4 GHz,360.0,96.0,192.0,"78,840 million",5.0,12x 72 mm²,397 mm²,6 nm,1261.0,io_die_size (397 mm²) + die_size (12x 72 mm²),AMD,EPYC Embedded,https://www.techpowerup.com/cpu-specs/epyc-embedded-9654p.c3198
AMD PRO A10-9700,Bristol Ridge,A10 (Bristol Ridge),GlobalFoundries,2017-07-27,3.5 GHz,65.0,4.0,4.0,"3,100 million",28.0,250 mm²,,,250.0,io_die_size () + die_size (250 mm²),AMD,PRO A10,https://www.techpowerup.com/cpu-specs/pro-a10-9700.c2795
AMD PRO A12-9800E,Bristol Ridge,A12 (Bristol Ridge),GlobalFoundries,2017-07-27,3.1 GHz,35.0,4.0,4.0,"3,100 million",28.0,250 mm²,,,250.0,io_die_size () + die_size (250 mm²),AMD,PRO A12,https://www.techpowerup.com/cpu-specs/pro-a12-9800e.c2612
AMD PRO A6-8570,Carrizo,A6 (Carrizo),GlobalFoundries,2018-10-01,3.5 GHz,65.0,2.0,2.0,"3,100 million",28.0,250 mm²,,,250.0,io_die_size () + die_size (250 mm²),AMD,PRO A6,https://www.techpowerup.com/cpu-specs/pro-a6-8570.c2620
AMD PRO A6-8570E,Carrizo,A6 (Carrizo),GlobalFoundries,2018-10-01,3 GHz,65.0,2.0,2.0,"3,100 million",28.0,250 mm²,,,250.0,io_die_size () + die_size (250 mm²),AMD,PRO A6,https://www.techpowerup.com/cpu-specs/pro-a6-8570e.c2621
AMD Ryzen 3 1200,Summit Ridge,Ryzen 3 (Zen (Summit Ridge)),GlobalFoundries,2017-07-27,3.1 GHz,65.0,4.0,4.0,"4,800 million",14.0,213 mm²,,,213.0,io_die_size () + die_size (213 mm²),AMD,Ryzen 3,https://www.techpowerup.com/cpu-specs/ryzen-3-1200.c1899
AMD Ryzen 3 1300X,Summit Ridge,Ryzen 3 (Zen (Summit Ridge)),GlobalFoundries,2017-07-27,3.4 GHz,65.0,4.0,4.0,"4,800 million",14.0,213 mm²,,,213.0,io_die_size () + die_size (213 mm²),AMD,Ryzen 3,https://www.techpowerup.com/cpu-specs/ryzen-3-1300x.c1898
AMD Ryzen 3 2200G,Raven Ridge,Ryzen 3 (Zen (Raven Ridge)),GlobalFoundries,2018-02-12,3.5 GHz,65.0,4.0,4.0,"4,950 million",14.0,210 mm²,,,210.0,io_die_size () + die_size (210 mm²),AMD,Ryzen 3,https://www.techpowerup.com/cpu-specs/ryzen-3-2200g.c1978
AMD Ryzen 3 2200GE,Raven Ridge,Ryzen 3 (Zen (Raven Ridge)),GlobalFoundries,2018-04-19,3.2 GHz,35.0,4.0,4.0,"4,950 million",14.0,210 mm²,,,210.0,io_die_size () + die_size (210 mm²),AMD,Ryzen 3,https://www.techpowerup.com/cpu-specs/ryzen-3-2200ge.c2938
AMD Ryzen 3 2200U,Raven Ridge,Ryzen 3 (Zen (Raven Ridge)),GlobalFoundries,2018-01-08,2.5 GHz,15.0,2.0,4.0,,14.0,246 mm²,,,246.0,io_die_size () + die_size (246 mm²),AMD,Ryzen 3,https://www.techpowerup.com/cpu-specs/ryzen-3-2200u.c1983
AMD Ryzen 3 2300U,Raven Ridge,Ryzen 3 (Zen (Raven Ridge)),GlobalFoundries,2018-01-08,2000 MHz,15.0,4.0,4.0,,14.0,246 mm²,,,246.0,io_die_size () + die_size (246 mm²),AMD,Ryzen 3,https://www.techpowerup.com/cpu-specs/ryzen-3-2300u.c1977
AMD Ryzen 3 2300X,Pinnacle Ridge,Ryzen 3 (Zen+ (Pinnacle Ridge)),GlobalFoundries,2018-09-10,3.5 GHz,65.0,4.0,4.0,"4,800 million",12.0,213 mm²,,,213.0,io_die_size () + die_size (213 mm²),AMD,Ryzen 3,https://www.techpowerup.com/cpu-specs/ryzen-3-2300x.c2080
AMD Ryzen 3 3100,Matisse,Ryzen 3 (Zen 2 (Matisse)),TSMC,2020-04-24,3.6 GHz,65.0,4.0,8.0,"3,800 million",7.0,74 mm²,124 mm²,12 nm,198.0,io_die_size (124 mm²) + die_size (74 mm²),AMD,Ryzen 3,https://www.techpowerup.com/cpu-specs/ryzen-3-3100.c2298
AMD Ryzen 3 3200G,Picasso,Ryzen 3 (Zen+ (Picasso)),GlobalFoundries,2019-07-07,3.6 GHz,65.0,4.0,4.0,49 million,12.0,210 mm²,,,210.0,io_die_size () + die_size (210 mm²),AMD,Ryzen 3,https://www.techpowerup.com/cpu-specs/ryzen-3-3200g.c2205
AMD Ryzen 3 3200GE,Picasso,Ryzen 3 (Zen+ (Picasso)),GlobalFoundries,2019-07-07,3.3 GHz,35.0,4.0,4.0,49 million,12.0,210 mm²,,,210.0,io_die_size () + die_size (210 mm²),AMD,Ryzen 3,https://www.techpowerup.com/cpu-specs/ryzen-3-3200ge.c2793
AMD Ryzen 3 3200U,Raven Ridge,Ryzen 3 (Zen (Raven Ridge)),GlobalFoundries,2019-01-06,2.6 GHz,15.0,2.0,4.0,"4,940 million",14.0,210 mm²,,,210.0,io_die_size () + die_size (210 mm²),AMD,Ryzen 3,https://www.techpowerup.com/cpu-specs/ryzen-3-3200u.c2136
AMD Ryzen 3 3250U,Raven Ridge,Ryzen 3 (Zen (Raven Ridge)),GlobalFoundries,2020-01-06,2.6 GHz,15.0,2.0,4.0,"4,940 million",14.0,210 mm²,,,210.0,io_die_size () + die_size (210 mm²),AMD,Ryzen 3,https://www.techpowerup.com/cpu-specs/ryzen-3-3250u.c2287
AMD Ryzen 3 3300U,Picasso,Ryzen 3 (Zen+ (Picasso)),GlobalFoundries,2019-01-06,2.1 GHz,15.0,4.0,4.0,"4,940 million",12.0,210 mm²,,,210.0,io_die_size () + die_size (210 mm²),AMD,Ryzen 3,https://www.techpowerup.com/cpu-specs/ryzen-3-3300u.c2137
AMD Ryzen 3 3300X,Matisse,Ryzen 3 (Zen 2 (Matisse)),TSMC,2020-04-24,3.8 GHz,65.0,4.0,8.0,"3,800 million",7.0,74 mm²,124 mm²,12 nm,198.0,io_die_size (124 mm²) + die_size (74 mm²),AMD,Ryzen 3,https://www.techpowerup.com/cpu-specs/ryzen-3-3300x.c2297
AMD Ryzen 3 4100,Renoir,Ryzen 3 (Zen 2 (Renoir)),TSMC,2022-04-04,3.8 GHz,65.0,4.0,8.0,"9,800 million",7.0,156 mm²,,,156.0,io_die_size () + die_size (156 mm²),AMD,Ryzen 3,https://www.techpowerup.com/cpu-specs/ryzen-3-4100.c2757
AMD Ryzen 3 4300G,Renoir,Ryzen 3 (Zen 2 (Renoir)),TSMC,2020-07-21,3.8 GHz,65.0,4.0,8.0,"9,800 million",7.0,156 mm²,,,156.0,io_die_size () + die_size (156 mm²),AMD,Ryzen 3,https://www.techpowerup.com/cpu-specs/ryzen-3-4300g.c2320
AMD Ryzen 3 4300GE,Renoir,Ryzen 3 (Zen 2 (Renoir)),TSMC,2020-07-21,3.5 GHz,35.0,4.0,8.0,"9,800 million",7.0,156 mm²,,,156.0,io_die_size () + die_size (156 mm²),AMD,Ryzen 3,https://www.techpowerup.com/cpu-specs/ryzen-3-4300ge.c2323
AMD Ryzen 3 4300U,Renoir,Ryzen 3 (Zen 2 (Renoir)),TSMC,2020-01-06,2.7 GHz,25.0,4.0,4.0,"9,800 million",7.0,156 mm²,,,156.0,io_die_size () + die_size (156 mm²),AMD,Ryzen 3,https://www.techpowerup.com/cpu-specs/ryzen-3-4300u.c2286
AMD Ryzen 3 5125C,Cezanne-U,Ryzen 3 (Zen 3 (Cezanne)),TSMC,2022-05-05,3 GHz,15.0,2.0,4.0,"10,700 million",7.0,180 mm²,,,180.0,io_die_size () + die_size (180 mm²),AMD,Ryzen 3,https://www.techpowerup.com/cpu-specs/ryzen-3-5125c.c2785
AMD Ryzen 3 5300G,Cezanne,Ryzen 3 (Zen 3 (Cezanne)),TSMC,2021-04-13,4 GHz,65.0,4.0,8.0,"10,700 million",7.0,180 mm²,,,180.0,io_die_size () + die_size (180 mm²),AMD,Ryzen 3,https://www.techpowerup.com/cpu-specs/ryzen-3-5300g.c2473
AMD Ryzen 3 5300U,Lucienne,Ryzen 3 (Zen 2 (Lucienne)),TSMC,2021-01-12,2.6 GHz,15.0,4.0,8.0,"9,800 million",7.0,156 mm²,,,156.0,io_die_size () + die_size (156 mm²),AMD,Ryzen 3,https://www.techpowerup.com/cpu-specs/ryzen-3-5300u.c2745
AMD Ryzen 3 5400U,Cezanne-U,Ryzen 3 (Zen 3 (Cezanne)),TSMC,2021-01-12,2.6 GHz,15.0,4.0,8.0,"10,700 million",7.0,180 mm²,,,180.0,io_die_size () + die_size (180 mm²),AMD,Ryzen 3,https://www.techpowerup.com/cpu-specs/ryzen-3-5400u.c2748
AMD Ryzen 3 5425C,Cezanne-U,Ryzen 3 (Zen 3 (Cezanne)),TSMC,2022-05-05,2.7 GHz,15.0,4.0,8.0,"10,700 million",7.0,180 mm²,,,180.0,io_die_size () + die_size (180 mm²),AMD,Ryzen 3,https://www.techpowerup.com/cpu-specs/ryzen-3-5425c.c2784
AMD Ryzen 3 5425U,Barcelo,Ryzen 3 (Zen 3 (Cezanne)),TSMC,2022-01-06,2.7 GHz,15.0,4.0,8.0,"10,700 million",7.0,180 mm²,,,180.0,io_die_size () + die_size (180 mm²),AMD,Ryzen 3,https://www.techpowerup.com/cpu-specs/ryzen-3-5425u.c2519
AMD Ryzen 3 7320U,Mendocino,Ryzen 3 (Zen 2 (Mendocino)),TSMC,2022-09-20,2.4 GHz,15.0,4.0,8.0,,6.0,100 mm²,,,100.0,io_die_size () + die_size (100 mm²),AMD,Ryzen 3,https://www.techpowerup.com/cpu-specs/ryzen-3-7320u.c3045
AMD Ryzen 3 7330U,Barcelo-R,Ryzen 3 (Zen 3 (Cezanne)),TSMC,2023-01-04,2.3 GHz,15.0,4.0,8.0,"10,700 million",7.0,180 mm²,,,180.0,io_die_size () + die_size (180 mm²),AMD,Ryzen 3,https://www.techpowerup.com/cpu-specs/ryzen-3-7330u.c3035
AMD Ryzen 3 7335U,Rembrandt-R,Ryzen 3 (Zen 3+ (Rembrandt)),TSMC,2023-01-04,3 GHz,28.0,4.0,8.0,,6.0,208 mm²,,,208.0,io_die_size () + die_size (208 mm²),AMD,Ryzen 3,https://www.techpowerup.com/cpu-specs/ryzen-3-7335u.c3038
AMD Ryzen 3 PRO 1200,Summit Ridge,Ryzen 3 (Zen (Summit Ridge)),GlobalFoundries,2017-06-29,3.1 GHz,65.0,4.0,4.0,"4,800 million",14.0,213 mm²,,,213.0,io_die_size () + die_size (213 mm²),AMD,Ryzen 3 PRO,https://www.techpowerup.com/cpu-specs/ryzen-3-pro-1200.c1919
AMD Ryzen 3 PRO 1300,Summit Ridge,Ryzen 3 (Zen (Summit Ridge)),GlobalFoundries,2017-06-29,3.5 GHz,65.0,4.0,4.0,"4,800 million",14.0,213 mm²,,,213.0,io_die_size () + die_size (213 mm²),AMD,Ryzen 3 PRO,https://www.techpowerup.com/cpu-specs/ryzen-3-pro-1300.c1918
AMD Ryzen 3 PRO 2200GE,Raven Ridge,Ryzen 3 (Zen (Raven Ridge)),GlobalFoundries,2018-05-10,3.2 GHz,35.0,4.0,4.0,"4,950 million",14.0,210 mm²,,,210.0,io_die_size () + die_size (210 mm²),AMD,Ryzen 3 PRO,https://www.techpowerup.com/cpu-specs/ryzen-3-pro-2200ge.c2937
AMD Ryzen 3 PRO 2300U,Raven Ridge,Ryzen 3 (Zen (Raven Ridge)),GlobalFoundries,2019-01-08,2000 MHz,15.0,4.0,4.0,,14.0,246 mm²,,,246.0,io_die_size () + die_size (246 mm²),AMD,Ryzen 3 PRO,https://www.techpowerup.com/cpu-specs/ryzen-3-pro-2300u.c2002
AMD Ryzen 3 PRO 3200GE,Picasso,Ryzen 3 (Zen+ (Picasso)),GlobalFoundries,2019-09-30,3.3 GHz,35.0,4.0,4.0,49 million,12.0,210 mm²,,,210.0,io_die_size () + die_size (210 mm²),AMD,Ryzen 3 PRO,https://www.techpowerup.com/cpu-specs/ryzen-3-pro-3200ge.c2939
AMD Ryzen 3 PRO 3300U,Picasso,Ryzen 3 (Zen+ (Picasso)),GlobalFoundries,2019-04-08,2.1 GHz,15.0,4.0,4.0,"4,940 million",12.0,210 mm²,,,210.0,io_die_size () + die_size (210 mm²),AMD,Ryzen 3 PRO,https://www.techpowerup.com/cpu-specs/ryzen-3-pro-3300u.c2175
AMD Ryzen 3 PRO 4350G,Renoir,Ryzen 3 (Zen 2 (Renoir)),TSMC,2020-07-21,3.8 GHz,65.0,4.0,8.0,"9,800 million",7.0,156 mm²,,,156.0,io_die_size () + die_size (156 mm²),AMD,Ryzen 3 PRO,https://www.techpowerup.com/cpu-specs/ryzen-3-pro-4350g.c2326
AMD Ryzen 3 PRO 4350GE,Renoir,Ryzen 3 (Zen 2 (Renoir)),TSMC,2020-07-21,3.5 GHz,35.0,4.0,8.0,"9,800 million",7.0,156 mm²,,,156.0,io_die_size () + die_size (156 mm²),AMD,Ryzen 3 PRO,https://www.techpowerup.com/cpu-specs/ryzen-3-pro-4350ge.c2329
AMD Ryzen 3 PRO 4450U,Renoir,Ryzen 3 (Zen 2 (Renoir)),TSMC,2020-05-07,2.4 GHz,15.0,4.0,8.0,"9,800 million",7.0,156 mm²,,,156.0,io_die_size () + die_size (156 mm²),AMD,Ryzen 3 PRO,https://www.techpowerup.com/cpu-specs/ryzen-3-pro-4450u.c2503
AMD Ryzen 3 PRO 5350G,Cezanne,Ryzen 3 (Zen 3 (Cezanne)),TSMC,2021-06-01,4 GHz,65.0,4.0,8.0,"10,700 million",7.0,180 mm²,,,180.0,io_die_size () + die_size (180 mm²),AMD,Ryzen 3 PRO,https://www.techpowerup.com/cpu-specs/ryzen-3-pro-5350g.c2705
AMD Ryzen 3 PRO 5350GE,Cezanne,Ryzen 3 (Zen 3 (Cezanne)),TSMC,2021-06-01,3.6 GHz,35.0,4.0,8.0,"10,700 million",7.0,180 mm²,,,180.0,io_die_size () + die_size (180 mm²),AMD,Ryzen 3 PRO,https://www.techpowerup.com/cpu-specs/ryzen-3-pro-5350ge.c2706
AMD Ryzen 3 PRO 5450U,Cezanne-U,Ryzen 3 (Zen 3 (Cezanne)),TSMC,2021-03-16,2.6 GHz,15.0,4.0,8.0,"10,700 million",7.0,180 mm²,,,180.0,io_die_size () + die_size (180 mm²),AMD,Ryzen 3 PRO,https://www.techpowerup.com/cpu-specs/ryzen-3-pro-5450u.c2772
AMD Ryzen 3 PRO 5475U,Cezanne-U,Ryzen 3 (Zen 3 (Cezanne)),TSMC,2022-04-19,2.7 GHz,15.0,4.0,8.0,"10,700 million",7.0,180 mm²,,,180.0,io_die_size () + die_size (180 mm²),AMD,Ryzen 3 PRO,https://www.techpowerup.com/cpu-specs/ryzen-3-pro-5475u.c2775
AMD Ryzen 5 1400,Summit Ridge,Ryzen 5 (Zen (Summit Ridge)),GlobalFoundries,2017-04-11,3.2 GHz,65.0,4.0,8.0,"4,800 million",14.0,213 mm²,,,213.0,io_die_size () + die_size (213 mm²),AMD,Ryzen 5,https://www.techpowerup.com/cpu-specs/ryzen-5-1400.c1896
AMD Ryzen 5 1500X,Summit Ridge,Ryzen 5 (Zen (Summit Ridge)),GlobalFoundries,2017-04-11,3.5 GHz,65.0,4.0,8.0,"4,800 million",14.0,213 mm²,,,213.0,io_die_size () + die_size (213 mm²),AMD,Ryzen 5,https://www.techpowerup.com/cpu-specs/ryzen-5-1500x.c1895
AMD Ryzen 5 1600,Summit Ridge,Ryzen 5 (Zen (Summit Ridge)),GlobalFoundries,2017-04-11,3.2 GHz,65.0,6.0,12.0,"4,800 million",14.0,213 mm²,,,213.0,io_die_size () + die_size (213 mm²),AMD,Ryzen 5,https://www.techpowerup.com/cpu-specs/ryzen-5-1600.c1900
AMD Ryzen 5 1600AF,Pinnacle Ridge,Ryzen 5 (Zen+ (Pinnacle Ridge)),GlobalFoundries,2019-10-11,3.2 GHz,65.0,6.0,12.0,"4,800 million",12.0,192 mm²,,,192.0,io_die_size () + die_size (192 mm²),AMD,Ryzen 5,https://www.techpowerup.com/cpu-specs/ryzen-5-1600af.c2652
AMD Ryzen 5 1600X,Summit Ridge,Ryzen 5 (Zen (Summit Ridge)),GlobalFoundries,2017-04-11,3.6 GHz,95.0,6.0,12.0,"4,800 million",14.0,213 mm²,,,213.0,io_die_size () + die_size (213 mm²),AMD,Ryzen 5,https://www.techpowerup.com/cpu-specs/ryzen-5-1600x.c1894
AMD Ryzen 5 2400G,Raven Ridge,Ryzen 5 (Zen (Raven Ridge)),GlobalFoundries,2018-02-12,3.6 GHz,65.0,4.0,8.0,"4,950 million",14.0,210 mm²,,,210.0,io_die_size () + die_size (210 mm²),AMD,Ryzen 5,https://www.techpowerup.com/cpu-specs/ryzen-5-2400g.c1976
AMD Ryzen 5 2400GE,Raven Ridge,Ryzen 5 (Zen (Raven Ridge)),GlobalFoundries,2018-04-19,3.2 GHz,35.0,4.0,8.0,"4,950 million",14.0,210 mm²,,,210.0,io_die_size () + die_size (210 mm²),AMD,Ryzen 5,https://www.techpowerup.com/cpu-specs/ryzen-5-2400ge.c2936
AMD Ryzen 5 2500U,Raven Ridge,Ryzen 5 (Zen (Raven Ridge)),GlobalFoundries,2017-10-26,2000 MHz,15.0,4.0,8.0,,14.0,246 mm²,,,246.0,io_die_size () + die_size (246 mm²),AMD,Ryzen 5,https://www.techpowerup.com/cpu-specs/ryzen-5-2500u.c1971
AMD Ryzen 5 2500X,Pinnacle Ridge,Ryzen 5 (Zen+ (Pinnacle Ridge)),GlobalFoundries,2018-09-10,3.6 GHz,65.0,4.0,8.0,"4,800 million",12.0,213 mm²,,,213.0,io_die_size () + die_size (213 mm²),AMD,Ryzen 5,https://www.techpowerup.com/cpu-specs/ryzen-5-2500x.c2100
AMD Ryzen 5 2600,Pinnacle Ridge,Ryzen 5 (Zen+ (Pinnacle Ridge)),GlobalFoundries,2018-04-19,3.4 GHz,65.0,6.0,12.0,"4,800 million",12.0,213 mm²,,,213.0,io_die_size () + die_size (213 mm²),AMD,Ryzen 5,https://www.techpowerup.com/cpu-specs/ryzen-5-2600.c2015
AMD Ryzen 5 2600E,Pinnacle Ridge,Ryzen 5 (Zen+ (Pinnacle Ridge)),GlobalFoundries,2018-09-19,3.1 GHz,65.0,6.0,12.0,"4,800 million",12.0,192 mm²,,,192.0,io_die_size () + die_size (192 mm²),AMD,Ryzen 5,https://www.techpowerup.com/cpu-specs/ryzen-5-2600e.c2108
AMD Ryzen 5 2600H,Raven Ridge,Ryzen 5 (Zen (Raven Ridge)),GlobalFoundries,2018-05-30,3.3 GHz,15.0,4.0,8.0,,14.0,246 mm²,,,246.0,io_die_size () + die_size (246 mm²),AMD,Ryzen 5,https://www.techpowerup.com/cpu-specs/ryzen-5-2600h.c2077
AMD Ryzen 5 2600X,Pinnacle Ridge,Ryzen 5 (Zen+ (Pinnacle Ridge)),GlobalFoundries,2018-04-19,3.6 GHz,95.0,6.0,12.0,"4,800 million",12.0,213 mm²,,,213.0,io_die_size () + die_size (213 mm²),AMD,Ryzen 5,https://www.techpowerup.com/cpu-specs/ryzen-5-2600x.c2014
AMD Ryzen 5 3400G,Picasso,Ryzen 5 (Zen+ (Picasso)),GlobalFoundries,2019-07-07,3.7 GHz,65.0,4.0,8.0,"4,940 million",12.0,210 mm²,,,210.0,io_die_size () + die_size (210 mm²),AMD,Ryzen 5,https://www.techpowerup.com/cpu-specs/ryzen-5-3400g.c2204
AMD Ryzen 5 3400GE,Picasso,Ryzen 5 (Zen+ (Picasso)),GlobalFoundries,2019-07-07,3.3 GHz,35.0,4.0,8.0,"4,940 million",12.0,210 mm²,,,210.0,io_die_size () + die_size (210 mm²),AMD,Ryzen 5,https://www.techpowerup.com/cpu-specs/ryzen-5-3400ge.c2941
AMD Ryzen 5 3500U,Picasso,Ryzen 5 (Zen+ (Picasso)),GlobalFoundries,2019-01-06,2.1 GHz,15.0,4.0,8.0,"4,940 million",12.0,210 mm²,,,210.0,io_die_size () + die_size (210 mm²),AMD,Ryzen 5,https://www.techpowerup.com/cpu-specs/ryzen-5-3500u.c2138
AMD Ryzen 5 3500X,Matisse,Ryzen 5 (Zen 2 (Matisse)),TSMC,2019-09-24,3.6 GHz,65.0,6.0,6.0,"3,800 million",7.0,74 mm²,124 mm²,12 nm,198.0,io_die_size (124 mm²) + die_size (74 mm²),AMD,Ryzen 5,https://www.techpowerup.com/cpu-specs/ryzen-5-3500x.c2264
AMD Ryzen 5 3550H,Picasso,Ryzen 5 (Zen+ (Picasso)),GlobalFoundries,2019-01-06,2.1 GHz,35.0,4.0,8.0,"4,940 million",12.0,210 mm²,,,210.0,io_die_size () + die_size (210 mm²),AMD,Ryzen 5,https://www.techpowerup.com/cpu-specs/ryzen-5-3550h.c2139
AMD Ryzen 5 3580U,Picasso,Ryzen 5 (Zen+ (Picasso)),GlobalFoundries,2019-10-22,2.1 GHz,15.0,4.0,8.0,"4,940 million",12.0,210 mm²,,,210.0,io_die_size () + die_size (210 mm²),AMD,Ryzen 5,https://www.techpowerup.com/cpu-specs/ryzen-5-3580u.c2312
AMD Ryzen 5 3600,Matisse,Ryzen 5 (Zen 2 (Matisse)),TSMC,2019-07-07,3.6 GHz,65.0,6.0,12.0,"3,800 million",7.0,74 mm²,124 mm²,12 nm,198.0,io_die_size (124 mm²) + die_size (74 mm²),AMD,Ryzen 5,https://www.techpowerup.com/cpu-specs/ryzen-5-3600.c2132
AMD Ryzen 5 3600X,Matisse,Ryzen 5 (Zen 2 (Matisse)),TSMC,2019-07-07,3.8 GHz,95.0,6.0,12.0,"3,800 million",7.0,74 mm²,124 mm²,12 nm,198.0,io_die_size (124 mm²) + die_size (74 mm²),AMD,Ryzen 5,https://www.techpowerup.com/cpu-specs/ryzen-5-3600x.c2131
AMD Ryzen 5 3600XT,Matisse 2,Ryzen 5 (Zen 2 (Matisse)),TSMC,2019-07-07,3.8 GHz,95.0,6.0,12.0,"3,800 million",7.0,74 mm²,124 mm²,12 nm,198.0,io_die_size (124 mm²) + die_size (74 mm²),AMD,Ryzen 5,https://www.techpowerup.com/cpu-specs/ryzen-5-3600xt.c2313
AMD Ryzen 5 4500,Renoir,Ryzen 5 (Zen 2 (Renoir)),TSMC,2022-04-04,3.6 GHz,65.0,6.0,12.0,"9,800 million",7.0,156 mm²,,,156.0,io_die_size () + die_size (156 mm²),AMD,Ryzen 5,https://www.techpowerup.com/cpu-specs/ryzen-5-4500.c2758
AMD Ryzen 5 4500U,Renoir,Ryzen 5 (Zen 2 (Renoir)),TSMC,2020-01-06,2.3 GHz,25.0,6.0,6.0,"9,800 million",7.0,156 mm²,,,156.0,io_die_size () + die_size (156 mm²),AMD,Ryzen 5,https://www.techpowerup.com/cpu-specs/ryzen-5-4500u.c2285
AMD Ryzen 5 4600G,Renoir,Ryzen 5 (Zen 2 (Renoir)),TSMC,2020-07-21,3.7 GHz,65.0,6.0,12.0,"9,800 million",7.0,156 mm²,,,156.0,io_die_size () + die_size (156 mm²),AMD,Ryzen 5,https://www.techpowerup.com/cpu-specs/ryzen-5-4600g.c2319
AMD Ryzen 5 4600GE,Renoir,Ryzen 5 (Zen 2 (Renoir)),TSMC,2020-07-21,3.3 GHz,35.0,6.0,12.0,"9,800 million",7.0,156 mm²,,,156.0,io_die_size () + die_size (156 mm²),AMD,Ryzen 5,https://www.techpowerup.com/cpu-specs/ryzen-5-4600ge.c2322
AMD Ryzen 5 4600H,Renoir,Ryzen 5 (Zen 2 (Renoir)),TSMC,2020-01-06,3 GHz,54.0,6.0,12.0,"9,800 million",7.0,156 mm²,,,156.0,io_die_size () + die_size (156 mm²),AMD,Ryzen 5,https://www.techpowerup.com/cpu-specs/ryzen-5-4600h.c2283
AMD Ryzen 5 4600HS,Renoir,Ryzen 5 (Zen 2 (Renoir)),TSMC,2020-01-06,3 GHz,35.0,6.0,12.0,"9,800 million",7.0,156 mm²,,,156.0,io_die_size () + die_size (156 mm²),AMD,Ryzen 5,https://www.techpowerup.com/cpu-specs/ryzen-5-4600hs.c2295
AMD Ryzen 5 4600U,Renoir,Ryzen 5 (Zen 2 (Renoir)),TSMC,2020-01-06,2.1 GHz,25.0,6.0,12.0,"9,800 million",7.0,156 mm²,,,156.0,io_die_size () + die_size (156 mm²),AMD,Ryzen 5,https://www.techpowerup.com/cpu-specs/ryzen-5-4600u.c2284
AMD Ryzen 5 5500,Cezanne,Ryzen 5 (Zen 3 (Cezanne)),TSMC,2022-04-04,3.6 GHz,65.0,6.0,12.0,"10,700 million",7.0,180 mm²,,,180.0,io_die_size () + die_size (180 mm²),AMD,Ryzen 5,https://www.techpowerup.com/cpu-specs/ryzen-5-5500.c2756
AMD Ryzen 5 5500U,Lucienne,Ryzen 5 (Zen 2 (Lucienne)),TSMC,2021-01-12,2.1 GHz,15.0,6.0,12.0,"9,800 million",7.0,156 mm²,,,156.0,io_die_size () + die_size (156 mm²),AMD,Ryzen 5,https://www.techpowerup.com/cpu-specs/ryzen-5-5500u.c2372
AMD Ryzen 5 5600,Vermeer,Ryzen 5 (Zen 3 (Vermeer)),TSMC,2022-04-20,3.5 GHz,65.0,6.0,12.0,"4,150 million",7.0,81 mm²,124 mm²,12 nm,205.0,io_die_size (124 mm²) + die_size (81 mm²),AMD,Ryzen 5,https://www.techpowerup.com/cpu-specs/ryzen-5-5600.c2743
AMD Ryzen 5 5600G,Cezanne,Ryzen 5 (Zen 3 (Cezanne)),TSMC,2021-04-13,3.9 GHz,65.0,6.0,12.0,"10,700 million",7.0,180 mm²,,,180.0,io_die_size () + die_size (180 mm²),AMD,Ryzen 5,https://www.techpowerup.com/cpu-specs/ryzen-5-5600g.c2471
AMD Ryzen 5 5600U,Cezanne-U,Ryzen 5 (Zen 3 (Cezanne)),TSMC,2021-01-12,2.3 GHz,15.0,6.0,12.0,"10,700 million",7.0,180 mm²,,,180.0,io_die_size () + die_size (180 mm²),AMD,Ryzen 5,https://www.techpowerup.com/cpu-specs/ryzen-5-5600u.c2747
AMD Ryzen 5 5600X,Vermeer,Ryzen 5 (Zen 3 (Vermeer)),TSMC,2020-11-05,3.7 GHz,65.0,6.0,12.0,"4,150 million",7.0,81 mm²,124 mm²,12 nm,205.0,io_die_size (124 mm²) + die_size (81 mm²),AMD,Ryzen 5,https://www.techpowerup.com/cpu-specs/ryzen-5-5600x.c2365
AMD Ryzen 5 5625C,Cezanne-U,Ryzen 5 (Zen 3 (Cezanne)),TSMC,2022-05-05,2.3 GHz,15.0,6.0,12.0,"10,700 million",7.0,180 mm²,,,180.0,io_die_size () + die_size (180 mm²),AMD,Ryzen 5,https://www.techpowerup.com/cpu-specs/ryzen-5-5625c.c2783
AMD Ryzen 5 5625U,Barcelo,Ryzen 5 (Zen 3 (Cezanne)),TSMC,2022-01-06,2.3 GHz,15.0,6.0,12.0,"10,700 million",7.0,180 mm²,,,180.0,io_die_size () + die_size (180 mm²),AMD,Ryzen 5,https://www.techpowerup.com/cpu-specs/ryzen-5-5625u.c2520
AMD Ryzen 5 6600H,Rembrandt,Ryzen 5 (Zen 3+ (Rembrandt)),TSMC,2022-01-01,3.3 GHz,45.0,6.0,12.0,,6.0,208 mm²,,,208.0,io_die_size () + die_size (208 mm²),AMD,Ryzen 5,https://www.techpowerup.com/cpu-specs/ryzen-5-6600h.c2525
AMD Ryzen 5 6600HS,Rembrandt,Ryzen 5 (Zen 3+ (Rembrandt)),TSMC,2022-01-01,3.3 GHz,35.0,6.0,12.0,,6.0,208 mm²,,,208.0,io_die_size () + die_size (208 mm²),AMD,Ryzen 5,https://www.techpowerup.com/cpu-specs/ryzen-5-6600hs.c2524
AMD Ryzen 5 6600U,Rembrandt,Ryzen 5 (Zen 3+ (Rembrandt)),TSMC,2022-01-01,2.9 GHz,15.0,6.0,12.0,,6.0,208 mm²,,,208.0,io_die_size () + die_size (208 mm²),AMD,Ryzen 5,https://www.techpowerup.com/cpu-specs/ryzen-5-6600u.c2522
AMD Ryzen 5 7520U,Mendocino,Ryzen 5 (Zen 2 (Mendocino)),TSMC,2022-09-20,2.8 GHz,15.0,4.0,8.0,,6.0,100 mm²,,,100.0,io_die_size () + die_size (100 mm²),AMD,Ryzen 5,https://www.techpowerup.com/cpu-specs/ryzen-5-7520u.c3046
AMD Ryzen 5 7530U,Barcelo-R,Ryzen 5 (Zen 3 (Cezanne)),TSMC,2023-01-04,2000 MHz,15.0,6.0,12.0,"10,700 million",7.0,180 mm²,,,180.0,io_die_size () + die_size (180 mm²),AMD,Ryzen 5,https://www.techpowerup.com/cpu-specs/ryzen-5-7530u.c3036
AMD Ryzen 5 7535H,Rembrandt-R,Ryzen 5 (Zen 3+ (Rembrandt)),TSMC,2023-01-04,3.3 GHz,35.0,6.0,12.0,,6.0,208 mm²,,,208.0,io_die_size () + die_size (208 mm²),AMD,Ryzen 5,https://www.techpowerup.com/cpu-specs/ryzen-5-7535h.c3188
AMD Ryzen 5 7535HS,Rembrandt-R,Ryzen 5 (Zen 3+ (Rembrandt)),TSMC,2023-01-04,3.3 GHz,35.0,6.0,12.0,,6.0,208 mm²,,,208.0,io_die_size () + die_size (208 mm²),AMD,Ryzen 5,https://www.techpowerup.com/cpu-specs/ryzen-5-7535hs.c3042
AMD Ryzen 5 7535U,Rembrandt-R,Ryzen 5 (Zen 3+ (Rembrandt)),TSMC,2023-01-04,2.9 GHz,28.0,6.0,12.0,,6.0,208 mm²,,,208.0,io_die_size () + die_size (208 mm²),AMD,Ryzen 5,https://www.techpowerup.com/cpu-specs/ryzen-5-7535u.c3039
AMD Ryzen 5 7600,Raphael,Ryzen 5 (Zen 4 (Raphael)),TSMC,2023-01-14,3.8 GHz,65.0,6.0,12.0,"6,570 million",5.0,71 mm²,122 mm²,6 nm,193.0,io_die_size (122 mm²) + die_size (71 mm²),AMD,Ryzen 5,https://www.techpowerup.com/cpu-specs/ryzen-5-7600.c2959
AMD Ryzen 5 7600X,Raphael,Ryzen 5 (Zen 4 (Raphael)),TSMC,2022-09-27,4.7 GHz,105.0,6.0,12.0,"6,570 million",5.0,71 mm²,122 mm²,6 nm,193.0,io_die_size (122 mm²) + die_size (71 mm²),AMD,Ryzen 5,https://www.techpowerup.com/cpu-specs/ryzen-5-7600x.c2849
AMD Ryzen 5 7640HS,Phoenix,Ryzen 5 (Zen 4 (Phoenix)),TSMC,2023-01-01,4.3 GHz,35.0,6.0,12.0,"25,000 million",4.0,178 mm²,,,178.0,io_die_size () + die_size (178 mm²),AMD,Ryzen 5,https://www.techpowerup.com/cpu-specs/ryzen-5-7640hs.c3034
AMD Ryzen 5 7640U,Phoenix,Ryzen 5 (Zen 4 (Phoenix)),TSMC,2023-01-01,3.5 GHz,15.0,6.0,12.0,"25,000 million",4.0,178 mm²,,,178.0,io_die_size () + die_size (178 mm²),AMD,Ryzen 5,https://www.techpowerup.com/cpu-specs/ryzen-5-7640u.c3205
AMD Ryzen 5 7645HX,Dragon Range,Ryzen 5 (Zen 4 (Dragon Range)),TSMC,2023-01-04,4 GHz,45.0,6.0,12.0,"6,570 million",5.0,71 mm²,122 mm²,6 nm,193.0,io_die_size (122 mm²) + die_size (71 mm²),AMD,Ryzen 5,https://www.techpowerup.com/cpu-specs/ryzen-5-7645hx.c3021
AMD Ryzen 5 PRO 1500,Summit Ridge,Ryzen 5 (Zen (Summit Ridge)),GlobalFoundries,2017-06-29,3.5 GHz,65.0,4.0,8.0,"4,800 million",14.0,192 mm²,,,192.0,io_die_size () + die_size (192 mm²),AMD,Ryzen 5 PRO,https://www.techpowerup.com/cpu-specs/ryzen-5-pro-1500.c1917
AMD Ryzen 5 PRO 1600,Summit Ridge,Ryzen 5 (Zen (Summit Ridge)),GlobalFoundries,2017-06-29,3.2 GHz,65.0,6.0,12.0,"4,800 million",14.0,192 mm²,,,192.0,io_die_size () + die_size (192 mm²),AMD,Ryzen 5 PRO,https://www.techpowerup.com/cpu-specs/ryzen-5-pro-1600.c1916
AMD Ryzen 5 PRO 2400G,Raven Ridge,Ryzen 5 (Zen (Raven Ridge)),GlobalFoundries,2018-05-10,3.6 GHz,65.0,4.0,8.0,"4,950 million",14.0,210 mm²,,,210.0,io_die_size () + die_size (210 mm²),AMD,Ryzen 5 PRO,https://www.techpowerup.com/cpu-specs/ryzen-5-pro-2400g.c2075
AMD Ryzen 5 PRO 2400GE,Raven Ridge,Ryzen 5 (Zen (Raven Ridge)),GlobalFoundries,2018-05-10,3.2 GHz,35.0,4.0,8.0,"4,950 million",14.0,210 mm²,,,210.0,io_die_size () + die_size (210 mm²),AMD,Ryzen 5 PRO,https://www.techpowerup.com/cpu-specs/ryzen-5-pro-2400ge.c2935
AMD Ryzen 5 PRO 2500U,Raven Ridge,Ryzen 5 (Zen (Raven Ridge)),GlobalFoundries,2019-01-08,2000 MHz,15.0,4.0,8.0,,14.0,246 mm²,,,246.0,io_die_size () + die_size (246 mm²),AMD,Ryzen 5 PRO,https://www.techpowerup.com/cpu-specs/ryzen-5-pro-2500u.c2001
AMD Ryzen 5 PRO 2600,Pinnacle Ridge,Ryzen 5 (Zen+ (Pinnacle Ridge)),GlobalFoundries,2018-09-19,3.4 GHz,65.0,6.0,12.0,"4,800 million",12.0,192 mm²,,,192.0,io_die_size () + die_size (192 mm²),AMD,Ryzen 5 PRO,https://www.techpowerup.com/cpu-specs/ryzen-5-pro-2600.c2106
AMD Ryzen 5 PRO 3400GE,Picasso,Ryzen 5 (Zen+ (Picasso)),GlobalFoundries,2019-09-30,3.3 GHz,35.0,4.0,8.0,"4,940 million",12.0,210 mm²,,,210.0,io_die_size () + die_size (210 mm²),AMD,Ryzen 5 PRO,https://www.techpowerup.com/cpu-specs/ryzen-5-pro-3400ge.c2940
AMD Ryzen 5 PRO 3500U,Picasso,Ryzen 5 (Zen+ (Picasso)),GlobalFoundries,2019-04-08,2.1 GHz,15.0,4.0,8.0,"4,940 million",12.0,210 mm²,,,210.0,io_die_size () + die_size (210 mm²),AMD,Ryzen 5 PRO,https://www.techpowerup.com/cpu-specs/ryzen-5-pro-3500u.c2174
AMD Ryzen 5 PRO 4650G,Renoir,Ryzen 5 (Zen 2 (Renoir)),TSMC,2020-07-21,3.7 GHz,65.0,6.0,12.0,"9,800 million",7.0,156 mm²,,,156.0,io_die_size () + die_size (156 mm²),AMD,Ryzen 5 PRO,https://www.techpowerup.com/cpu-specs/ryzen-5-pro-4650g.c2325
AMD Ryzen 5 PRO 4650GE,Renoir,Ryzen 5 (Zen 2 (Renoir)),TSMC,2020-07-21,3.3 GHz,35.0,6.0,12.0,"9,800 million",7.0,156 mm²,,,156.0,io_die_size () + die_size (156 mm²),AMD,Ryzen 5 PRO,https://www.techpowerup.com/cpu-specs/ryzen-5-pro-4650ge.c2328
AMD Ryzen 5 PRO 4650U,Renoir,Ryzen 5 (Zen 2 (Renoir)),TSMC,2020-05-07,2.1 GHz,15.0,6.0,12.0,"9,800 million",7.0,156 mm²,,,156.0,io_die_size () + die_size (156 mm²),AMD,Ryzen 5 PRO,https://www.techpowerup.com/cpu-specs/ryzen-5-pro-4650u.c2504
AMD Ryzen 5 PRO 5650G,Cezanne,Ryzen 5 (Zen 3 (Cezanne)),TSMC,2021-06-01,3.9 GHz,65.0,6.0,12.0,"10,700 million",7.0,180 mm²,,,180.0,io_die_size () + die_size (180 mm²),AMD,Ryzen 5 PRO,https://www.techpowerup.com/cpu-specs/ryzen-5-pro-5650g.c2703
AMD Ryzen 5 PRO 5650GE,Cezanne,Ryzen 5 (Zen 3 (Cezanne)),TSMC,2021-06-01,3.4 GHz,35.0,6.0,12.0,"10,700 million",7.0,180 mm²,,,180.0,io_die_size () + die_size (180 mm²),AMD,Ryzen 5 PRO,https://www.techpowerup.com/cpu-specs/ryzen-5-pro-5650ge.c2704
AMD Ryzen 5 PRO 5650U,Cezanne-U,Ryzen 5 (Zen 3 (Cezanne)),TSMC,2021-03-16,2.3 GHz,15.0,6.0,12.0,"10,700 million",7.0,180 mm²,,,180.0,io_die_size () + die_size (180 mm²),AMD,Ryzen 5 PRO,https://www.techpowerup.com/cpu-specs/ryzen-5-pro-5650u.c2773
AMD Ryzen 5 PRO 5675U,Cezanne-U,Ryzen 5 (Zen 3 (Cezanne)),TSMC,2022-04-19,2.3 GHz,15.0,6.0,12.0,"10,700 million",7.0,180 mm²,,,180.0,io_die_size () + die_size (180 mm²),AMD,Ryzen 5 PRO,https://www.techpowerup.com/cpu-specs/ryzen-5-pro-5675u.c2776
AMD Ryzen 5 PRO 6650H,Rembrandt,Ryzen 5 (Zen 3+ (Rembrandt)),TSMC,2022-04-19,3.3 GHz,45.0,6.0,12.0,,6.0,208 mm²,,,208.0,io_die_size () + die_size (208 mm²),AMD,Ryzen 5 PRO,https://www.techpowerup.com/cpu-specs/ryzen-5-pro-6650h.c2769
AMD Ryzen 5 PRO 6650HS,Rembrandt,Ryzen 5 (Zen 3+ (Rembrandt)),TSMC,2022-04-19,3.3 GHz,35.0,6.0,12.0,,6.0,208 mm²,,,208.0,io_die_size () + die_size (208 mm²),AMD,Ryzen 5 PRO,https://www.techpowerup.com/cpu-specs/ryzen-5-pro-6650hs.c2770
AMD Ryzen 5 PRO 6650U,Rembrandt,Ryzen 5 (Zen 3+ (Rembrandt)),TSMC,2022-04-19,2.9 GHz,15.0,6.0,12.0,,6.0,208 mm²,,,208.0,io_die_size () + die_size (208 mm²),AMD,Ryzen 5 PRO,https://www.techpowerup.com/cpu-specs/ryzen-5-pro-6650u.c2771
AMD Ryzen 7 1700,Summit Ridge,Ryzen 7 (Zen (Summit Ridge)),GlobalFoundries,2017-03-02,3 GHz,65.0,8.0,16.0,"4,800 million",14.0,213 mm²,,,213.0,io_die_size () + die_size (213 mm²),AMD,Ryzen 7,https://www.techpowerup.com/cpu-specs/ryzen-7-1700.c1893
AMD Ryzen 7 1700X,Summit Ridge,Ryzen 7 (Zen (Summit Ridge)),GlobalFoundries,2017-03-02,3.4 GHz,95.0,8.0,16.0,"4,800 million",14.0,213 mm²,,,213.0,io_die_size () + die_size (213 mm²),AMD,Ryzen 7,https://www.techpowerup.com/cpu-specs/ryzen-7-1700x.c1892
AMD Ryzen 7 1800X,Summit Ridge,Ryzen 7 (Zen (Summit Ridge)),GlobalFoundries,2017-03-02,3.6 GHz,95.0,8.0,16.0,"4,800 million",14.0,213 mm²,,,213.0,io_die_size () + die_size (213 mm²),AMD,Ryzen 7,https://www.techpowerup.com/cpu-specs/ryzen-7-1800x.c1879
AMD Ryzen 7 2700,Pinnacle Ridge,Ryzen 7 (Zen+ (Pinnacle Ridge)),GlobalFoundries,2018-04-19,3.2 GHz,65.0,8.0,16.0,"4,800 million",12.0,213 mm²,,,213.0,io_die_size () + die_size (213 mm²),AMD,Ryzen 7,https://www.techpowerup.com/cpu-specs/ryzen-7-2700.c2013
AMD Ryzen 7 2700E,Pinnacle Ridge,Ryzen 7 (Zen+ (Pinnacle Ridge)),GlobalFoundries,2018-09-19,2.8 GHz,65.0,8.0,16.0,"4,800 million",12.0,192 mm²,,,192.0,io_die_size () + die_size (192 mm²),AMD,Ryzen 7,https://www.techpowerup.com/cpu-specs/ryzen-7-2700e.c2107
AMD Ryzen 7 2700U,Raven Ridge,Ryzen 7 (Zen (Raven Ridge)),GlobalFoundries,2017-10-26,2.2 GHz,15.0,4.0,8.0,,14.0,246 mm²,,,246.0,io_die_size () + die_size (246 mm²),AMD,Ryzen 7,https://www.techpowerup.com/cpu-specs/ryzen-7-2700u.c1970
AMD Ryzen 7 2700X,Pinnacle Ridge,Ryzen 7 (Zen+ (Pinnacle Ridge)),GlobalFoundries,2018-04-19,3.7 GHz,105.0,8.0,16.0,"4,800 million",12.0,213 mm²,,,213.0,io_die_size () + die_size (213 mm²),AMD,Ryzen 7,https://www.techpowerup.com/cpu-specs/ryzen-7-2700x.c2011
AMD Ryzen 7 2700X 50th Anniversary,Pinnacle Ridge,Ryzen 7 (Zen+ (Pinnacle Ridge)),GlobalFoundries,2019-04-29,3.7 GHz,105.0,8.0,16.0,"4,800 million",12.0,213 mm²,,,213.0,io_die_size () + die_size (213 mm²),AMD,Ryzen 7,https://www.techpowerup.com/cpu-specs/ryzen-7-2700x-50th-anniversary.c2190
AMD Ryzen 7 2800H,Raven Ridge,Ryzen 7 (Zen (Raven Ridge)),GlobalFoundries,2018-05-30,3.4 GHz,15.0,4.0,8.0,,14.0,246 mm²,,,246.0,io_die_size () + die_size (246 mm²),AMD,Ryzen 7,https://www.techpowerup.com/cpu-specs/ryzen-7-2800h.c2076
AMD Ryzen 7 3700U,Picasso,Ryzen 7 (Zen+ (Picasso)),GlobalFoundries,2019-01-06,2.3 GHz,15.0,4.0,8.0,"4,940 million",12.0,210 mm²,,,210.0,io_die_size () + die_size (210 mm²),AMD,Ryzen 7,https://www.techpowerup.com/cpu-specs/ryzen-7-3700u.c2140
AMD Ryzen 7 3700X,Matisse,Ryzen 7 (Zen 2 (Matisse)),TSMC,2019-07-07,3.6 GHz,65.0,8.0,16.0,"3,800 million",7.0,74 mm²,124 mm²,12 nm,198.0,io_die_size (124 mm²) + die_size (74 mm²),AMD,Ryzen 7,https://www.techpowerup.com/cpu-specs/ryzen-7-3700x.c2130
AMD Ryzen 7 3750H,Picasso,Ryzen 7 (Zen+ (Picasso)),GlobalFoundries,2019-01-06,2.3 GHz,35.0,4.0,8.0,"4,940 million",12.0,210 mm²,,,210.0,io_die_size () + die_size (210 mm²),AMD,Ryzen 7,https://www.techpowerup.com/cpu-specs/ryzen-7-3750h.c2141
AMD Ryzen 7 3780U,Picasso,Ryzen 7 (Zen+ (Picasso)),GlobalFoundries,2019-10-22,2.3 GHz,15.0,4.0,8.0,"4,940 million",12.0,210 mm²,,,210.0,io_die_size () + die_size (210 mm²),AMD,Ryzen 7,https://www.techpowerup.com/cpu-specs/ryzen-7-3780u.c2311
AMD Ryzen 7 3800X,Matisse,Ryzen 7 (Zen 2 (Matisse)),TSMC,2019-07-07,3.9 GHz,105.0,8.0,16.0,"3,800 million",7.0,74 mm²,124 mm²,12 nm,198.0,io_die_size (124 mm²) + die_size (74 mm²),AMD,Ryzen 7,https://www.techpowerup.com/cpu-specs/ryzen-7-3800x.c2129
AMD Ryzen 7 3800XT,Matisse 2,Ryzen 7 (Zen 2 (Matisse)),TSMC,2020-07-07,3.8 GHz,105.0,8.0,16.0,"3,800 million",7.0,74 mm²,124 mm²,12 nm,198.0,io_die_size (124 mm²) + die_size (74 mm²),AMD,Ryzen 7,https://www.techpowerup.com/cpu-specs/ryzen-7-3800xt.c2309
AMD Ryzen 7 4700G,Renoir,Ryzen 7 (Zen 2 (Renoir)),TSMC,2020-07-21,3.6 GHz,65.0,8.0,16.0,"9,800 million",7.0,156 mm²,,,156.0,io_die_size () + die_size (156 mm²),AMD,Ryzen 7,https://www.techpowerup.com/cpu-specs/ryzen-7-4700g.c2318
AMD Ryzen 7 4700GE,Renoir,Ryzen 7 (Zen 2 (Renoir)),TSMC,2020-07-21,3.1 GHz,35.0,8.0,16.0,"9,800 million",7.0,156 mm²,,,156.0,io_die_size () + die_size (156 mm²),AMD,Ryzen 7,https://www.techpowerup.com/cpu-specs/ryzen-7-4700ge.c2321
AMD Ryzen 7 4700U,Renoir,Ryzen 7 (Zen 2 (Renoir)),TSMC,2020-01-06,1800 MHz,25.0,8.0,8.0,"9,800 million",7.0,156 mm²,,,156.0,io_die_size () + die_size (156 mm²),AMD,Ryzen 7,https://www.techpowerup.com/cpu-specs/ryzen-7-4700u.c2282
AMD Ryzen 7 4750U,Renoir,Ryzen 7 (Zen 2 (Renoir)),TSMC,2020-05-07,1700 MHz,15.0,8.0,16.0,"9,800 million",7.0,156 mm²,,,156.0,io_die_size () + die_size (156 mm²),AMD,Ryzen 7,https://www.techpowerup.com/cpu-specs/ryzen-7-4750u.c2502
AMD Ryzen 7 4800H,Renoir,Ryzen 7 (Zen 2 (Renoir)),TSMC,2020-01-06,2.9 GHz,54.0,8.0,16.0,"9,800 million",7.0,156 mm²,,,156.0,io_die_size () + die_size (156 mm²),AMD,Ryzen 7,https://www.techpowerup.com/cpu-specs/ryzen-7-4800h.c2280
AMD Ryzen 7 4800HS,Renoir,Ryzen 7 (Zen 2 (Renoir)),TSMC,2020-01-06,2.9 GHz,35.0,8.0,16.0,"9,800 million",7.0,156 mm²,,,156.0,io_die_size () + die_size (156 mm²),AMD,Ryzen 7,https://www.techpowerup.com/cpu-specs/ryzen-7-4800hs.c2296
AMD Ryzen 7 4800U,Renoir,Ryzen 7 (Zen 2 (Renoir)),TSMC,2020-01-06,1800 MHz,25.0,8.0,16.0,"9,800 million",7.0,156 mm²,,,156.0,io_die_size () + die_size (156 mm²),AMD,Ryzen 7,https://www.techpowerup.com/cpu-specs/ryzen-7-4800u.c2281
AMD Ryzen 7 5700G,Cezanne,Ryzen 7 (Zen 3 (Cezanne)),TSMC,2021-04-13,3.8 GHz,65.0,8.0,16.0,"10,700 million",7.0,180 mm²,,,180.0,io_die_size () + die_size (180 mm²),AMD,Ryzen 7,https://www.techpowerup.com/cpu-specs/ryzen-7-5700g.c2472
AMD Ryzen 7 5700U,Lucienne,Ryzen 7 (Zen 2 (Lucienne)),TSMC,2021-01-12,1800 MHz,15.0,8.0,16.0,"9,800 million",7.0,156 mm²,,,156.0,io_die_size () + die_size (156 mm²),AMD,Ryzen 7,https://www.techpowerup.com/cpu-specs/ryzen-7-5700u.c2744
AMD Ryzen 7 5700X,Vermeer,Ryzen 7 (Zen 3 (Vermeer)),TSMC,2022-04-04,3.4 GHz,65.0,8.0,16.0,"4,150 million",7.0,81 mm²,124 mm²,12 nm,205.0,io_die_size (124 mm²) + die_size (81 mm²),AMD,Ryzen 7,https://www.techpowerup.com/cpu-specs/ryzen-7-5700x.c2755
AMD Ryzen 7 5800,Vermeer,Ryzen 7 (Zen 3 (Vermeer)),TSMC,2021-01-12,3.4 GHz,65.0,8.0,16.0,"4,150 million",7.0,81 mm²,124 mm²,12 nm,205.0,io_die_size (124 mm²) + die_size (81 mm²),AMD,Ryzen 7,https://www.techpowerup.com/cpu-specs/ryzen-7-5800.c2678
AMD Ryzen 7 5800H,Cezanne,Ryzen 7 (Zen 3 (Cezanne)),TSMC,2021-01-12,3.2 GHz,45.0,8.0,16.0,"10,700 million",7.0,180 mm²,,,180.0,io_die_size () + die_size (180 mm²),AMD,Ryzen 7,https://www.techpowerup.com/cpu-specs/ryzen-7-5800h.c2368
AMD Ryzen 7 5800HS,Cezanne,Ryzen 7 (Zen 3 (Cezanne)),TSMC,2021-01-12,2.8 GHz,35.0,8.0,16.0,"10,700 million",7.0,180 mm²,,,180.0,io_die_size () + die_size (180 mm²),AMD,Ryzen 7,https://www.techpowerup.com/cpu-specs/ryzen-7-5800hs.c2369
AMD Ryzen 7 5800U,Cezanne-U,Ryzen 7 (Zen 3 (Cezanne)),TSMC,2021-01-12,1900 MHz,15.0,8.0,16.0,"10,700 million",7.0,180 mm²,,,180.0,io_die_size () + die_size (180 mm²),AMD,Ryzen 7,https://www.techpowerup.com/cpu-specs/ryzen-7-5800u.c2746
AMD Ryzen 7 5800X,Vermeer,Ryzen 7 (Zen 3 (Vermeer)),TSMC,2020-11-05,3.8 GHz,105.0,8.0,16.0,"4,150 million",7.0,81 mm²,124 mm²,12 nm,205.0,io_die_size (124 mm²) + die_size (81 mm²),AMD,Ryzen 7,https://www.techpowerup.com/cpu-specs/ryzen-7-5800x.c2362
AMD Ryzen 7 5800X3D,Vermeer,Ryzen 7 (Zen 3 (Vermeer)),TSMC,2022-04-20,3.4 GHz,105.0,8.0,16.0,,7.0,74 mm²,125 mm²,12 nm,199.0,io_die_size (125 mm²) + die_size (74 mm²),AMD,Ryzen 7,https://www.techpowerup.com/cpu-specs/ryzen-7-5800x3d.c2532
AMD Ryzen 7 5825C,Cezanne-U,Ryzen 7 (Zen 3 (Cezanne)),TSMC,2022-05-05,2000 MHz,15.0,8.0,16.0,"10,700 million",7.0,180 mm²,,,180.0,io_die_size () + die_size (180 mm²),AMD,Ryzen 7,https://www.techpowerup.com/cpu-specs/ryzen-7-5825c.c2782
AMD Ryzen 7 5825U,Barcelo,Ryzen 7 (Zen 3 (Cezanne)),TSMC,2022-01-06,2000 MHz,15.0,8.0,16.0,"10,700 million",7.0,180 mm²,,,180.0,io_die_size () + die_size (180 mm²),AMD,Ryzen 7,https://www.techpowerup.com/cpu-specs/ryzen-7-5825u.c2521
AMD Ryzen 7 6800H,Rembrandt,Ryzen 7 (Zen 3+ (Rembrandt)),TSMC,2022-01-01,3.2 GHz,45.0,8.0,16.0,,6.0,208 mm²,,,208.0,io_die_size () + die_size (208 mm²),AMD,Ryzen 7,https://www.techpowerup.com/cpu-specs/ryzen-7-6800h.c2527
AMD Ryzen 7 6800HS,Rembrandt,Ryzen 7 (Zen 3+ (Rembrandt)),TSMC,2022-01-01,3.2 GHz,35.0,8.0,16.0,,6.0,208 mm²,,,208.0,io_die_size () + die_size (208 mm²),AMD,Ryzen 7,https://www.techpowerup.com/cpu-specs/ryzen-7-6800hs.c2526
AMD Ryzen 7 6800U,Rembrandt,Ryzen 7 (Zen 3+ (Rembrandt)),TSMC,2022-01-01,2.7 GHz,15.0,8.0,16.0,,6.0,208 mm²,,,208.0,io_die_size () + die_size (208 mm²),AMD,Ryzen 7,https://www.techpowerup.com/cpu-specs/ryzen-7-6800u.c2523
AMD Ryzen 7 7700,Raphael,Ryzen 7 (Zen 4 (Raphael)),TSMC,2023-01-14,4.3 GHz,65.0,8.0,16.0,"6,570 million",5.0,70 mm²,122 mm²,6 nm,192.0,io_die_size (122 mm²) + die_size (70 mm²),AMD,Ryzen 7,https://www.techpowerup.com/cpu-specs/ryzen-7-7700.c2960
AMD Ryzen 7 7700X,Raphael,Ryzen 7 (Zen 4 (Raphael)),TSMC,2022-09-27,4.5 GHz,105.0,8.0,16.0,"6,570 million",5.0,70 mm²,124.7 mm²,6 nm,194.0,io_die_size (124.7 mm²) + die_size (70 mm²),AMD,Ryzen 7,https://www.techpowerup.com/cpu-specs/ryzen-7-7700x.c2848
AMD Ryzen 7 7730U,Barcelo-R,Ryzen 7 (Zen 3 (Cezanne)),TSMC,2023-01-04,2000 MHz,15.0,8.0,16.0,"10,700 million",7.0,180 mm²,,,180.0,io_die_size () + die_size (180 mm²),AMD,Ryzen 7,https://www.techpowerup.com/cpu-specs/ryzen-7-7730u.c3037
AMD Ryzen 7 7735H,Rembrandt-R,Ryzen 7 (Zen 3+ (Rembrandt)),TSMC,2023-01-04,3.2 GHz,35.0,8.0,16.0,,6.0,208 mm²,,,208.0,io_die_size () + die_size (208 mm²),AMD,Ryzen 7,https://www.techpowerup.com/cpu-specs/ryzen-7-7735h.c3187
AMD Ryzen 7 7735HS,Rembrandt-R,Ryzen 7 (Zen 3+ (Rembrandt)),TSMC,2023-01-04,3.2 GHz,35.0,8.0,16.0,,6.0,208 mm²,,,208.0,io_die_size () + die_size (208 mm²),AMD,Ryzen 7,https://www.techpowerup.com/cpu-specs/ryzen-7-7735hs.c3041
AMD Ryzen 7 7735U,Rembrandt-R,Ryzen 7 (Zen 3+ (Rembrandt)),TSMC,2023-01-04,2.7 GHz,28.0,8.0,16.0,,6.0,208 mm²,,,208.0,io_die_size () + die_size (208 mm²),AMD,Ryzen 7,https://www.techpowerup.com/cpu-specs/ryzen-7-7735u.c3040
AMD Ryzen 7 7736U,Rembrandt-R,Ryzen 7 (Zen 3+ (Rembrandt)),TSMC,2023-01-04,2.7 GHz,15.0,8.0,16.0,,6.0,208 mm²,,,208.0,io_die_size () + die_size (208 mm²),AMD,Ryzen 7,https://www.techpowerup.com/cpu-specs/ryzen-7-7736u.c3186
AMD Ryzen 7 7745HX,Dragon Range,Ryzen 7 (Zen 4 (Dragon Range)),TSMC,2023-01-04,3.6 GHz,55.0,8.0,16.0,"6,570 million",5.0,71 mm²,122 mm²,6 nm,193.0,io_die_size (122 mm²) + die_size (71 mm²),AMD,Ryzen 7,https://www.techpowerup.com/cpu-specs/ryzen-7-7745hx.c3025
AMD Ryzen 7 7800X3D,Raphael,Ryzen 7 (Zen 4 (Raphael)),TSMC,2023-01-04,4.4 GHz,120.0,8.0,16.0,"6,570 million",5.0,71 mm²,122 mm²,6 nm,193.0,io_die_size (122 mm²) + die_size (71 mm²),AMD,Ryzen 7,https://www.techpowerup.com/cpu-specs/ryzen-7-7800x3d.c3022
AMD Ryzen 7 7840HS,Phoenix,Ryzen 7 (Zen 4 (Phoenix)),TSMC,2023-01-01,3.8 GHz,35.0,8.0,16.0,"25,000 million",4.0,178 mm²,,,178.0,io_die_size () + die_size (178 mm²),AMD,Ryzen 7,https://www.techpowerup.com/cpu-specs/ryzen-7-7840hs.c3033
AMD Ryzen 7 PRO 1700,Summit Ridge,Ryzen 7 (Zen (Summit Ridge)),GlobalFoundries,2017-06-29,3 GHz,65.0,8.0,16.0,"4,800 million",14.0,213 mm²,,,213.0,io_die_size () + die_size (213 mm²),AMD,Ryzen 7 PRO,https://www.techpowerup.com/cpu-specs/ryzen-7-pro-1700.c1915
AMD Ryzen 7 PRO 1700X,Summit Ridge,Ryzen 7 (Zen (Summit Ridge)),GlobalFoundries,2017-06-29,3.4 GHz,95.0,8.0,16.0,"4,800 million",14.0,213 mm²,,,213.0,io_die_size () + die_size (213 mm²),AMD,Ryzen 7 PRO,https://www.techpowerup.com/cpu-specs/ryzen-7-pro-1700x.c1914
AMD Ryzen 7 PRO 2700,Pinnacle Ridge,Ryzen 7 (Zen+ (Pinnacle Ridge)),GlobalFoundries,2018-09-19,3.2 GHz,65.0,8.0,16.0,"4,800 million",12.0,192 mm²,,,192.0,io_die_size () + die_size (192 mm²),AMD,Ryzen 7 PRO,https://www.techpowerup.com/cpu-specs/ryzen-7-pro-2700.c2105
AMD Ryzen 7 PRO 2700U,Raven Ridge,Ryzen 7 (Zen (Raven Ridge)),GlobalFoundries,2017-10-26,2.2 GHz,15.0,4.0,8.0,,14.0,246 mm²,,,246.0,io_die_size () + die_size (246 mm²),AMD,Ryzen 7 PRO,https://www.techpowerup.com/cpu-specs/ryzen-7-pro-2700u.c2000
AMD Ryzen 7 PRO 2700X,Pinnacle Ridge,Ryzen 7 (Zen+ (Pinnacle Ridge)),GlobalFoundries,2018-09-19,3.6 GHz,95.0,8.0,16.0,"4,800 million",12.0,192 mm²,,,192.0,io_die_size () + die_size (192 mm²),AMD,Ryzen 7 PRO,https://www.techpowerup.com/cpu-specs/ryzen-7-pro-2700x.c2104
AMD Ryzen 7 PRO 3700U,Picasso,Ryzen 7 (Zen+ (Picasso)),GlobalFoundries,2019-04-08,2.3 GHz,15.0,4.0,8.0,"4,940 million",12.0,210 mm²,,,210.0,io_die_size () + die_size (210 mm²),AMD,Ryzen 7 PRO,https://www.techpowerup.com/cpu-specs/ryzen-7-pro-3700u.c2173
AMD Ryzen 7 PRO 4750G,Renoir,Ryzen 7 (Zen 2 (Renoir)),TSMC,2020-07-21,3.6 GHz,65.0,8.0,16.0,"9,800 million",7.0,156 mm²,,,156.0,io_die_size () + die_size (156 mm²),AMD,Ryzen 7 PRO,https://www.techpowerup.com/cpu-specs/ryzen-7-pro-4750g.c2324
AMD Ryzen 7 PRO 4750GE,Renoir,Ryzen 7 (Zen 2 (Renoir)),TSMC,2020-07-21,3.1 GHz,35.0,8.0,16.0,"9,800 million",7.0,156 mm²,,,156.0,io_die_size () + die_size (156 mm²),AMD,Ryzen 7 PRO,https://www.techpowerup.com/cpu-specs/ryzen-7-pro-4750ge.c2327
AMD Ryzen 7 PRO 5750G,Cezanne,Ryzen 7 (Zen 3 (Cezanne)),TSMC,2021-06-01,3.8 GHz,65.0,8.0,16.0,"10,700 million",7.0,180 mm²,,,180.0,io_die_size () + die_size (180 mm²),AMD,Ryzen 7 PRO,https://www.techpowerup.com/cpu-specs/ryzen-7-pro-5750g.c2701
AMD Ryzen 7 PRO 5750GE,Cezanne,Ryzen 7 (Zen 3 (Cezanne)),TSMC,2021-06-01,3.2 GHz,35.0,8.0,16.0,"10,700 million",7.0,180 mm²,,,180.0,io_die_size () + die_size (180 mm²),AMD,Ryzen 7 PRO,https://www.techpowerup.com/cpu-specs/ryzen-7-pro-5750ge.c2702
AMD Ryzen 7 PRO 5850U,Cezanne-U,Ryzen 7 (Zen 3 (Cezanne)),TSMC,2021-03-16,1900 MHz,15.0,8.0,16.0,"10,700 million",7.0,180 mm²,,,180.0,io_die_size () + die_size (180 mm²),AMD,Ryzen 7 PRO,https://www.techpowerup.com/cpu-specs/ryzen-7-pro-5850u.c2774
AMD Ryzen 7 PRO 5875U,Cezanne-U,Ryzen 7 (Zen 3 (Cezanne)),TSMC,2022-04-19,2000 MHz,15.0,8.0,16.0,"10,700 million",7.0,180 mm²,,,180.0,io_die_size () + die_size (180 mm²),AMD,Ryzen 7 PRO,https://www.techpowerup.com/cpu-specs/ryzen-7-pro-5875u.c2777
AMD Ryzen 7 PRO 6850H,Rembrandt,Ryzen 7 (Zen 3+ (Rembrandt)),TSMC,2022-04-19,3.2 GHz,45.0,8.0,16.0,,6.0,208 mm²,,,208.0,io_die_size () + die_size (208 mm²),AMD,Ryzen 7 PRO,https://www.techpowerup.com/cpu-specs/ryzen-7-pro-6850h.c2766
AMD Ryzen 7 PRO 6850HS,Rembrandt,Ryzen 7 (Zen 3+ (Rembrandt)),TSMC,2022-04-19,3.2 GHz,35.0,8.0,16.0,,6.0,208 mm²,,,208.0,io_die_size () + die_size (208 mm²),AMD,Ryzen 7 PRO,https://www.techpowerup.com/cpu-specs/ryzen-7-pro-6850hs.c2767
AMD Ryzen 7 PRO 6850U,Rembrandt,Ryzen 7 (Zen 3+ (Rembrandt)),TSMC,2022-04-19,2.7 GHz,15.0,8.0,16.0,,6.0,208 mm²,,,208.0,io_die_size () + die_size (208 mm²),AMD,Ryzen 7 PRO,https://www.techpowerup.com/cpu-specs/ryzen-7-pro-6850u.c2768
AMD Ryzen 9 3900X,Matisse,Ryzen 9 (Zen 2 (Matisse)),TSMC,2019-07-07,3.8 GHz,105.0,12.0,24.0,"7,600 million",7.0,2x 74 mm²,124 mm²,12 nm,272.0,io_die_size (124 mm²) + die_size (2x 74 mm²),AMD,Ryzen 9,https://www.techpowerup.com/cpu-specs/ryzen-9-3900x.c2128
AMD Ryzen 9 3900XT,Matisse 2,Ryzen 9 (Zen 2 (Matisse)),TSMC,2020-07-07,3.9 GHz,105.0,12.0,24.0,"7,600 million",7.0,2x 74 mm²,124 mm²,12 nm,272.0,io_die_size (124 mm²) + die_size (2x 74 mm²),AMD,Ryzen 9,https://www.techpowerup.com/cpu-specs/ryzen-9-3900xt.c2308
AMD Ryzen 9 3950X,Matisse,Ryzen 9 (Zen 2 (Matisse)),TSMC,2019-11-25,3.5 GHz,105.0,16.0,32.0,"7,600 million",7.0,2x 74 mm²,124 mm²,12 nm,272.0,io_die_size (124 mm²) + die_size (2x 74 mm²),AMD,Ryzen 9,https://www.techpowerup.com/cpu-specs/ryzen-9-3950x.c2203
AMD Ryzen 9 4900H,Renoir,Ryzen 9 (Zen 2 (Renoir)),TSMC,2020-03-16,3.3 GHz,54.0,8.0,16.0,"9,800 million",7.0,156 mm²,,,156.0,io_die_size () + die_size (156 mm²),AMD,Ryzen 9,https://www.techpowerup.com/cpu-specs/ryzen-9-4900h.c2279
AMD Ryzen 9 4900HS,Renoir,Ryzen 9 (Zen 2 (Renoir)),TSMC,2020-03-07,3 GHz,35.0,8.0,16.0,"9,800 million",7.0,156 mm²,,,156.0,io_die_size () + die_size (156 mm²),AMD,Ryzen 9,https://www.techpowerup.com/cpu-specs/ryzen-9-4900hs.c2278
AMD Ryzen 9 5900,Vermeer,Ryzen 9 (Zen 3 (Vermeer)),TSMC,2021-01-12,3 GHz,65.0,12.0,24.0,"4,150 million",7.0,81 mm²,124 mm²,12 nm,205.0,io_die_size (124 mm²) + die_size (81 mm²),AMD,Ryzen 9,https://www.techpowerup.com/cpu-specs/ryzen-9-5900.c2677
AMD Ryzen 9 5900HX,Cezanne,Ryzen 9 (Zen 3 (Cezanne)),TSMC,2021-01-12,3.3 GHz,45.0,8.0,16.0,"10,700 million",7.0,180 mm²,,,180.0,io_die_size () + die_size (180 mm²),AMD,Ryzen 9,https://www.techpowerup.com/cpu-specs/ryzen-9-5900hx.c2371
AMD Ryzen 9 5900X,Vermeer,Ryzen 9 (Zen 3 (Vermeer)),TSMC,2020-11-05,3.7 GHz,105.0,12.0,24.0,"4,150 million",7.0,81 mm²,124 mm²,12 nm,205.0,io_die_size (124 mm²) + die_size (81 mm²),AMD,Ryzen 9,https://www.techpowerup.com/cpu-specs/ryzen-9-5900x.c2363
AMD Ryzen 9 5950X,Vermeer,Ryzen 9 (Zen 3 (Vermeer)),TSMC,2020-11-05,3.4 GHz,105.0,16.0,32.0,"4,150 million",7.0,81 mm²,124 mm²,12 nm,205.0,io_die_size (124 mm²) + die_size (81 mm²),AMD,Ryzen 9,https://www.techpowerup.com/cpu-specs/ryzen-9-5950x.c2364
AMD Ryzen 9 5980HS,Cezanne,Ryzen 9 (Zen 3 (Cezanne)),TSMC,2021-01-12,3 GHz,35.0,8.0,16.0,"10,700 million",7.0,180 mm²,,,180.0,io_die_size () + die_size (180 mm²),AMD,Ryzen 9,https://www.techpowerup.com/cpu-specs/ryzen-9-5980hs.c2370
AMD Ryzen 9 6900HS,Rembrandt,Ryzen 9 (Zen 3+ (Rembrandt)),TSMC,2022-01-01,3.3 GHz,35.0,8.0,16.0,,6.0,208 mm²,,,208.0,io_die_size () + die_size (208 mm²),AMD,Ryzen 9,https://www.techpowerup.com/cpu-specs/ryzen-9-6900hs.c2528
AMD Ryzen 9 6900HX,Rembrandt,Ryzen 9 (Zen 3+ (Rembrandt)),TSMC,2022-01-01,3.3 GHz,45.0,8.0,16.0,,6.0,208 mm²,,,208.0,io_die_size () + die_size (208 mm²),AMD,Ryzen 9,https://www.techpowerup.com/cpu-specs/ryzen-9-6900hx.c2529
AMD Ryzen 9 6980HS,Rembrandt,Ryzen 9 (Zen 3+ (Rembrandt)),TSMC,2022-01-01,3.3 GHz,45.0,8.0,16.0,,6.0,208 mm²,,,208.0,io_die_size () + die_size (208 mm²),AMD,Ryzen 9,https://www.techpowerup.com/cpu-specs/ryzen-9-6980hs.c2530
AMD Ryzen 9 6980HX,Rembrandt,Ryzen 9 (Zen 3+ (Rembrandt)),TSMC,2022-01-01,3.3 GHz,45.0,8.0,16.0,,6.0,208 mm²,,,208.0,io_die_size () + die_size (208 mm²),AMD,Ryzen 9,https://www.techpowerup.com/cpu-specs/ryzen-9-6980hx.c2531
AMD Ryzen 9 7845HX,Dragon Range,Ryzen 9 (Zen 4 (Dragon Range)),TSMC,2023-01-04,3 GHz,55.0,12.0,24.0,"13,140 million",5.0,2x 71 mm²,122 mm²,6 nm,264.0,io_die_size (122 mm²) + die_size (2x 71 mm²),AMD,Ryzen 9,https://www.techpowerup.com/cpu-specs/ryzen-9-7845hx.c3026
AMD Ryzen 9 7900,Raphael,Ryzen 9 (Zen 4 (Raphael)),TSMC,2023-01-14,3.7 GHz,65.0,12.0,24.0,"13,140 million",5.0,2x 71 mm²,122 mm²,6 nm,264.0,io_die_size (122 mm²) + die_size (2x 71 mm²),AMD,Ryzen 9,https://www.techpowerup.com/cpu-specs/ryzen-9-7900.c2961
AMD Ryzen 9 7900X,Raphael,Ryzen 9 (Zen 4 (Raphael)),TSMC,2022-09-27,4.7 GHz,170.0,12.0,24.0,"13,140 million",5.0,2x 71 mm²,122 mm²,6 nm,264.0,io_die_size (122 mm²) + die_size (2x 71 mm²),AMD,Ryzen 9,https://www.techpowerup.com/cpu-specs/ryzen-9-7900x.c2847
AMD Ryzen 9 7900X3D,Raphael,Ryzen 9 (Zen 4 (Raphael)),TSMC,2023-01-04,4.4 GHz,120.0,12.0,24.0,"13,140 million",5.0,2x 71 mm²,122 mm²,6 nm,264.0,io_die_size (122 mm²) + die_size (2x 71 mm²),AMD,Ryzen 9,https://www.techpowerup.com/cpu-specs/ryzen-9-7900x3d.c3023
AMD Ryzen 9 7940HS,Phoenix,Ryzen 9 (Zen 4 (Phoenix)),TSMC,2023-01-01,4 GHz,35.0,8.0,16.0,"25,000 million",4.0,178 mm²,,,178.0,io_die_size () + die_size (178 mm²),AMD,Ryzen 9,https://www.techpowerup.com/cpu-specs/ryzen-9-7940hs.c3020
AMD Ryzen 9 7945HX,Dragon Range,Ryzen 9 (Zen 4 (Dragon Range)),TSMC,2023-01-04,2.5 GHz,55.0,16.0,32.0,"13,140 million",5.0,2x 71 mm²,122 mm²,6 nm,264.0,io_die_size (122 mm²) + die_size (2x 71 mm²),AMD,Ryzen 9,https://www.techpowerup.com/cpu-specs/ryzen-9-7945hx.c3027
AMD Ryzen 9 7950X,Raphael,Ryzen 9 (Zen 4 (Raphael)),TSMC,2022-09-27,4.5 GHz,170.0,16.0,32.0,"13,140 million",5.0,2x 70 mm²,124.7 mm²,6 nm,264.0,io_die_size (124.7 mm²) + die_size (2x 70 mm²),AMD,Ryzen 9,https://www.techpowerup.com/cpu-specs/ryzen-9-7950x.c2846
AMD Ryzen 9 7950X3D,Raphael,Ryzen 9 (Zen 4 (Raphael)),TSMC,2023-01-04,4.2 GHz,120.0,16.0,32.0,"13,140 million",5.0,2x 71 mm²,122 mm²,6 nm,264.0,io_die_size (122 mm²) + die_size (2x 71 mm²),AMD,Ryzen 9,https://www.techpowerup.com/cpu-specs/ryzen-9-7950x3d.c3024
AMD Ryzen 9 PRO 6950H,Rembrandt,Ryzen 9 (Zen 3+ (Rembrandt)),TSMC,2022-04-19,3.3 GHz,45.0,8.0,16.0,,6.0,208 mm²,,,208.0,io_die_size () + die_size (208 mm²),AMD,Ryzen 9 PRO,https://www.techpowerup.com/cpu-specs/ryzen-9-pro-6950h.c2765
AMD Ryzen 9 PRO 6950HS,Rembrandt,Ryzen 9 (Zen 3+ (Rembrandt)),TSMC,2022-04-19,3.3 GHz,35.0,8.0,16.0,,6.0,208 mm²,,,208.0,io_die_size () + die_size (208 mm²),AMD,Ryzen 9 PRO,https://www.techpowerup.com/cpu-specs/ryzen-9-pro-6950hs.c2764
AMD Ryzen Embedded R1102G,Banded Kestrel,Ryzen Embedded (Zen (Banded Kestrel)),GlobalFoundries,2020-02-25,1200 MHz,6.0,2.0,4.0,"4,950 million",14.0,209.8 mm²,,,1672.0,io_die_size () + die_size (209.8 mm²),AMD,Ryzen Embedded R,https://www.techpowerup.com/cpu-specs/ryzen-embedded-r1102g.c2841
AMD Ryzen Embedded R1305G,Banded Kestrel,Ryzen Embedded (Zen (Banded Kestrel)),GlobalFoundries,2020-02-25,1500 MHz,10.0,2.0,4.0,"4,950 million",14.0,209.8 mm²,,,1672.0,io_die_size () + die_size (209.8 mm²),AMD,Ryzen Embedded R,https://www.techpowerup.com/cpu-specs/ryzen-embedded-r1305g.c2842
AMD Ryzen Embedded R1505G,Banded Kestrel,Ryzen Embedded (Zen (Banded Kestrel)),GlobalFoundries,2020-02-25,2.4 GHz,25.0,2.0,4.0,"4,950 million",14.0,209.8 mm²,,,1672.0,io_die_size () + die_size (209.8 mm²),AMD,Ryzen Embedded R,https://www.techpowerup.com/cpu-specs/ryzen-embedded-r1505g.c2843
AMD Ryzen Embedded R1600,Banded Kestrel,Ryzen Embedded (Zen (Banded Kestrel)),GlobalFoundries,2020-02-25,2.6 GHz,25.0,2.0,4.0,"4,950 million",14.0,209.8 mm²,,,1672.0,io_die_size () + die_size (209.8 mm²),AMD,Ryzen Embedded R,https://www.techpowerup.com/cpu-specs/ryzen-embedded-r1600.c2845
AMD Ryzen Embedded R1606G,Banded Kestrel,Ryzen Embedded (Zen (Banded Kestrel)),GlobalFoundries,2020-02-25,2.6 GHz,25.0,2.0,4.0,"4,950 million",14.0,209.8 mm²,,,1672.0,io_die_size () + die_size (209.8 mm²),AMD,Ryzen Embedded R,https://www.techpowerup.com/cpu-specs/ryzen-embedded-r1606g.c2844
AMD Ryzen Embedded V1202B,Great Horned Owl,Ryzen Embedded (Zen (Great Horned Owl)),GlobalFoundries,2018-02-21,2.3 GHz,15.0,2.0,4.0,"4,950 million",14.0,210 mm²,,,210.0,io_die_size () + die_size (210 mm²),AMD,Ryzen Embedded V,https://www.techpowerup.com/cpu-specs/ryzen-embedded-v1202b.c2066
AMD Ryzen Embedded V1605B,Great Horned Owl,Ryzen Embedded (Zen (Great Horned Owl)),GlobalFoundries,2018-02-21,2000 MHz,15.0,4.0,8.0,"4,950 million",14.0,210 mm²,,,210.0,io_die_size () + die_size (210 mm²),AMD,Ryzen Embedded V,https://www.techpowerup.com/cpu-specs/ryzen-embedded-v1605b.c2064
AMD Ryzen Embedded V1756B,Great Horned Owl,Ryzen Embedded (Zen (Great Horned Owl)),GlobalFoundries,2018-02-21,3.25 GHz,45.0,4.0,8.0,"4,950 million",14.0,210 mm²,,,210.0,io_die_size () + die_size (210 mm²),AMD,Ryzen Embedded V,https://www.techpowerup.com/cpu-specs/ryzen-embedded-v1756b.c2065
AMD Ryzen Embedded V1807B,Great Horned Owl,Ryzen Embedded (Zen (Great Horned Owl)),GlobalFoundries,2018-02-21,3.35 GHz,45.0,4.0,8.0,"4,950 million",14.0,210 mm²,,,210.0,io_die_size () + die_size (210 mm²),AMD,Ryzen Embedded V,https://www.techpowerup.com/cpu-specs/ryzen-embedded-v1807b.c2010
AMD Ryzen Embedded V2516,Renoir,Ryzen Embedded (Zen 2 (Renoir)),TSMC,2020-11-10,2.1 GHz,10.0,6.0,12.0,"9,800 million",7.0,156 mm²,,,156.0,io_die_size () + die_size (156 mm²),AMD,Ryzen Embedded V,https://www.techpowerup.com/cpu-specs/ryzen-embedded-v2516.c2807
AMD Ryzen Embedded V2546,Renoir,Ryzen Embedded (Zen 2 (Renoir)),TSMC,2020-11-10,3 GHz,35.0,6.0,12.0,"9,800 million",7.0,156 mm²,,,156.0,io_die_size () + die_size (156 mm²),AMD,Ryzen Embedded V,https://www.techpowerup.com/cpu-specs/ryzen-embedded-v2546.c2806
AMD Ryzen Embedded V2718,Renoir,Ryzen Embedded (Zen 2 (Renoir)),TSMC,2020-11-10,1700 MHz,10.0,8.0,16.0,"9,800 million",7.0,156 mm²,,,156.0,io_die_size () + die_size (156 mm²),AMD,Ryzen Embedded V,https://www.techpowerup.com/cpu-specs/ryzen-embedded-v2718.c2805
AMD Ryzen Embedded V2748,Renoir,Ryzen Embedded (Zen 2 (Renoir)),TSMC,2020-11-10,2.9 GHz,35.0,8.0,16.0,"9,800 million",7.0,156 mm²,,,156.0,io_die_size () + die_size (156 mm²),AMD,Ryzen Embedded V,https://www.techpowerup.com/cpu-specs/ryzen-embedded-v2748.c2804
AMD Ryzen Threadripper 1900X,Whitehaven,Ryzen Threadripper (Zen (Whitehaven)),GlobalFoundries,2017-08-31,3.8 GHz,180.0,8.0,16.0,"9,600 million",14.0,2x 213 mm²,,,426.0,io_die_size () + die_size (2x 213 mm²),AMD,Ryzen Threadripper,https://www.techpowerup.com/cpu-specs/ryzen-threadripper-1900x.c1912
AMD Ryzen Threadripper 1920X,Whitehaven,Ryzen Threadripper (Zen (Whitehaven)),GlobalFoundries,2017-08-10,3.5 GHz,180.0,12.0,24.0,"9,600 million",14.0,2x 213 mm²,,,426.0,io_die_size () + die_size (2x 213 mm²),AMD,Ryzen Threadripper,https://www.techpowerup.com/cpu-specs/ryzen-threadripper-1920x.c1910
AMD Ryzen Threadripper 1950X,Whitehaven,Ryzen Threadripper (Zen (Whitehaven)),GlobalFoundries,2017-08-10,3.4 GHz,180.0,16.0,32.0,"9,600 million",14.0,2x 213 mm²,,,426.0,io_die_size () + die_size (2x 213 mm²),AMD,Ryzen Threadripper,https://www.techpowerup.com/cpu-specs/ryzen-threadripper-1950x.c1904
AMD Ryzen Threadripper 2920X,Colfax,Ryzen Threadripper (Zen+ (Colfax)),GlobalFoundries,2018-10-03,3.5 GHz,180.0,12.0,24.0,"9,600 million",12.0,2x 213 mm²,,,426.0,io_die_size () + die_size (2x 213 mm²),AMD,Ryzen Threadripper,https://www.techpowerup.com/cpu-specs/ryzen-threadripper-2920x.c2099
AMD Ryzen Threadripper 2950X,Colfax,Ryzen Threadripper (Zen+ (Colfax)),GlobalFoundries,2018-08-31,3.5 GHz,180.0,16.0,32.0,"9,600 million",12.0,2x 213 mm²,,,426.0,io_die_size () + die_size (2x 213 mm²),AMD,Ryzen Threadripper,https://www.techpowerup.com/cpu-specs/ryzen-threadripper-2950x.c2067
AMD Ryzen Threadripper 2970WX,Colfax,Ryzen Threadripper (Zen+ (Colfax)),GlobalFoundries,2018-10-02,3 GHz,250.0,24.0,48.0,"19,200 million",12.0,4x 213 mm²,,,852.0,io_die_size () + die_size (4x 213 mm²),AMD,Ryzen Threadripper,https://www.techpowerup.com/cpu-specs/ryzen-threadripper-2970wx.c2068
AMD Ryzen Threadripper 2990WX,Colfax,Ryzen Threadripper (Zen+ (Colfax)),GlobalFoundries,2018-08-13,3 GHz,250.0,32.0,64.0,"19,200 million",12.0,4x 213 mm²,,,852.0,io_die_size () + die_size (4x 213 mm²),AMD,Ryzen Threadripper,https://www.techpowerup.com/cpu-specs/ryzen-threadripper-2990wx.c2069
AMD Ryzen Threadripper 3960X,Castle Peak,Ryzen Threadripper (Zen 2 (Castle Peak)),TSMC,2019-11-25,3.8 GHz,280.0,24.0,48.0,"15,200 million",7.0,4x 74 mm²,416 mm²,14 nm,712.0,io_die_size (416 mm²) + die_size (4x 74 mm²),AMD,Ryzen Threadripper,https://www.techpowerup.com/cpu-specs/ryzen-threadripper-3960x.c2268
AMD Ryzen Threadripper 3970X,Castle Peak,Ryzen Threadripper (Zen 2 (Castle Peak)),TSMC,2019-11-25,3.7 GHz,280.0,32.0,64.0,"15,200 million",7.0,4x 74 mm²,416 mm²,14 nm,712.0,io_die_size (416 mm²) + die_size (4x 74 mm²),AMD,Ryzen Threadripper,https://www.techpowerup.com/cpu-specs/ryzen-threadripper-3970x.c2269
AMD Ryzen Threadripper 3990X,Castle Peak,Ryzen Threadripper (Zen 2 (Castle Peak)),TSMC,2020-02-07,2.9 GHz,280.0,64.0,128.0,"30,400 million",7.0,8x 74 mm²,416 mm²,14 nm,1008.0,io_die_size (416 mm²) + die_size (8x 74 mm²),AMD,Ryzen Threadripper,https://www.techpowerup.com/cpu-specs/ryzen-threadripper-3990x.c2271
AMD Ryzen Threadripper PRO 3945WX,Castle Peak,Ryzen Threadripper (Zen 2 (Castle Peak)),TSMC,2020-07-14,4 GHz,280.0,12.0,24.0,"3,800 million",7.0,4x 74 mm²,416 mm²,14 nm,712.0,io_die_size (416 mm²) + die_size (4x 74 mm²),AMD,Ryzen Threadripper PRO,https://www.techpowerup.com/cpu-specs/ryzen-threadripper-pro-3945wx.c2317
AMD Ryzen Threadripper PRO 3955WX,Castle Peak,Ryzen Threadripper (Zen 2 (Castle Peak)),TSMC,2020-07-14,3.9 GHz,280.0,16.0,32.0,"15,200 million",7.0,4x 74 mm²,416 mm²,14 nm,712.0,io_die_size (416 mm²) + die_size (4x 74 mm²),AMD,Ryzen Threadripper PRO,https://www.techpowerup.com/cpu-specs/ryzen-threadripper-pro-3955wx.c2316
AMD Ryzen Threadripper PRO 3975WX,Castle Peak,Ryzen Threadripper (Zen 2 (Castle Peak)),TSMC,2020-07-14,3.5 GHz,280.0,32.0,64.0,"15,200 million",7.0,4x 74 mm²,416 mm²,14 nm,712.0,io_die_size (416 mm²) + die_size (4x 74 mm²),AMD,Ryzen Threadripper PRO,https://www.techpowerup.com/cpu-specs/ryzen-threadripper-pro-3975wx.c2315
AMD Ryzen Threadripper PRO 3995WX,Castle Peak,Ryzen Threadripper (Zen 2 (Castle Peak)),TSMC,2020-07-14,2.7 GHz,280.0,64.0,128.0,"30,400 million",7.0,8x 74 mm²,416 mm²,14 nm,1008.0,io_die_size (416 mm²) + die_size (8x 74 mm²),AMD,Ryzen Threadripper PRO,https://www.techpowerup.com/cpu-specs/ryzen-threadripper-pro-3995wx.c2314
AMD Ryzen Threadripper PRO 5945WX,Chagall PRO,Ryzen Threadripper (Zen 3 (Chagall)),TSMC,2022-03-08,4.1 GHz,280.0,12.0,24.0,"16,600 million",7.0,4x 81 mm²,416 mm²,14 nm,740.0,io_die_size (416 mm²) + die_size (4x 81 mm²),AMD,Ryzen Threadripper PRO,https://www.techpowerup.com/cpu-specs/ryzen-threadripper-pro-5945wx.c2723
AMD Ryzen Threadripper PRO 5955WX,Chagall PRO,Ryzen Threadripper (Zen 3 (Chagall)),TSMC,2022-03-08,4 GHz,280.0,16.0,32.0,"16,600 million",7.0,4x 81 mm²,416 mm²,14 nm,740.0,io_die_size (416 mm²) + die_size (4x 81 mm²),AMD,Ryzen Threadripper PRO,https://www.techpowerup.com/cpu-specs/ryzen-threadripper-pro-5955wx.c2722
AMD Ryzen Threadripper PRO 5965WX,Chagall PRO,Ryzen Threadripper (Zen 3 (Chagall)),TSMC,2022-03-08,3.8 GHz,280.0,24.0,48.0,"16,600 million",7.0,4x 81 mm²,416 mm²,14 nm,740.0,io_die_size (416 mm²) + die_size (4x 81 mm²),AMD,Ryzen Threadripper PRO,https://www.techpowerup.com/cpu-specs/ryzen-threadripper-pro-5965wx.c2721
AMD Ryzen Threadripper PRO 5975WX,Chagall PRO,Ryzen Threadripper (Zen 3 (Chagall)),TSMC,2022-03-08,3.6 GHz,280.0,32.0,64.0,"16,600 million",7.0,4x 81 mm²,416 mm²,14 nm,740.0,io_die_size (416 mm²) + die_size (4x 81 mm²),AMD,Ryzen Threadripper PRO,https://www.techpowerup.com/cpu-specs/ryzen-threadripper-pro-5975wx.c2720
AMD Ryzen Threadripper PRO 5995WX,Chagall PRO,Ryzen Threadripper (Zen 3 (Chagall)),TSMC,2022-03-08,2.7 GHz,280.0,64.0,128.0,"33,200 million",7.0,8x 81 mm²,416 mm²,14 nm,1064.0,io_die_size (416 mm²) + die_size (8x 81 mm²),AMD,Ryzen Threadripper PRO,https://www.techpowerup.com/cpu-specs/ryzen-threadripper-pro-5995wx.c2719
Ampere Altra Max M128-30,Mystique,ARM Neoverse N1,TSMC,2022-07-01,3.0 GHz,250.0,128.0,256.0,"54,000 million",7.0,428 mm²,,,428.0,io_die_size () + die_size (428 mm²),Ampere,ARM Neoverse N1,https://d1o0i0v5q5lp8h.cloudfront.net/ampere/live/assets/documents/Altra_Max_Rev_A1_PB_v1.00_20220331.pdf
Apple M1,Tonga,M1,TSMC,2020-11-10,3.2 GHz,20.0,8.0,8.0,"16,000 million",5.0,120 mm²,,,120.0,io_die_size () + die_size (120 mm²),Apple,M1,https://en.wikipedia.org/wiki/Apple_M1
Apple M1 Pro,Jade C-Chop,M1,TSMC,2021-10-18,3.2 GHz,60.0,10.0,10.0,"33,700 million",5.0,245 mm²,,,245.0,io_die_size () + die_size (245 mm²),Apple,M1,https://en.wikipedia.org/wiki/Apple_M1
Apple M1 Max,Jade C-Die,M1,TSMC,2021-10-18,3.2 GHz,90.0,10.0,10.0,"57,000 million",5.0,432 mm²,,,432.0,io_die_size () + die_size (432 mm²),Apple,M1,https://en.wikipedia.org/wiki/Apple_M1
Apple M1 Ultra,Jade 2C-Die,M1,TSMC,2022-03-08,3.2 GHz,120.0,20.0,20.0,"114,000 million",5.0,864 mm²,,,864.0,io_die_size () + die_size (864 mm²),Apple,M1,https://en.wikipedia.org/wiki/Apple_M1
Apple M2,Staten,M2,TSMC,2022-06-06,3.49 GHz,20.0,8.0,8.0,"20,000 million",5.0,150 mm²,,,150.0,io_die_size () + die_size (150 mm²),Apple,M2,https://en.wikipedia.org/wiki/Apple_M2
Apple M2 Pro,Rhodes Chop,M2,TSMC,2023-01-17,3.49 GHz,50.0,10.0,10.0,"40,000 million",5.0,150 mm²,,,150.0,io_die_size () + die_size (150 mm²),Apple,M2,https://en.wikipedia.org/wiki/Apple_M2
Apple M2 Max,Rhodes 1C,M2,TSMC,2023-01-17,3.49 GHz,90.0,12.0,12.0,"67,000 million",5.0,300 mm²,,,300.0,io_die_size () + die_size (300 mm²),Apple,M2,https://en.wikipedia.org/wiki/Apple_M2
Apple M2 Ultra,Rhodes 2C,M2,TSMC,2023-06-05,3.49 GHz,120.0,24.0,24.0,"134,000 million",5.0,570 mm²,,,570.0,io_die_size () + die_size (570 mm²),Apple,M2,https://en.wikipedia.org/wiki/Apple_M2
Intel Atom x7211E,Gracemont,Atom (Alder Lake-N),Intel,2023-01-03,1000 MHz,6.0,2.0,2.0,,10.0,,,,,io_die_size () + die_size (),Intel,Atom x,https://www.techpowerup.com/cpu-specs/atom-x7211e.c3012
Intel Atom x7213E,Gracemont,Atom (Alder Lake-N),Intel,2023-01-03,1700 MHz,6.0,2.0,2.0,,10.0,,,,,io_die_size () + die_size (),Intel,Atom x,https://www.techpowerup.com/cpu-specs/atom-x7213e.c3011
Intel Atom x7425E,Gracemont,Atom (Alder Lake-N),Intel,2023-01-03,1500 MHz,12.0,4.0,4.0,,10.0,,,,,io_die_size () + die_size (),Intel,Atom x,https://www.techpowerup.com/cpu-specs/atom-x7425e.c3013
Intel Celeron 3865U,Kaby Lake-U,Celeron (Kaby Lake-U),Intel,2017-01-03,1800 MHz,15.0,2.0,2.0,,14.0,98.7 mm²,,,686.0,io_die_size () + die_size (98.7 mm²),Intel,Celeron,https://www.techpowerup.com/cpu-specs/celeron-3865u.c3104
Intel Celeron 3965U,Kaby Lake-U,Celeron (Kaby Lake-U),Intel,2017-01-03,2.2 GHz,15.0,2.0,2.0,,14.0,98.7 mm²,,,686.0,io_die_size () + die_size (98.7 mm²),Intel,Celeron,https://www.techpowerup.com/cpu-specs/celeron-3965u.c3105
Intel Celeron 7300,Alder Lake-U,Celeron (Alder Lake-U),Intel,2022-02-23,1000 MHz,9.0,5.0,6.0,,10.0,,,,,io_die_size () + die_size (),Intel,Celeron,https://www.techpowerup.com/cpu-specs/celeron-7300.c2675
Intel Celeron 7305,Alder Lake-U,Celeron (Alder Lake-U),Intel,2022-02-23,1100 MHz,15.0,5.0,6.0,,10.0,,,,,io_die_size () + die_size (),Intel,Celeron,https://www.techpowerup.com/cpu-specs/celeron-7305.c2674
Intel Celeron G3930,Kaby Lake,Celeron (Kaby Lake),Intel,2017-01-03,2.9 GHz,51.0,2.0,2.0,,14.0,,,,63.0,Rule of three of cpu_manufacture https://en.wikichip.org/wiki/intel/microarchitectures/kaby_lake,Intel,Celeron G,https://www.techpowerup.com/cpu-specs/celeron-g3930.c1941
Intel Celeron G3930T,Kaby Lake,Celeron (Kaby Lake),Intel,2017-01-03,2.7 GHz,35.0,2.0,2.0,,14.0,,,,63.0,Rule of three of cpu_manufacture https://en.wikichip.org/wiki/intel/microarchitectures/kaby_lake,Intel,Celeron G,https://www.techpowerup.com/cpu-specs/celeron-g3930t.c1942
Intel Celeron G3950,Kaby Lake,Celeron (Kaby Lake),Intel,2017-01-03,3 GHz,51.0,2.0,2.0,,14.0,,,,63.0,Rule of three of cpu_manufacture https://en.wikichip.org/wiki/intel/microarchitectures/kaby_lake,Intel,Celeron G,https://www.techpowerup.com/cpu-specs/celeron-g3950.c1940
Intel Celeron G4900,Coffee Lake,Celeron (Coffee Lake),Intel,2018-04-03,3.1 GHz,54.0,2.0,2.0,,14.0,126 mm²,,,126.0,io_die_size () + die_size (126 mm²),Intel,Celeron G,https://www.techpowerup.com/cpu-specs/celeron-g4900.c1990
Intel Celeron G4900T,Coffee Lake,Celeron (Coffee Lake),Intel,2018-04-03,2.9 GHz,35.0,2.0,2.0,,14.0,126 mm²,,,126.0,io_die_size () + die_size (126 mm²),Intel,Celeron G,https://www.techpowerup.com/cpu-specs/celeron-g4900t.c3126
Intel Celeron G4920,Coffee Lake,Celeron (Coffee Lake),Intel,2018-04-03,3.2 GHz,54.0,2.0,2.0,,14.0,126 mm²,,,126.0,io_die_size () + die_size (126 mm²),Intel,Celeron G,https://www.techpowerup.com/cpu-specs/celeron-g4920.c1989
Intel Celeron G5900,Comet Lake,Celeron (Comet Lake),Intel,2020-04-30,3.4 GHz,58.0,2.0,2.0,,14.0,,,,41.2,Rule of three of cpu_specs https://www.techpowerup.com/cpu-specs/core-i9-10850k.c2336,Intel,Celeron G,https://www.techpowerup.com/cpu-specs/celeron-g5900.c2307
Intel Celeron G5920,Comet Lake,Celeron (Comet Lake),Intel,2020-04-30,3.5 GHz,58.0,2.0,2.0,,14.0,,,,41.2,Rule of three of cpu_specs https://www.techpowerup.com/cpu-specs/core-i9-10850k.c2336,Intel,Celeron G,https://www.techpowerup.com/cpu-specs/celeron-g5920.c2306
Intel Celeron G6900,Alder Lake-S,Celeron (Alder Lake-S),Intel,2022-01-04,3.4 GHz,46.0,2.0,2.0,,10.0,,,,150.3,Linear regression of cpu_specs,Intel,Celeron G,https://www.techpowerup.com/cpu-specs/celeron-g6900.c2570
Intel Celeron G6900E,Alder Lake-S,Celeron (Alder Lake-S),Intel,2022-01-04,3 GHz,46.0,2.0,2.0,,10.0,,,,150.3,Linear regression of cpu_specs,Intel,Celeron G,https://www.techpowerup.com/cpu-specs/celeron-g6900e.c2571
Intel Celeron G6900T,Alder Lake-S,Celeron (Alder Lake-S),Intel,2022-01-04,2.8 GHz,35.0,2.0,2.0,,10.0,,,,150.3,Linear regression of cpu_specs,Intel,Celeron G,https://www.techpowerup.com/cpu-specs/celeron-g6900t.c2572
Intel Celeron G6900TE,Alder Lake-S,Celeron (Alder Lake-S),Intel,2022-01-04,2.4 GHz,35.0,2.0,2.0,,10.0,,,,150.3,Linear regression of cpu_specs,Intel,Celeron G,https://www.techpowerup.com/cpu-specs/celeron-g6900te.c2573
Intel Core i3-1000G1,Ice Lake-Y,Core i3 (Sunny Cove-Y),Intel,2019-08-01,1100 MHz,9.0,2.0,4.0,,10.0,123 mm²,,,123.0,io_die_size () + die_size (123 mm²),Intel,Core i3,https://www.techpowerup.com/cpu-specs/core-i3-1000g1.c2219
Intel Core i3-1000G4,Ice Lake-Y,Core i3 (Sunny Cove-Y),Intel,2019-08-01,1100 MHz,9.0,2.0,4.0,,10.0,123 mm²,,,123.0,io_die_size () + die_size (123 mm²),Intel,Core i3,https://www.techpowerup.com/cpu-specs/core-i3-1000g4.c2220
Intel Core i3-1005G1,Ice Lake-U,Core i3 (Sunny Cove-U),Intel,2019-08-01,1200 MHz,15.0,2.0,4.0,,10.0,123 mm²,,,123.0,io_die_size () + die_size (123 mm²),Intel,Core i3,https://www.techpowerup.com/cpu-specs/core-i3-1005g1.c2224
Intel Core i3-10100,Comet Lake,Core i3 (Comet Lake),Intel,2020-04-30,3.6 GHz,65.0,4.0,8.0,,14.0,,,,82.4,Rule of three of cpu_specs https://www.techpowerup.com/cpu-specs/core-i9-10850k.c2336,Intel,Core i3,https://www.techpowerup.com/cpu-specs/core-i3-10100.c2206
Intel Core i3-10105,Comet Lake-R,Core i3 (Comet Lake),Intel,2021-03-16,3.7 GHz,65.0,4.0,8.0,,14.0,,,,,io_die_size () + die_size (),Intel,Core i3,https://www.techpowerup.com/cpu-specs/core-i3-10105.c2414
Intel Core i3-10105F,Comet Lake-R,Core i3 (Comet Lake),Intel,2021-03-16,3.7 GHz,65.0,4.0,8.0,,14.0,,,,,io_die_size () + die_size (),Intel,Core i3,https://www.techpowerup.com/cpu-specs/core-i3-10105f.c2415
Intel Core i3-10105T,Comet Lake-R,Core i3 (Comet Lake),Intel,2021-03-16,3 GHz,35.0,4.0,8.0,,14.0,,,,,io_die_size () + die_size (),Intel,Core i3,https://www.techpowerup.com/cpu-specs/core-i3-10105t.c2413
Intel Core i3-10110U,Comet Lake-U,Core i3 (Comet Lake-U),Intel,2019-08-21,2.1 GHz,25.0,2.0,4.0,,14.0,,,,,io_die_size () + die_size (),Intel,Core i3,https://www.techpowerup.com/cpu-specs/core-i3-10110u.c2234
Intel Core i3-10110Y,Comet Lake-Y,Core i3 (Comet Lake-Y),Intel,2019-08-21,1000 MHz,9.0,2.0,4.0,,14.0,,,,,io_die_size () + die_size (),Intel,Core i3,https://www.techpowerup.com/cpu-specs/core-i3-10110y.c2230
Intel Core i3-10300,Comet Lake,Core i3 (Comet Lake),Intel,2020-04-30,3.7 GHz,62.0,4.0,8.0,,14.0,,,,82.4,Rule of three of cpu_specs https://www.techpowerup.com/cpu-specs/core-i9-10850k.c2336,Intel,Core i3,https://www.techpowerup.com/cpu-specs/core-i3-10300.c2207
Intel Core i3-10305,Comet Lake-R,Core i3 (Comet Lake),Intel,2021-03-16,3.8 GHz,65.0,4.0,8.0,,14.0,,,,,io_die_size () + die_size (),Intel,Core i3,https://www.techpowerup.com/cpu-specs/core-i3-10305.c2411
Intel Core i3-10305T,Comet Lake-R,Core i3 (Comet Lake),Intel,2021-03-16,3 GHz,35.0,4.0,8.0,,14.0,,,,,io_die_size () + die_size (),Intel,Core i3,https://www.techpowerup.com/cpu-specs/core-i3-10305t.c2412
Intel Core i3-10320,Comet Lake,Core i3 (Comet Lake),Intel,2020-04-30,3.8 GHz,91.0,4.0,8.0,,14.0,,,,82.4,Rule of three of cpu_specs https://www.techpowerup.com/cpu-specs/core-i9-10850k.c2336,Intel,Core i3,https://www.techpowerup.com/cpu-specs/core-i3-10320.c2208
Intel Core i3-10325,Comet Lake-R,Core i3 (Comet Lake),Intel,2021-03-16,3.9 GHz,65.0,4.0,8.0,,14.0,,,,,io_die_size () + die_size (),Intel,Core i3,https://www.techpowerup.com/cpu-specs/core-i3-10325.c2410
Intel Core i3-10350K,Comet Lake,Core i3 (Comet Lake),Intel,2020-04-30,4.1 GHz,91.0,4.0,8.0,,14.0,,,,82.4,Rule of three of cpu_specs https://www.techpowerup.com/cpu-specs/core-i9-10850k.c2336,Intel,Core i3,https://www.techpowerup.com/cpu-specs/core-i3-10350k.c2209
Intel Core i3-1110G4,Tiger Lake-U,Core i3 (Willow Cove-U),Intel,2020-09-02,1800 MHz,15.0,2.0,4.0,,10.0,,,,73.0,Rule of three of cpu_specs https://www.techpowerup.com/cpu-specs/core-i7-1195g7.c2485,Intel,Core i3,https://www.techpowerup.com/cpu-specs/core-i3-1110g4.c2351
Intel Core i3-1115G4,Tiger Lake-U,Core i3 (Willow Cove-U),Intel,2020-09-02,3 GHz,28.0,2.0,4.0,,10.0,,,,73.0,Rule of three of cpu_specs https://www.techpowerup.com/cpu-specs/core-i7-1195g7.c2485,Intel,Core i3,https://www.techpowerup.com/cpu-specs/core-i3-1115g4.c2348
Intel Core i3-1120G4,Tiger Lake-U,Core i3 (Willow Cove-U),Intel,2020-09-02,1100 MHz,15.0,4.0,8.0,,10.0,,,,146.0,Value of cpu_specs https://www.techpowerup.com/cpu-specs/core-i7-1195g7.c2485,Intel,Core i3,https://www.techpowerup.com/cpu-specs/core-i3-1120g4.c2350
Intel Core i3-1125G4,Tiger Lake-U,Core i3 (Willow Cove-U),Intel,2020-09-02,2000 MHz,28.0,4.0,8.0,,10.0,,,,146.0,Value of cpu_specs https://www.techpowerup.com/cpu-specs/core-i7-1195g7.c2485,Intel,Core i3,https://www.techpowerup.com/cpu-specs/core-i3-1125g4.c2347
Intel Core i3-12100,Alder Lake-S,Core i3 (Alder Lake-S),Intel,2022-01-04,3.3 GHz,60.0,4.0,8.0,,10.0,163 mm²,,,163.0,io_die_size () + die_size (163 mm²),Intel,Core i3,https://www.techpowerup.com/cpu-specs/core-i3-12100.c2541
Intel Core i3-12100E,Alder Lake-S,Core i3 (Alder Lake-S),Intel,2022-01-04,3.2 GHz,60.0,4.0,8.0,,10.0,163 mm²,,,163.0,io_die_size () + die_size (163 mm²),Intel,Core i3,https://www.techpowerup.com/cpu-specs/core-i3-12100e.c2542
Intel Core i3-12100F,Alder Lake-S,Core i3 (Alder Lake-S),Intel,2022-01-01,3.3 GHz,58.0,4.0,8.0,,10.0,163 mm²,,,163.0,io_die_size () + die_size (163 mm²),Intel,Core i3,https://www.techpowerup.com/cpu-specs/core-i3-12100f.c2543
Intel Core i3-12100T,Alder Lake-S,Core i3 (Alder Lake-S),Intel,2022-01-01,2.2 GHz,35.0,4.0,8.0,,10.0,163 mm²,,,163.0,io_die_size () + die_size (163 mm²),Intel,Core i3,https://www.techpowerup.com/cpu-specs/core-i3-12100t.c2544
Intel Core i3-12100TE,Alder Lake-S,Core i3 (Alder Lake-S),Intel,2022-01-01,2.1 GHz,35.0,4.0,8.0,,10.0,163 mm²,,,163.0,io_die_size () + die_size (163 mm²),Intel,Core i3,https://www.techpowerup.com/cpu-specs/core-i3-12100te.c2545
Intel Core i3-1210U,Alder Lake-U,Core i3 (Alder Lake-U),Intel,2022-02-23,1000 MHz,9.0,6.0,8.0,,10.0,,,,,io_die_size () + die_size (),Intel,Core i3,https://www.techpowerup.com/cpu-specs/core-i3-1210u.c2586
Intel Core i3-1215U,Alder Lake-U,Core i3 (Alder Lake-U),Intel,2022-02-23,1200 MHz,15.0,6.0,8.0,,10.0,,,,,io_die_size () + die_size (),Intel,Core i3,https://www.techpowerup.com/cpu-specs/core-i3-1215u.c2585
Intel Core i3-1215U (IPU),Alder Lake-U,Core i3 (Alder Lake-U),Intel,2022-02-23,1200 MHz,15.0,6.0,8.0,,10.0,,,,,io_die_size () + die_size (),Intel,Core i3,https://www.techpowerup.com/cpu-specs/core-i3-1215u-ipu.c2698
Intel Core i3-1220P,Alder Lake-P,Core i3 (Alder Lake-P),Intel,2022-02-23,1500 MHz,28.0,10.0,12.0,,10.0,,,,217.0,Linear regression of cpu_specs,Intel,Core i3,https://www.techpowerup.com/cpu-specs/core-i3-1220p.c2584
Intel Core i3-12300,Alder Lake-S,Core i3 (Alder Lake-S),Intel,2022-01-01,3.5 GHz,60.0,4.0,8.0,,10.0,163 mm²,,,163.0,io_die_size () + die_size (163 mm²),Intel,Core i3,https://www.techpowerup.com/cpu-specs/core-i3-12300.c2546
Intel Core i3-12300HE,Alder Lake-H,Core i3 (Alder Lake-H),Intel,2022-01-01,1900 MHz,45.0,8.0,12.0,,10.0,217 mm²,,,217.0,io_die_size () + die_size (217 mm²),Intel,Core i3,https://www.techpowerup.com/cpu-specs/core-i3-12300he.c2547
Intel Core i3-12300T,Alder Lake-S,Core i3 (Alder Lake-S),Intel,2022-01-01,2.3 GHz,35.0,4.0,8.0,,10.0,163 mm²,,,163.0,io_die_size () + die_size (163 mm²),Intel,Core i3,https://www.techpowerup.com/cpu-specs/core-i3-12300t.c2548
Intel Core i3-1305U,Raptor Lake-U,Core i3 (Raptor Lake-U),Intel,2023-01-04,1600 MHz,15.0,5.0,6.0,,10.0,,,,,io_die_size () + die_size (),Intel,Core i3,https://www.techpowerup.com/cpu-specs/core-i3-1305u.c3062
Intel Core i3-13100,Raptor Lake-S,Core i3 (Raptor Lake),Intel,2023-01-04,3.4 GHz,60.0,4.0,8.0,,10.0,257 mm²,,,257.0,io_die_size () + die_size (257 mm²),Intel,Core i3,https://www.techpowerup.com/cpu-specs/core-i3-13100.c2998
Intel Core i3-13100E,Raptor Lake-S,Core i3 (Raptor Lake),Intel,2023-01-04,3.3 GHz,60.0,4.0,8.0,,10.0,257 mm²,,,257.0,io_die_size () + die_size (257 mm²),Intel,Core i3,https://www.techpowerup.com/cpu-specs/core-i3-13100e.c3076
Intel Core i3-13100F,Raptor Lake-S,Core i3 (Raptor Lake),Intel,2023-01-04,3.4 GHz,58.0,4.0,8.0,,10.0,257 mm²,,,257.0,io_die_size () + die_size (257 mm²),Intel,Core i3,https://www.techpowerup.com/cpu-specs/core-i3-13100f.c2999
Intel Core i3-13100T,Raptor Lake-S,Core i3 (Raptor Lake),Intel,2023-01-04,2.5 GHz,35.0,4.0,8.0,,10.0,257 mm²,,,257.0,io_die_size () + die_size (257 mm²),Intel,Core i3,https://www.techpowerup.com/cpu-specs/core-i3-13100t.c3000
Intel Core i3-13100TE,Raptor Lake-S,Core i3 (Raptor Lake),Intel,2023-01-04,2.4 GHz,35.0,4.0,8.0,,10.0,257 mm²,,,257.0,io_die_size () + die_size (257 mm²),Intel,Core i3,https://www.techpowerup.com/cpu-specs/core-i3-13100te.c3075
Intel Core i3-1315U,Raptor Lake-U,Core i3 (Raptor Lake-U),Intel,2023-01-04,1200 MHz,15.0,6.0,8.0,,10.0,,,,,io_die_size () + die_size (),Intel,Core i3,https://www.techpowerup.com/cpu-specs/core-i3-1315u.c3063
Intel Core i3-1315UE,Raptor Lake-U,Core i3 (Raptor Lake-U),Intel,2023-01-04,1200 MHz,15.0,6.0,8.0,,10.0,,,,,io_die_size () + die_size (),Intel,Core i3,https://www.techpowerup.com/cpu-specs/core-i3-1315ue.c3073
Intel Core i3-7100,Kaby Lake,Core i3 (Kaby Lake),Intel,2017-01-03,3.9 GHz,51.0,2.0,4.0,,14.0,,,,63.0,Rule of three of cpu_manufacture https://en.wikichip.org/wiki/intel/microarchitectures/kaby_lake,Intel,Core i3,https://www.techpowerup.com/cpu-specs/core-i3-7100.c1865
Intel Core i3-7100H,Kaby Lake-H,Core i3 (Kaby Lake-H),Intel,2017-01-03,2.8 GHz,35.0,2.0,4.0,,14.0,126 mm²,,,126.0,io_die_size () + die_size (126 mm²),Intel,Core i3,https://www.techpowerup.com/cpu-specs/core-i3-7100h.c3103
Intel Core i3-7100T,Kaby Lake,Core i3 (Kaby Lake),Intel,2017-01-03,3.4 GHz,35.0,2.0,4.0,,14.0,,,,63.0,Rule of three of cpu_manufacture https://en.wikichip.org/wiki/intel/microarchitectures/kaby_lake,Intel,Core i3,https://www.techpowerup.com/cpu-specs/core-i3-7100t.c1864
Intel Core i3-7120,Kaby Lake,Core i3 (Kaby Lake),Intel,2017-07-17,4 GHz,51.0,2.0,4.0,,14.0,,,,63.0,Rule of three of cpu_manufacture https://en.wikichip.org/wiki/intel/microarchitectures/kaby_lake,Intel,Core i3,https://www.techpowerup.com/cpu-specs/core-i3-7120.c1944
Intel Core i3-7120T,Kaby Lake,Core i3 (Kaby Lake),Intel,2017-07-17,3.6 GHz,35.0,2.0,4.0,,14.0,,,,63.0,Rule of three of cpu_manufacture https://en.wikichip.org/wiki/intel/microarchitectures/kaby_lake,Intel,Core i3,https://www.techpowerup.com/cpu-specs/core-i3-7120t.c1946
Intel Core i3-7300,Kaby Lake,Core i3 (Kaby Lake),Intel,2017-01-03,4 GHz,51.0,2.0,4.0,,14.0,,,,63.0,Rule of three of cpu_manufacture https://en.wikichip.org/wiki/intel/microarchitectures/kaby_lake,Intel,Core i3,https://www.techpowerup.com/cpu-specs/core-i3-7300.c1862
Intel Core i3-7300T,Kaby Lake,Core i3 (Kaby Lake),Intel,2017-01-03,3.5 GHz,35.0,2.0,4.0,,14.0,,,,63.0,Rule of three of cpu_manufacture https://en.wikichip.org/wiki/intel/microarchitectures/kaby_lake,Intel,Core i3,https://www.techpowerup.com/cpu-specs/core-i3-7300t.c1863
Intel Core i3-7320,Kaby Lake,Core i3 (Kaby Lake),Intel,2017-01-03,4.1 GHz,51.0,2.0,4.0,,14.0,,,,63.0,Rule of three of cpu_manufacture https://en.wikichip.org/wiki/intel/microarchitectures/kaby_lake,Intel,Core i3,https://www.techpowerup.com/cpu-specs/core-i3-7320.c1861
Intel Core i3-7320T,Kaby Lake,Core i3 (Kaby Lake),Intel,2017-07-17,3.6 GHz,35.0,2.0,4.0,,14.0,,,,63.0,Rule of three of cpu_manufacture https://en.wikichip.org/wiki/intel/microarchitectures/kaby_lake,Intel,Core i3,https://www.techpowerup.com/cpu-specs/core-i3-7320t.c1945
Intel Core i3-7340,Kaby Lake,Core i3 (Kaby Lake),Intel,2017-07-17,4.2 GHz,51.0,2.0,4.0,,14.0,,,,63.0,Rule of three of cpu_manufacture https://en.wikichip.org/wiki/intel/microarchitectures/kaby_lake,Intel,Core i3,https://www.techpowerup.com/cpu-specs/core-i3-7340.c1943
Intel Core i3-7350K,Kaby Lake,Core i3 (Kaby Lake),Intel,2017-01-03,4.2 GHz,60.0,2.0,4.0,,14.0,,,,63.0,Rule of three of cpu_manufacture https://en.wikichip.org/wiki/intel/microarchitectures/kaby_lake,Intel,Core i3,https://www.techpowerup.com/cpu-specs/core-i3-7350k.c1860
Intel Core i3-7360X,Kaby Lake,Core i3 (Kaby Lake),Intel,2017-10-03,4.3 GHz,112.0,2.0,4.0,,14.0,,,,63.0,Rule of three of cpu_manufacture https://en.wikichip.org/wiki/intel/microarchitectures/kaby_lake,Intel,Core i3,https://www.techpowerup.com/cpu-specs/core-i3-7360x.c1968
Intel Core i3-8020,Coffee Lake,Core i3 (Coffee Lake),Intel,2018-09-01,3.7 GHz,51.0,4.0,4.0,,14.0,126 mm²,,,126.0,io_die_size () + die_size (126 mm²),Intel,Core i3,https://www.techpowerup.com/cpu-specs/core-i3-8020.c2088
Intel Core i3-8100,Coffee Lake,Core i3 (Coffee Lake),Intel,2017-10-05,3.6 GHz,65.0,4.0,4.0,,14.0,126 mm²,,,126.0,io_die_size () + die_size (126 mm²),Intel,Core i3,https://www.techpowerup.com/cpu-specs/core-i3-8100.c1966
Intel Core i3-8100F,Coffee Lake,Core i3 (Coffee Lake),Intel,2018-09-01,3.6 GHz,65.0,4.0,4.0,,14.0,126 mm²,,,126.0,io_die_size () + die_size (126 mm²),Intel,Core i3,https://www.techpowerup.com/cpu-specs/core-i3-8100f.c2087
Intel Core i3-8100T,Coffee Lake,Core i3 (Coffee Lake),Intel,2018-04-02,3.1 GHz,35.0,4.0,4.0,,14.0,126 mm²,,,126.0,io_die_size () + die_size (126 mm²),Intel,Core i3,https://www.techpowerup.com/cpu-specs/core-i3-8100t.c2016
Intel Core i3-8109U,Kaby Lake-R,Core i3 (Kaby Lake-U Refresh),Intel,2018-04-05,3 GHz,28.0,2.0,4.0,,14.0,123 mm²,,,123.0,io_die_size () + die_size (123 mm²),Intel,Core i3,https://www.techpowerup.com/cpu-specs/core-i3-8109u.c2023
Intel Core i3-8120,Coffee Lake,Core i3 (Coffee Lake),Intel,2018-09-01,3.7 GHz,65.0,4.0,4.0,,14.0,126 mm²,,,126.0,io_die_size () + die_size (126 mm²),Intel,Core i3,https://www.techpowerup.com/cpu-specs/core-i3-8120.c2089
Intel Core i3-8121U,Cannon Lake,Core i3 (Kaby Lake-U Refresh),Intel,2018-05-05,2.2 GHz,15.0,2.0,4.0,,10.0,70.52 mm²,,,3640.0,io_die_size () + die_size (70.52 mm²),Intel,Core i3,https://www.techpowerup.com/cpu-specs/core-i3-8121u.c2070
Intel Core i3-8130U,Kaby Lake-R,Core i3 (Kaby Lake-U Refresh),Intel,2018-02-13,2.4 GHz,15.0,2.0,4.0,,14.0,123 mm²,,,123.0,io_die_size () + die_size (123 mm²),Intel,Core i3,https://www.techpowerup.com/cpu-specs/core-i3-8130u.c1996
Intel Core i3-8145U,Whiskey Lake-U,Core i3 (Whiskey Lake),Intel,2018-10-01,2.1 GHz,28.0,2.0,4.0,,10.0,123 mm²,,,123.0,io_die_size () + die_size (123 mm²),Intel,Core i3,https://www.techpowerup.com/cpu-specs/core-i3-8145u.c2101
Intel Core i3-8300,Coffee Lake,Core i3 (Coffee Lake),Intel,2018-02-14,3.7 GHz,62.0,4.0,4.0,,14.0,126 mm²,,,126.0,io_die_size () + die_size (126 mm²),Intel,Core i3,https://www.techpowerup.com/cpu-specs/core-i3-8300.c1965
Intel Core i3-8300T,Coffee Lake,Core i3 (Coffee Lake),Intel,2018-04-02,3.2 GHz,35.0,4.0,4.0,,14.0,126 mm²,,,126.0,io_die_size () + die_size (126 mm²),Intel,Core i3,https://www.techpowerup.com/cpu-specs/core-i3-8300t.c2017
Intel Core i3-8350K,Coffee Lake,Core i3 (Coffee Lake),Intel,2017-10-05,4 GHz,91.0,4.0,4.0,,14.0,126 mm²,,,126.0,io_die_size () + die_size (126 mm²),Intel,Core i3,https://www.techpowerup.com/cpu-specs/core-i3-8350k.c1967
Intel Core i3-9000,Coffee Lake,Core i3 (Coffee Lake Refresh),Intel,2018-09-01,3.7 GHz,65.0,4.0,4.0,,14.0,,,,126.0,Value of cpu_specs https://www.techpowerup.com/cpu-specs/core-i3-8020.c2088,Intel,Core i3,https://www.techpowerup.com/cpu-specs/core-i3-9000.c2095
Intel Core i3-9100,Coffee Lake,Core i3 (Coffee Lake Refresh),Intel,2018-09-01,3.6 GHz,65.0,4.0,4.0,,14.0,126 mm²,,,126.0,io_die_size () + die_size (126 mm²),Intel,Core i3,https://www.techpowerup.com/cpu-specs/core-i3-9100.c2096
Intel Core i3-9100E,Coffee Lake,Core i3 (Coffee Lake Refresh),Intel,2018-09-01,3.1 GHz,65.0,4.0,4.0,,14.0,126 mm²,,,126.0,io_die_size () + die_size (126 mm²),Intel,Core i3,https://www.techpowerup.com/cpu-specs/core-i3-9100e.c3128
Intel Core i3-9100F,Coffee Lake,Core i3 (Coffee Lake Refresh),Intel,2019-04-23,3.6 GHz,65.0,4.0,4.0,,14.0,126 mm²,,,126.0,io_die_size () + die_size (126 mm²),Intel,Core i3,https://www.techpowerup.com/cpu-specs/core-i3-9100f.c2187
Intel Core i3-9100HL,Coffee Lake,Core i3 (Coffee Lake Refresh),Intel,2019-04-01,1600 MHz,25.0,4.0,4.0,,14.0,126 mm²,,,126.0,io_die_size () + die_size (126 mm²),Intel,Core i3,https://www.techpowerup.com/cpu-specs/core-i3-9100hl.c3130
Intel Core i3-9100T,Coffee Lake,Core i3 (Coffee Lake Refresh),Intel,2018-09-01,3.1 GHz,35.0,4.0,4.0,,14.0,126 mm²,,,126.0,io_die_size () + die_size (126 mm²),Intel,Core i3,https://www.techpowerup.com/cpu-specs/core-i3-9100t.c3127
Intel Core i3-9100TE,Coffee Lake,Core i3 (Coffee Lake Refresh),Intel,2019-04-01,2.2 GHz,35.0,4.0,4.0,,14.0,126 mm²,,,126.0,io_die_size () + die_size (126 mm²),Intel,Core i3,https://www.techpowerup.com/cpu-specs/core-i3-9100te.c3129
Intel Core i3-9300,Coffee Lake,Core i3 (Coffee Lake Refresh),Intel,2019-04-23,3.7 GHz,62.0,4.0,4.0,,14.0,126 mm²,,,126.0,io_die_size () + die_size (126 mm²),Intel,Core i3,https://www.techpowerup.com/cpu-specs/core-i3-9300.c2188
Intel Core i3-9320,Coffee Lake,Core i3 (Coffee Lake Refresh),Intel,2019-04-23,3.7 GHz,62.0,4.0,4.0,,14.0,126 mm²,,,126.0,io_die_size () + die_size (126 mm²),Intel,Core i3,https://www.techpowerup.com/cpu-specs/core-i3-9320.c2189
Intel Core i3-9350K,Coffee Lake,Core i3 (Coffee Lake Refresh),Intel,2019-04-23,4 GHz,91.0,4.0,4.0,,14.0,126 mm²,,,126.0,io_die_size () + die_size (126 mm²),Intel,Core i3,https://www.techpowerup.com/cpu-specs/core-i3-9350k.c2186
Intel Core i3-9350KF,Coffee Lake,Core i3 (Coffee Lake Refresh),Intel,2019-01-08,4 GHz,91.0,4.0,4.0,,14.0,126 mm²,,,126.0,io_die_size () + die_size (126 mm²),Intel,Core i3,https://www.techpowerup.com/cpu-specs/core-i3-9350kf.c2146
Intel Core i3-N300,Gracemont,Core i3 (Alder Lake-N),Intel,2023-01-03,100 MHz,7.0,8.0,8.0,,10.0,,,,,io_die_size () + die_size (),Intel,Core i3,https://www.techpowerup.com/cpu-specs/core-i3-n300.c3014
Intel Core i3-N305,Gracemont,Core i3 (Alder Lake-N),Intel,2023-01-03,100 MHz,15.0,8.0,8.0,,10.0,,,,,io_die_size () + die_size (),Intel,Core i3,https://www.techpowerup.com/cpu-specs/core-i3-n305.c3015
Intel Core i5-10200H,Comet Lake-H,Core i5 (Comet Lake-H),Intel,2020-09-17,2.4 GHz,45.0,4.0,8.0,,14.0,,,,442.5,Rule of three of cpu_specs https://www.techpowerup.com/cpu-specs/core-i7-10875h.c2277,Intel,Core i5,https://www.techpowerup.com/cpu-specs/core-i5-10200h.c2354
Intel Core i5-10210U,Comet Lake-U,Core i5 (Comet Lake-U),Intel,2019-08-21,1600 MHz,25.0,4.0,8.0,,14.0,,,,,io_die_size () + die_size (),Intel,Core i5,https://www.techpowerup.com/cpu-specs/core-i5-10210u.c2235
Intel Core i5-10210Y,Comet Lake-Y,Core i5 (Comet Lake-Y),Intel,2019-08-21,1000 MHz,9.0,4.0,8.0,,14.0,,,,,io_die_size () + die_size (),Intel,Core i5,https://www.techpowerup.com/cpu-specs/core-i5-10210y.c2231
Intel Core i5-10300H,Comet Lake-H,Core i5 (Comet Lake-H),Intel,2020-09-17,2.5 GHz,45.0,4.0,8.0,,14.0,,,,442.5,Rule of three of cpu_specs https://www.techpowerup.com/cpu-specs/core-i7-10875h.c2277,Intel,Core i5,https://www.techpowerup.com/cpu-specs/core-i5-10300h.c2355
Intel Core i5-1030G4,Ice Lake-Y,Core i5 (Sunny Cove-Y),Intel,2019-08-01,700 MHz,9.0,4.0,8.0,,10.0,123 mm²,,,123.0,io_die_size () + die_size (123 mm²),Intel,Core i5,https://www.techpowerup.com/cpu-specs/core-i5-1030g4.c2221
Intel Core i5-1030G7,Ice Lake-Y,Core i5 (Sunny Cove-Y),Intel,2019-08-01,800 MHz,9.0,4.0,8.0,,10.0,123 mm²,,,123.0,io_die_size () + die_size (123 mm²),Intel,Core i5,https://www.techpowerup.com/cpu-specs/core-i5-1030g7.c2222
Intel Core i5-10310Y,Comet Lake-Y,Core i5 (Comet Lake-Y),Intel,2019-08-21,1100 MHz,9.0,4.0,8.0,,14.0,,,,,io_die_size () + die_size (),Intel,Core i5,https://www.techpowerup.com/cpu-specs/core-i5-10310y.c2232
Intel Core i5-1035G1,Ice Lake-U,Core i5 (Sunny Cove-U),Intel,2019-08-01,1000 MHz,15.0,4.0,8.0,,10.0,123 mm²,,,123.0,io_die_size () + die_size (123 mm²),Intel,Core i5,https://www.techpowerup.com/cpu-specs/core-i5-1035g1.c2225
Intel Core i5-1035G4,Ice Lake-U,Core i5 (Sunny Cove-U),Intel,2019-08-01,1100 MHz,15.0,4.0,8.0,,10.0,123 mm²,,,123.0,io_die_size () + die_size (123 mm²),Intel,Core i5,https://www.techpowerup.com/cpu-specs/core-i5-1035g4.c2226
Intel Core i5-1035G7,Ice Lake-U,Core i5 (Sunny Cove-U),Intel,2019-08-01,1200 MHz,15.0,4.0,8.0,,10.0,123 mm²,,,123.0,io_die_size () + die_size (123 mm²),Intel,Core i5,https://www.techpowerup.com/cpu-specs/core-i5-1035g7.c2227
Intel Core i5-1038NG7,Ice Lake-U,Core i5 (Sunny Cove-U),Intel,2020-05-04,2000 MHz,28.0,4.0,8.0,,10.0,123 mm²,,,123.0,io_die_size () + die_size (123 mm²),Intel,Core i5,https://www.techpowerup.com/cpu-specs/core-i5-1038ng7.c2676
Intel Core i5-10400,Comet Lake,Core i5 (Comet Lake),Intel,2020-04-30,2.9 GHz,65.0,6.0,12.0,,14.0,,,,123.6,Rule of three of cpu_specs https://www.techpowerup.com/cpu-specs/core-i9-10850k.c2336,Intel,Core i5,https://www.techpowerup.com/cpu-specs/core-i5-10400.c2210
Intel Core i5-10400F,Comet Lake,Core i5 (Comet Lake),Intel,2020-04-30,2.9 GHz,65.0,6.0,12.0,,14.0,,,,123.6,Rule of three of cpu_specs https://www.techpowerup.com/cpu-specs/core-i9-10850k.c2336,Intel,Core i5,https://www.techpowerup.com/cpu-specs/core-i5-10400f.c2270
Intel Core i5-10400H,Comet Lake-H,Core i5 (Comet Lake-H),Intel,2020-04-02,2.6 GHz,45.0,4.0,8.0,,14.0,,,,442.5,Rule of three of cpu_specs https://www.techpowerup.com/cpu-specs/core-i7-10875h.c2277,Intel,Core i5,https://www.techpowerup.com/cpu-specs/core-i5-10400h.c2361
Intel Core i5-10500,Comet Lake,Core i5 (Comet Lake),Intel,2020-04-30,3.1 GHz,65.0,6.0,12.0,,14.0,,,,123.6,Rule of three of cpu_specs https://www.techpowerup.com/cpu-specs/core-i9-10850k.c2336,Intel,Core i5,https://www.techpowerup.com/cpu-specs/core-i5-10500.c2211
Intel Core i5-10600,Comet Lake,Core i5 (Comet Lake),Intel,2020-04-30,3.3 GHz,65.0,6.0,12.0,,14.0,,,,123.6,Rule of three of cpu_specs https://www.techpowerup.com/cpu-specs/core-i9-10850k.c2336,Intel,Core i5,https://www.techpowerup.com/cpu-specs/core-i5-10600.c2212
Intel Core i5-10600K,Comet Lake,Core i5 (Comet Lake),Intel,2020-04-30,4.1 GHz,125.0,6.0,12.0,,14.0,,,,123.6,Rule of three of cpu_specs https://www.techpowerup.com/cpu-specs/core-i9-10850k.c2336,Intel,Core i5,https://www.techpowerup.com/cpu-specs/core-i5-10600k.c2213
Intel Core i5-10600KF,Comet Lake,Core i5 (Comet Lake),Intel,2020-04-30,4.1 GHz,95.0,6.0,12.0,,14.0,,,,123.6,Rule of three of cpu_specs https://www.techpowerup.com/cpu-specs/core-i9-10850k.c2336,Intel,Core i5,https://www.techpowerup.com/cpu-specs/core-i5-10600kf.c2275
Intel Core i5-11260H,Tiger Lake-H,Core i5 (Tiger Lake-H),Intel,2021-05-11,2.1 GHz,35.0,6.0,12.0,,10.0,190 mm²,,,190.0,io_die_size () + die_size (190 mm²),Intel,Core i5,https://www.techpowerup.com/cpu-specs/core-i5-11260h.c2478
Intel Core i5-11300H,Tiger Lake-H,Core i5 (Tiger Lake-H),Intel,2021-01-11,2.6 GHz,28.0,4.0,8.0,,10.0,146.1 mm²,,,146.0,io_die_size () + die_size (146.1 mm²),Intel,Core i5,https://www.techpowerup.com/cpu-specs/core-i5-11300h.c2831
Intel Core i5-1130G7,Tiger Lake-U,Core i5 (Willow Cove-U),Intel,2020-09-02,1100 MHz,15.0,4.0,8.0,,10.0,,,,146.0,Value of cpu_specs https://www.techpowerup.com/cpu-specs/core-i7-1195g7.c2485,Intel,Core i5,https://www.techpowerup.com/cpu-specs/core-i5-1130g7.c2349
Intel Core i5-11320H,Tiger Lake-H,Core i5 (Tiger Lake-H),Intel,2021-06-21,2.5 GHz,28.0,4.0,8.0,,10.0,146.1 mm²,,,146.0,io_die_size () + die_size (146.1 mm²),Intel,Core i5,https://www.techpowerup.com/cpu-specs/core-i5-11320h.c2832
Intel Core i5-1135G7,Tiger Lake-U,Core i5 (Willow Cove-U),Intel,2020-09-02,2.4 GHz,28.0,4.0,8.0,,10.0,,,,146.0,Value of cpu_specs https://www.techpowerup.com/cpu-specs/core-i7-1195g7.c2485,Intel,Core i5,https://www.techpowerup.com/cpu-specs/core-i5-1135g7.c2346
Intel Core i5-11400,Rocket Lake,Core i5 (Rocket Lake-S),Intel,2021-03-16,2.6 GHz,65.0,6.0,12.0,,14.0,276 mm²,,,276.0,io_die_size () + die_size (276 mm²),Intel,Core i5,https://www.techpowerup.com/cpu-specs/core-i5-11400.c2406
Intel Core i5-11400F,Rocket Lake,Core i5 (Rocket Lake-S),Intel,2021-03-16,2.6 GHz,65.0,6.0,12.0,,14.0,276 mm²,,,276.0,io_die_size () + die_size (276 mm²),Intel,Core i5,https://www.techpowerup.com/cpu-specs/core-i5-11400f.c2407
Intel Core i5-11400H,Tiger Lake-H,Core i5 (Tiger Lake-H),Intel,2021-05-11,2.2 GHz,35.0,6.0,12.0,,10.0,190 mm²,,,190.0,io_die_size () + die_size (190 mm²),Intel,Core i5,https://www.techpowerup.com/cpu-specs/core-i5-11400h.c2477
Intel Core i5-11400T,Rocket Lake,Core i5 (Rocket Lake-S),Intel,2021-03-16,1300 MHz,35.0,6.0,12.0,,14.0,276 mm²,,,276.0,io_die_size () + die_size (276 mm²),Intel,Core i5,https://www.techpowerup.com/cpu-specs/core-i5-11400t.c2405
Intel Core i5-1145G7,Tiger Lake-U,Core i5 (Willow Cove-U),Intel,2020-09-02,2.6 GHz,28.0,4.0,8.0,,10.0,,,,146.0,Value of cpu_specs https://www.techpowerup.com/cpu-specs/core-i7-1195g7.c2485,Intel,Core i5,https://www.techpowerup.com/cpu-specs/core-i5-1145g7.c2352
Intel Core i5-11500,Rocket Lake,Core i5 (Rocket Lake-S),Intel,2021-03-16,2.7 GHz,65.0,6.0,12.0,,14.0,276 mm²,,,276.0,io_die_size () + die_size (276 mm²),Intel,Core i5,https://www.techpowerup.com/cpu-specs/core-i5-11500.c2408
Intel Core i5-11500H,Tiger Lake-H,Core i5 (Tiger Lake-H),Intel,2021-05-11,2.4 GHz,35.0,6.0,12.0,,10.0,190 mm²,,,190.0,io_die_size () + die_size (190 mm²),Intel,Core i5,https://www.techpowerup.com/cpu-specs/core-i5-11500h.c2481
Intel Core i5-11500T,Rocket Lake,Core i5 (Rocket Lake-S),Intel,2021-03-16,1500 MHz,35.0,6.0,12.0,,14.0,276 mm²,,,276.0,io_die_size () + die_size (276 mm²),Intel,Core i5,https://www.techpowerup.com/cpu-specs/core-i5-11500t.c2404
Intel Core i5-1155G7,Tiger Lake-U,Core i5 (Willow Cove-U),Intel,2021-05-31,2.5 GHz,28.0,4.0,8.0,,10.0,,,,146.0,Value of cpu_specs https://www.techpowerup.com/cpu-specs/core-i7-1195g7.c2485,Intel,Core i5,https://www.techpowerup.com/cpu-specs/core-i5-1155g7.c2486
Intel Core i5-11600,Rocket Lake,Core i5 (Rocket Lake-S),Intel,2021-03-16,2.8 GHz,65.0,6.0,12.0,,14.0,276 mm²,,,276.0,io_die_size () + die_size (276 mm²),Intel,Core i5,https://www.techpowerup.com/cpu-specs/core-i5-11600.c2402
Intel Core i5-11600K,Rocket Lake,Core i5 (Rocket Lake-S),Intel,2021-03-16,3.9 GHz,125.0,6.0,12.0,,14.0,276 mm²,,,276.0,io_die_size () + die_size (276 mm²),Intel,Core i5,https://www.techpowerup.com/cpu-specs/core-i5-11600k.c2400
Intel Core i5-11600KF,Rocket Lake,Core i5 (Rocket Lake-S),Intel,2021-03-16,3.9 GHz,125.0,6.0,12.0,,14.0,276 mm²,,,276.0,io_die_size () + die_size (276 mm²),Intel,Core i5,https://www.techpowerup.com/cpu-specs/core-i5-11600kf.c2401
Intel Core i5-11600T,Rocket Lake,Core i5 (Rocket Lake-S),Intel,2021-03-16,1700 MHz,35.0,6.0,12.0,,14.0,276 mm²,,,276.0,io_die_size () + die_size (276 mm²),Intel,Core i5,https://www.techpowerup.com/cpu-specs/core-i5-11600t.c2403
Intel Core i5-1230U,Alder Lake-U,Core i5 (Alder Lake-U),Intel,2022-02-23,1000 MHz,9.0,10.0,12.0,,10.0,,,,,io_die_size () + die_size (),Intel,Core i5,https://www.techpowerup.com/cpu-specs/core-i5-1230u.c2587
Intel Core i5-1235U,Alder Lake-U,Core i5 (Alder Lake-U),Intel,2022-02-23,1300 MHz,15.0,10.0,12.0,,10.0,,,,,io_die_size () + die_size (),Intel,Core i5,https://www.techpowerup.com/cpu-specs/core-i5-1235u.c2591
Intel Core i5-1235U (IPU),Alder Lake-U,Core i5 (Alder Lake-U),Intel,2022-02-23,1300 MHz,15.0,10.0,12.0,,10.0,,,,,io_die_size () + die_size (),Intel,Core i5,https://www.techpowerup.com/cpu-specs/core-i5-1235u-ipu.c2699
Intel Core i5-12400,Alder Lake-S,Core i5 (Alder Lake-S),Intel,2022-01-04,2.5 GHz,65.0,6.0,12.0,,10.0,163 mm²,,,163.0,io_die_size () + die_size (163 mm²),Intel,Core i5,https://www.techpowerup.com/cpu-specs/core-i5-12400.c2549
Intel Core i5-12400F,Alder Lake-S,Core i5 (Alder Lake-S),Intel,2022-01-04,2.5 GHz,65.0,6.0,12.0,,10.0,163 mm²,,,163.0,io_die_size () + die_size (163 mm²),Intel,Core i5,https://www.techpowerup.com/cpu-specs/core-i5-12400f.c2550
Intel Core i5-12400T,Alder Lake-S,Core i5 (Alder Lake-S),Intel,2022-01-01,1800 MHz,35.0,6.0,12.0,,10.0,163 mm²,,,163.0,io_die_size () + die_size (163 mm²),Intel,Core i5,https://www.techpowerup.com/cpu-specs/core-i5-12400t.c2551
Intel Core i5-1240P,Alder Lake-P,Core i5 (Alder Lake-P),Intel,2022-02-23,1700 MHz,28.0,12.0,16.0,,10.0,217 mm²,,,217.0,io_die_size () + die_size (217 mm²),Intel,Core i5,https://www.techpowerup.com/cpu-specs/core-i5-1240p.c2583
Intel Core i5-1240U,Alder Lake-U,Core i5 (Alder Lake-U),Intel,2022-02-23,1100 MHz,9.0,10.0,12.0,,10.0,,,,,io_die_size () + die_size (),Intel,Core i5,https://www.techpowerup.com/cpu-specs/core-i5-1240u.c2588
Intel Core i5-12450H,Alder Lake-H,Core i5 (Alder Lake-H),Intel,2022-01-01,2000 MHz,45.0,8.0,12.0,,10.0,217 mm²,,,217.0,io_die_size () + die_size (217 mm²),Intel,Core i5,https://www.techpowerup.com/cpu-specs/core-i5-12450h.c2533
Intel Core i5-12450HX,Alder Lake-HX,Core i5 (Alder Lake-HX),Intel,2022-05-10,2.4 GHz,55.0,8.0,12.0,,10.0,215 mm²,,,215.0,io_die_size () + die_size (215 mm²),Intel,Core i5,https://www.techpowerup.com/cpu-specs/core-i5-12450hx.c2792
Intel Core i5-1245U,Alder Lake-U,Core i5 (Alder Lake-U),Intel,2022-02-23,1600 MHz,15.0,10.0,12.0,,10.0,,,,,io_die_size () + die_size (),Intel,Core i5,https://www.techpowerup.com/cpu-specs/core-i5-1245u.c2592
Intel Core i5-12490F,Alder Lake-S,Core i5 (Alder Lake-S),Intel,2022-01-01,3 GHz,65.0,6.0,12.0,,10.0,163 mm²,,,163.0,io_die_size () + die_size (163 mm²),Intel,Core i5,https://www.techpowerup.com/cpu-specs/core-i5-12490f.c2599
Intel Core i5-12500,Alder Lake-S,Core i5 (Alder Lake-S),Intel,2022-01-04,3 GHz,65.0,6.0,12.0,,10.0,163 mm²,,,163.0,io_die_size () + die_size (163 mm²),Intel,Core i5,https://www.techpowerup.com/cpu-specs/core-i5-12500.c2552
Intel Core i5-12500E,Alder Lake-S,Core i5 (Alder Lake-S),Intel,2022-01-01,2.9 GHz,65.0,6.0,12.0,,10.0,163 mm²,,,163.0,io_die_size () + die_size (163 mm²),Intel,Core i5,https://www.techpowerup.com/cpu-specs/core-i5-12500e.c2553
Intel Core i5-12500H,Alder Lake-H,Core i5 (Alder Lake-H),Intel,2022-01-01,2.5 GHz,45.0,12.0,16.0,,10.0,217 mm²,,,217.0,io_die_size () + die_size (217 mm²),Intel,Core i5,https://www.techpowerup.com/cpu-specs/core-i5-12500h.c2534
Intel Core i5-12500T,Alder Lake-S,Core i5 (Alder Lake-S),Intel,2022-01-01,2000 MHz,35.0,6.0,12.0,,10.0,163 mm²,,,163.0,io_die_size () + die_size (163 mm²),Intel,Core i5,https://www.techpowerup.com/cpu-specs/core-i5-12500t.c2554
Intel Core i5-12500TE,Alder Lake-S,Core i5 (Alder Lake-S),Intel,2022-01-01,1900 MHz,35.0,6.0,12.0,,10.0,163 mm²,,,163.0,io_die_size () + die_size (163 mm²),Intel,Core i5,https://www.techpowerup.com/cpu-specs/core-i5-12500te.c2555
Intel Core i5-1250P,Alder Lake-P,Core i5 (Alder Lake-P),Intel,2022-02-23,1700 MHz,28.0,12.0,16.0,,10.0,217 mm²,,,217.0,io_die_size () + die_size (217 mm²),Intel,Core i5,https://www.techpowerup.com/cpu-specs/core-i5-1250p.c2582
Intel Core i5-12600,Alder Lake-S,Core i5 (Alder Lake-S),Intel,2022-01-01,3.3 GHz,65.0,6.0,12.0,,10.0,163 mm²,,,163.0,io_die_size () + die_size (163 mm²),Intel,Core i5,https://www.techpowerup.com/cpu-specs/core-i5-12600.c2556
Intel Core i5-12600H,Alder Lake-H,Core i5 (Alder Lake-H),Intel,2022-01-01,2.7 GHz,45.0,12.0,16.0,,10.0,217 mm²,,,217.0,io_die_size () + die_size (217 mm²),Intel,Core i5,https://www.techpowerup.com/cpu-specs/core-i5-12600h.c2535
Intel Core i5-12600HE,Alder Lake-H,Core i5 (Alder Lake-H),Intel,2022-01-01,2.5 GHz,45.0,12.0,16.0,,10.0,217 mm²,,,217.0,io_die_size () + die_size (217 mm²),Intel,Core i5,https://www.techpowerup.com/cpu-specs/core-i5-12600he.c2557
Intel Core i5-12600HX,Alder Lake-HX,Core i5 (Alder Lake-HX),Intel,2022-05-10,2.5 GHz,55.0,12.0,16.0,,10.0,215 mm²,,,215.0,io_die_size () + die_size (215 mm²),Intel,Core i5,https://www.techpowerup.com/cpu-specs/core-i5-12600hx.c2791
Intel Core i5-12600K,Alder Lake-S,Core i5 (Alder Lake-S),Intel,2021-11-04,3.7 GHz,125.0,10.0,16.0,,10.0,215 mm²,,,215.0,io_die_size () + die_size (215 mm²),Intel,Core i5,https://www.techpowerup.com/cpu-specs/core-i5-12600k.c2509
Intel Core i5-12600KF,Alder Lake-S,Core i5 (Alder Lake-S),Intel,2021-11-04,3.7 GHz,125.0,10.0,16.0,,10.0,215 mm²,,,215.0,io_die_size () + die_size (215 mm²),Intel,Core i5,https://www.techpowerup.com/cpu-specs/core-i5-12600kf.c2510
Intel Core i5-12600T,Alder Lake-S,Core i5 (Alder Lake-S),Intel,2022-01-01,2.1 GHz,35.0,6.0,12.0,,10.0,163 mm²,,,163.0,io_die_size () + die_size (163 mm²),Intel,Core i5,https://www.techpowerup.com/cpu-specs/core-i5-12600t.c2558
Intel Core i5-1334U,Raptor Lake-U,Core i5 (Raptor Lake-U),Intel,2023-01-04,1300 MHz,15.0,10.0,12.0,,10.0,,,,,io_die_size () + die_size (),Intel,Core i5,https://www.techpowerup.com/cpu-specs/core-i5-1334u.c3064
Intel Core i5-1335U,Raptor Lake-U,Core i5 (Raptor Lake-U),Intel,2023-01-04,1300 MHz,15.0,10.0,12.0,,10.0,,,,,io_die_size () + die_size (),Intel,Core i5,https://www.techpowerup.com/cpu-specs/core-i5-1335u.c3065
Intel Core i5-1335UE,Raptor Lake-U,Core i5 (Raptor Lake-U),Intel,2023-01-04,1300 MHz,15.0,10.0,12.0,,10.0,,,,,io_die_size () + die_size (),Intel,Core i5,https://www.techpowerup.com/cpu-specs/core-i5-1335ue.c3066
Intel Core i5-13400,Raptor Lake-S,Core i5 (Raptor Lake),Intel,2023-01-04,2.5 GHz,65.0,10.0,16.0,,10.0,257 mm²,,,257.0,io_die_size () + die_size (257 mm²),Intel,Core i5,https://www.techpowerup.com/cpu-specs/core-i5-13400.c2994
Intel Core i5-13400E,Raptor Lake-S,Core i5 (Raptor Lake),Intel,2023-01-04,2.4 GHz,65.0,10.0,16.0,,10.0,257 mm²,,,257.0,io_die_size () + die_size (257 mm²),Intel,Core i5,https://www.techpowerup.com/cpu-specs/core-i5-13400e.c3079
Intel Core i5-13400F,Raptor Lake-S,Core i5 (Raptor Lake),Intel,2023-01-04,2.5 GHz,65.0,10.0,16.0,,10.0,257 mm²,,,257.0,io_die_size () + die_size (257 mm²),Intel,Core i5,https://www.techpowerup.com/cpu-specs/core-i5-13400f.c2995
Intel Core i5-13400T,Raptor Lake-S,Core i5 (Raptor Lake),Intel,2023-01-04,1300 MHz,35.0,10.0,16.0,,10.0,257 mm²,,,257.0,io_die_size () + die_size (257 mm²),Intel,Core i5,https://www.techpowerup.com/cpu-specs/core-i5-13400t.c3006
Intel Core i5-1340P,Raptor Lake-P,Core i5 (Raptor Lake-P),Intel,2023-01-04,1900 MHz,28.0,12.0,16.0,,10.0,,,,186.0,Rule of three of cpu_specs https://www.techpowerup.com/cpu-specs/core-i7-1370p.c3055,Intel,Core i5,https://www.techpowerup.com/cpu-specs/core-i5-1340p.c3061
Intel Core i5-13420H,Raptor Lake-H,Core i5 (Raptor Lake-H),Intel,2023-01-04,2.1 GHz,45.0,8.0,12.0,,10.0,,,,146.9,Rule of three of cpu_specs https://www.techpowerup.com/cpu-specs/core-i7-13705h.c3051,Intel,Core i5,https://www.techpowerup.com/cpu-specs/core-i5-13420h.c3058
Intel Core i5-13450HX,Raptor Lake-HX,Core i5 (Raptor Lake-HX),Intel,2023-01-04,2.4 GHz,55.0,10.0,16.0,,10.0,257 mm²,,,257.0,io_die_size () + die_size (257 mm²),Intel,Core i5,https://www.techpowerup.com/cpu-specs/core-i5-13450hx.c3032
Intel Core i5-1345U,Raptor Lake-U,Core i5 (Raptor Lake-U),Intel,2023-01-04,1600 MHz,15.0,10.0,12.0,,10.0,,,,,io_die_size () + die_size (),Intel,Core i5,https://www.techpowerup.com/cpu-specs/core-i5-1345u.c3067
Intel Core i5-1345UE,Raptor Lake-U,Core i5 (Raptor Lake-U),Intel,2023-01-04,1400 MHz,15.0,10.0,12.0,,10.0,,,,,io_die_size () + die_size (),Intel,Core i5,https://www.techpowerup.com/cpu-specs/core-i5-1345ue.c3068
Intel Core i5-13490F,Raptor Lake-S,Core i5 (Raptor Lake),Intel,2023-02-10,2.5 GHz,65.0,10.0,16.0,,10.0,257 mm²,,,257.0,io_die_size () + die_size (257 mm²),Intel,Core i5,https://www.techpowerup.com/cpu-specs/core-i5-13490f.c3097
Intel Core i5-13500,Raptor Lake-S,Core i5 (Raptor Lake),Intel,2023-01-04,2.5 GHz,65.0,14.0,20.0,,10.0,257 mm²,,,257.0,io_die_size () + die_size (257 mm²),Intel,Core i5,https://www.techpowerup.com/cpu-specs/core-i5-13500.c2851
Intel Core i5-13500E,Raptor Lake-S,Core i5 (Raptor Lake),Intel,2023-01-04,2.4 GHz,65.0,14.0,20.0,,10.0,257 mm²,,,257.0,io_die_size () + die_size (257 mm²),Intel,Core i5,https://www.techpowerup.com/cpu-specs/core-i5-13500e.c3078
Intel Core i5-13500H,Raptor Lake-H,Core i5 (Raptor Lake-H),Intel,2023-01-04,2.6 GHz,45.0,12.0,16.0,,10.0,,,,220.3,Rule of three of cpu_specs https://www.techpowerup.com/cpu-specs/core-i7-13705h.c3051,Intel,Core i5,https://www.techpowerup.com/cpu-specs/core-i5-13500h.c3057
Intel Core i5-13500HX,Raptor Lake-HX,Core i5 (Raptor Lake-HX),Intel,2023-01-04,2.5 GHz,55.0,14.0,20.0,,10.0,257 mm²,,,257.0,io_die_size () + die_size (257 mm²),Intel,Core i5,https://www.techpowerup.com/cpu-specs/core-i5-13500hx.c3031
Intel Core i5-13500T,Raptor Lake-S,Core i5 (Raptor Lake),Intel,2023-01-04,1600 MHz,35.0,14.0,20.0,,10.0,257 mm²,,,257.0,io_die_size () + die_size (257 mm²),Intel,Core i5,https://www.techpowerup.com/cpu-specs/core-i5-13500t.c3005
Intel Core i5-13500TE,Raptor Lake-S,Core i5 (Raptor Lake),Intel,2023-01-04,1300 MHz,35.0,14.0,20.0,,10.0,257 mm²,,,257.0,io_die_size () + die_size (257 mm²),Intel,Core i5,https://www.techpowerup.com/cpu-specs/core-i5-13500te.c3077
Intel Core i5-13505H,Raptor Lake-H,Core i5 (Raptor Lake-H),Intel,2023-01-04,2.6 GHz,45.0,12.0,16.0,,10.0,,,,220.3,Rule of three of cpu_specs https://www.techpowerup.com/cpu-specs/core-i7-13705h.c3051,Intel,Core i5,https://www.techpowerup.com/cpu-specs/core-i5-13505h.c3056
Intel Core i5-1350P,Raptor Lake-P,Core i5 (Raptor Lake-P),Intel,2023-01-04,1900 MHz,28.0,12.0,16.0,,10.0,,,,186.0,Rule of three of cpu_specs https://www.techpowerup.com/cpu-specs/core-i7-1370p.c3055,Intel,Core i5,https://www.techpowerup.com/cpu-specs/core-i5-1350p.c3060
Intel Core i5-13600,Raptor Lake-S,Core i5 (Raptor Lake),Intel,2023-01-04,2.7 GHz,65.0,14.0,20.0,,10.0,257 mm²,,,257.0,io_die_size () + die_size (257 mm²),Intel,Core i5,https://www.techpowerup.com/cpu-specs/core-i5-13600.c3003
Intel Core i5-13600H,Raptor Lake-H,Core i5 (Raptor Lake-H),Intel,2023-01-04,2.8 GHz,45.0,12.0,16.0,,10.0,,,,220.3,Rule of three of cpu_specs https://www.techpowerup.com/cpu-specs/core-i7-13705h.c3051,Intel,Core i5,https://www.techpowerup.com/cpu-specs/core-i5-13600h.c3054
Intel Core i5-13600HX,Raptor Lake-HX,Core i5 (Raptor Lake-HX),Intel,2023-01-04,2.6 GHz,55.0,14.0,20.0,,10.0,257 mm²,,,257.0,io_die_size () + die_size (257 mm²),Intel,Core i5,https://www.techpowerup.com/cpu-specs/core-i5-13600hx.c3030
Intel Core i5-13600K,Raptor Lake-S,Core i5 (Raptor Lake),Intel,2022-09-27,3.5 GHz,125.0,14.0,20.0,,10.0,257 mm²,,,257.0,io_die_size () + die_size (257 mm²),Intel,Core i5,https://www.techpowerup.com/cpu-specs/core-i5-13600k.c2829
Intel Core i5-13600KF,Raptor Lake-S,Core i5 (Raptor Lake),Intel,2022-09-27,3.5 GHz,125.0,14.0,20.0,,10.0,257 mm²,,,257.0,io_die_size () + die_size (257 mm²),Intel,Core i5,https://www.techpowerup.com/cpu-specs/core-i5-13600kf.c2852
Intel Core i5-13600T,Raptor Lake-S,Core i5 (Raptor Lake),Intel,2023-01-04,1800 MHz,35.0,14.0,20.0,,10.0,257 mm²,,,257.0,io_die_size () + die_size (257 mm²),Intel,Core i5,https://www.techpowerup.com/cpu-specs/core-i5-13600t.c3004
Intel Core i5-7300HQ,Kaby Lake-H,Core i5 (Kaby Lake-H),Intel,2017-01-03,2.5 GHz,45.0,4.0,4.0,,14.0,126 mm²,,,126.0,io_die_size () + die_size (126 mm²),Intel,Core i5,https://www.techpowerup.com/cpu-specs/core-i5-7300hq.c1998
Intel Core i5-7400,Kaby Lake,Core i5 (Kaby Lake),Intel,2017-01-03,3 GHz,65.0,4.0,4.0,,14.0,,,,126.0,Value of cpu_manufacture https://en.wikichip.org/wiki/intel/microarchitectures/kaby_lake,Intel,Core i5,https://www.techpowerup.com/cpu-specs/core-i5-7400.c1851
Intel Core i5-7400T,Kaby Lake,Core i5 (Kaby Lake),Intel,2017-01-03,2.4 GHz,35.0,4.0,4.0,,14.0,,,,126.0,Value of cpu_manufacture https://en.wikichip.org/wiki/intel/microarchitectures/kaby_lake,Intel,Core i5,https://www.techpowerup.com/cpu-specs/core-i5-7400t.c1859
Intel Core i5-7440HQ,Kaby Lake-H,Core i5 (Kaby Lake-H),Intel,2017-01-03,2.8 GHz,45.0,4.0,4.0,,14.0,126 mm²,,,126.0,io_die_size () + die_size (126 mm²),Intel,Core i5,https://www.techpowerup.com/cpu-specs/core-i5-7440hq.c3102
Intel Core i5-7500,Kaby Lake,Core i5 (Kaby Lake),Intel,2017-01-03,3.4 GHz,65.0,4.0,4.0,,14.0,,,,126.0,Value of cpu_manufacture https://en.wikichip.org/wiki/intel/microarchitectures/kaby_lake,Intel,Core i5,https://www.techpowerup.com/cpu-specs/core-i5-7500.c1850
Intel Core i5-7500T,Kaby Lake,Core i5 (Kaby Lake),Intel,2017-01-03,2.7 GHz,35.0,4.0,4.0,,14.0,,,,126.0,Value of cpu_manufacture https://en.wikichip.org/wiki/intel/microarchitectures/kaby_lake,Intel,Core i5,https://www.techpowerup.com/cpu-specs/core-i5-7500t.c1854
Intel Core i5-7600,Kaby Lake,Core i5 (Kaby Lake),Intel,2017-01-03,3.5 GHz,65.0,4.0,4.0,,14.0,,,,126.0,Value of cpu_manufacture https://en.wikichip.org/wiki/intel/microarchitectures/kaby_lake,Intel,Core i5,https://www.techpowerup.com/cpu-specs/core-i5-7600.c1849
Intel Core i5-7600K,Kaby Lake,Core i5 (Kaby Lake),Intel,2017-01-03,3.8 GHz,91.0,4.0,4.0,,14.0,,,,126.0,Value of cpu_manufacture https://en.wikichip.org/wiki/intel/microarchitectures/kaby_lake,Intel,Core i5,https://www.techpowerup.com/cpu-specs/core-i5-7600k.c1848
Intel Core i5-7600T,Kaby Lake,Core i5 (Kaby Lake),Intel,2017-01-03,2.8 GHz,35.0,4.0,4.0,,14.0,,,,126.0,Value of cpu_manufacture https://en.wikichip.org/wiki/intel/microarchitectures/kaby_lake,Intel,Core i5,https://www.techpowerup.com/cpu-specs/core-i5-7600t.c1853
Intel Core i5-7640X,Kaby Lake-X,Core i5 (X-Series),Intel,2017-06-26,3.9 GHz,112.0,4.0,4.0,,14.0,,,,,io_die_size () + die_size (),Intel,Core i5,https://www.techpowerup.com/cpu-specs/core-i5-7640x.c1867
Intel Core i5-8250U,Kaby Lake-R,Core i5 (Kaby Lake-U Refresh),Intel,2017-08-21,1600 MHz,15.0,4.0,8.0,,14.0,123 mm²,,,123.0,io_die_size () + die_size (123 mm²),Intel,Core i5,https://www.techpowerup.com/cpu-specs/core-i5-8250u.c1972
Intel Core i5-8259U,Coffee Lake-U,Core i5 (Coffee Lake-U),Intel,2018-04-05,2.3 GHz,28.0,4.0,8.0,,14.0,123 mm²,,,123.0,io_die_size () + die_size (123 mm²),Intel,Core i5,https://www.techpowerup.com/cpu-specs/core-i5-8259u.c2024
Intel Core i5-8265U,Whiskey Lake-U,Core i5 (Whiskey Lake),Intel,2018-10-01,1600 MHz,28.0,4.0,8.0,,14.0,123 mm²,,,123.0,io_die_size () + die_size (123 mm²),Intel,Core i5,https://www.techpowerup.com/cpu-specs/core-i5-8265u.c2102
Intel Core i5-8269U,Kaby Lake-R,Core i5 (Kaby Lake-U Refresh),Intel,2018-04-05,2.6 GHz,28.0,4.0,8.0,,14.0,123 mm²,,,123.0,io_die_size () + die_size (123 mm²),Intel,Core i5,https://www.techpowerup.com/cpu-specs/core-i5-8269u.c2025
Intel Core i5-8300H,Coffee Lake-H,Core i5 (Coffee Lake-H),Intel,2018-04-02,2.3 GHz,45.0,4.0,8.0,,14.0,126 mm²,,,126.0,io_die_size () + die_size (126 mm²),Intel,Core i5,https://www.techpowerup.com/cpu-specs/core-i5-8300h.c1994
Intel Core i5-8305G,Kaby Lake G,Core i5 (Kaby Lake-G),Intel,2018-02-01,2.8 GHz,65.0,4.0,8.0,,14.0,,,,125.0,Value of cpu_specs https://www.techpowerup.com/cpu-specs/core-i7-8705g.c1981,Intel,Core i5,https://www.techpowerup.com/cpu-specs/core-i5-8305g.c1982
Intel Core i5-8350U,Kaby Lake-R,Core i5 (Kaby Lake-U Refresh),Intel,2017-08-21,1700 MHz,15.0,4.0,8.0,,14.0,123 mm²,,,123.0,io_die_size () + die_size (123 mm²),Intel,Core i5,https://www.techpowerup.com/cpu-specs/core-i5-8350u.c1973
Intel Core i5-8400,Coffee Lake,Core i5 (Coffee Lake),Intel,2017-10-05,2.8 GHz,65.0,6.0,6.0,,14.0,,,,154.0,Value of cpu_specs https://www.techpowerup.com/cpu-specs/core-i5-8500b.c2896,Intel,Core i5,https://www.techpowerup.com/cpu-specs/core-i5-8400.c1964
Intel Core i5-8400H,Coffee Lake-H,Core i5 (Coffee Lake-H),Intel,2018-04-02,2.5 GHz,45.0,4.0,8.0,,14.0,126 mm²,,,126.0,io_die_size () + die_size (126 mm²),Intel,Core i5,https://www.techpowerup.com/cpu-specs/core-i5-8400h.c1993
Intel Core i5-8400T,Coffee Lake,Core i5 (Coffee Lake),Intel,2018-04-02,1700 MHz,35.0,6.0,6.0,,14.0,,,,154.0,Value of cpu_specs https://www.techpowerup.com/cpu-specs/core-i5-8500b.c2896,Intel,Core i5,https://www.techpowerup.com/cpu-specs/core-i5-8400t.c2018
Intel Core i5-8420,Coffee Lake,Core i5 (Coffee Lake),Intel,2018-09-01,2.9 GHz,65.0,6.0,6.0,,14.0,,,,154.0,Value of cpu_specs https://www.techpowerup.com/cpu-specs/core-i5-8500b.c2896,Intel,Core i5,https://www.techpowerup.com/cpu-specs/core-i5-8420.c2083
Intel Core i5-8420T,Coffee Lake,Core i5 (Coffee Lake),Intel,2018-09-01,1800 MHz,35.0,6.0,6.0,,14.0,,,,154.0,Value of cpu_specs https://www.techpowerup.com/cpu-specs/core-i5-8500b.c2896,Intel,Core i5,https://www.techpowerup.com/cpu-specs/core-i5-8420t.c2084
Intel Core i5-8500,Coffee Lake,Core i5 (Coffee Lake),Intel,2018-02-14,3 GHz,65.0,6.0,6.0,,14.0,,,,154.0,Value of cpu_specs https://www.techpowerup.com/cpu-specs/core-i5-8500b.c2896,Intel,Core i5,https://www.techpowerup.com/cpu-specs/core-i5-8500.c1984
Intel Core i5-8500B,Coffee Lake,Core i5 (Coffee Lake),Intel,2018-04-03,3 GHz,65.0,6.0,6.0,,14.0,154 mm²,,,154.0,io_die_size () + die_size (154 mm²),Intel,Core i5,https://www.techpowerup.com/cpu-specs/core-i5-8500b.c2896
Intel Core i5-8500T,Coffee Lake,Core i5 (Coffee Lake),Intel,2018-04-02,2.1 GHz,35.0,6.0,6.0,,14.0,,,,154.0,Value of cpu_specs https://www.techpowerup.com/cpu-specs/core-i5-8500b.c2896,Intel,Core i5,https://www.techpowerup.com/cpu-specs/core-i5-8500t.c2019
Intel Core i5-8550,Coffee Lake,Core i5 (Coffee Lake),Intel,2018-09-01,3 GHz,65.0,6.0,6.0,,14.0,,,,154.0,Value of cpu_specs https://www.techpowerup.com/cpu-specs/core-i5-8500b.c2896,Intel,Core i5,https://www.techpowerup.com/cpu-specs/core-i5-8550.c2085
Intel Core i5-8600,Coffee Lake,Core i5 (Coffee Lake),Intel,2018-02-14,3.1 GHz,65.0,6.0,6.0,,14.0,,,,154.0,Value of cpu_specs https://www.techpowerup.com/cpu-specs/core-i5-8500b.c2896,Intel,Core i5,https://www.techpowerup.com/cpu-specs/core-i5-8600.c1985
Intel Core i5-8600K,Coffee Lake,Core i5 (Coffee Lake),Intel,2017-10-05,3.6 GHz,95.0,6.0,6.0,,14.0,,,,154.0,Value of cpu_specs https://www.techpowerup.com/cpu-specs/core-i5-8500b.c2896,Intel,Core i5,https://www.techpowerup.com/cpu-specs/core-i5-8600k.c1948
Intel Core i5-8600T,Coffee Lake,Core i5 (Coffee Lake),Intel,2018-04-02,2.3 GHz,35.0,6.0,6.0,,14.0,,,,154.0,Value of cpu_specs https://www.techpowerup.com/cpu-specs/core-i5-8500b.c2896,Intel,Core i5,https://www.techpowerup.com/cpu-specs/core-i5-8600t.c2020
Intel Core i5-8650,Coffee Lake,Core i5 (Coffee Lake),Intel,2018-09-01,3.1 GHz,65.0,6.0,6.0,,14.0,,,,154.0,Value of cpu_specs https://www.techpowerup.com/cpu-specs/core-i5-8500b.c2896,Intel,Core i5,https://www.techpowerup.com/cpu-specs/core-i5-8650.c2082
Intel Core i5-8650K,Coffee Lake,Core i5 (Coffee Lake),Intel,2018-09-01,3.7 GHz,95.0,6.0,6.0,,14.0,,,,154.0,Value of cpu_specs https://www.techpowerup.com/cpu-specs/core-i5-8500b.c2896,Intel,Core i5,https://www.techpowerup.com/cpu-specs/core-i5-8650k.c2081
Intel Core i5-9400,Coffee Lake,Core i5 (Coffee Lake Refresh),Intel,2018-10-19,2.9 GHz,65.0,6.0,6.0,,14.0,,,,154.0,Value of cpu_specs https://www.techpowerup.com/cpu-specs/core-i5-8500b.c2896,Intel,Core i5,https://www.techpowerup.com/cpu-specs/core-i5-9400.c2092
Intel Core i5-9400F,Coffee Lake,Core i5 (Coffee Lake Refresh),Intel,2019-01-08,2.9 GHz,65.0,6.0,6.0,,14.0,,,,154.0,Value of cpu_specs https://www.techpowerup.com/cpu-specs/core-i5-8500b.c2896,Intel,Core i5,https://www.techpowerup.com/cpu-specs/core-i5-9400f.c2145
Intel Core i5-9400T,Coffee Lake,Core i5 (Coffee Lake Refresh),Intel,2018-09-01,1800 MHz,35.0,6.0,6.0,,14.0,,,,154.0,Value of cpu_specs https://www.techpowerup.com/cpu-specs/core-i5-8500b.c2896,Intel,Core i5,https://www.techpowerup.com/cpu-specs/core-i5-9400t.c2093
Intel Core i5-9500,Coffee Lake,Core i5 (Coffee Lake Refresh),Intel,2018-10-19,3 GHz,65.0,6.0,6.0,,14.0,,,,154.0,Value of cpu_specs https://www.techpowerup.com/cpu-specs/core-i5-8500b.c2896,Intel,Core i5,https://www.techpowerup.com/cpu-specs/core-i5-9500.c2094
Intel Core i5-9500F,Coffee Lake,Core i5 (Coffee Lake Refresh),Intel,2019-04-23,3 GHz,65.0,6.0,6.0,,14.0,,,,154.0,Value of cpu_specs https://www.techpowerup.com/cpu-specs/core-i5-8500b.c2896,Intel,Core i5,https://www.techpowerup.com/cpu-specs/core-i5-9500f.c2185
Intel Core i5-9600,Coffee Lake,Core i5 (Coffee Lake Refresh),Intel,2018-10-19,3.1 GHz,65.0,6.0,6.0,,14.0,,,,154.0,Value of cpu_specs https://www.techpowerup.com/cpu-specs/core-i5-8500b.c2896,Intel,Core i5,https://www.techpowerup.com/cpu-specs/core-i5-9600.c2091
Intel Core i5-9600K,Coffee Lake,Core i5 (Coffee Lake Refresh),Intel,2018-10-19,3.7 GHz,95.0,6.0,6.0,,14.0,,,,154.0,Value of cpu_specs https://www.techpowerup.com/cpu-specs/core-i5-8500b.c2896,Intel,Core i5,https://www.techpowerup.com/cpu-specs/core-i5-9600k.c2090
Intel Core i5-9600KF,Coffee Lake,Core i5 (Coffee Lake Refresh),Intel,2019-01-08,3.7 GHz,95.0,6.0,6.0,,14.0,,,,154.0,Value of cpu_specs https://www.techpowerup.com/cpu-specs/core-i5-8500b.c2896,Intel,Core i5,https://www.techpowerup.com/cpu-specs/core-i5-9600kf.c2144
Intel Core i7-10510U,Comet Lake-U,Core i7 (Comet Lake-U),Intel,2019-08-21,1800 MHz,25.0,4.0,8.0,,14.0,,,,,io_die_size () + die_size (),Intel,Core i7,https://www.techpowerup.com/cpu-specs/core-i7-10510u.c2236
Intel Core i7-10510Y,Comet Lake-Y,Core i7 (Comet Lake-Y),Intel,2019-08-21,1200 MHz,9.0,4.0,8.0,,14.0,,,,,io_die_size () + die_size (),Intel,Core i7,https://www.techpowerup.com/cpu-specs/core-i7-10510y.c2233
Intel Core i7-1060G7,Ice Lake-Y,Core i7 (Sunny Cove-Y),Intel,2019-08-01,1000 MHz,9.0,4.0,8.0,,10.0,123 mm²,,,123.0,io_die_size () + die_size (123 mm²),Intel,Core i7,https://www.techpowerup.com/cpu-specs/core-i7-1060g7.c2223
Intel Core i7-10610U,Comet Lake-U,Core i7 (Comet Lake-U),Intel,2020-04-02,1800 MHz,25.0,4.0,8.0,,14.0,,,,,io_die_size () + die_size (),Intel,Core i7,https://www.techpowerup.com/cpu-specs/core-i7-10610u.c2358
Intel Core i7-1065G7,Ice Lake-U,Core i7 (Sunny Cove-U),Intel,2019-08-01,1300 MHz,15.0,4.0,8.0,,10.0,123 mm²,,,123.0,io_die_size () + die_size (123 mm²),Intel,Core i7,https://www.techpowerup.com/cpu-specs/core-i7-1065g7.c2228
Intel Core i7-1068NG7,Ice Lake-U,Core i7 (Sunny Cove-U),Intel,2019-08-01,2.3 GHz,28.0,4.0,8.0,,10.0,123 mm²,,,123.0,io_die_size () + die_size (123 mm²),Intel,Core i7,https://www.techpowerup.com/cpu-specs/core-i7-1068ng7.c2229
Intel Core i7-10700,Comet Lake,Core i7 (Comet Lake),Intel,2020-04-30,2.9 GHz,65.0,8.0,16.0,,14.0,,,,164.8,Rule of three of cpu_specs https://www.techpowerup.com/cpu-specs/core-i9-10850k.c2336,Intel,Core i7,https://www.techpowerup.com/cpu-specs/core-i7-10700.c2214
Intel Core i7-10700F,Comet Lake,Core i7 (Comet Lake),Intel,2020-04-30,2.9 GHz,65.0,8.0,16.0,,14.0,,,,164.8,Rule of three of cpu_specs https://www.techpowerup.com/cpu-specs/core-i9-10850k.c2336,Intel,Core i7,https://www.techpowerup.com/cpu-specs/core-i7-10700f.c2274
Intel Core i7-10700K,Comet Lake,Core i7 (Comet Lake),Intel,2020-04-30,3.8 GHz,125.0,8.0,16.0,,14.0,,,,164.8,Rule of three of cpu_specs https://www.techpowerup.com/cpu-specs/core-i9-10850k.c2336,Intel,Core i7,https://www.techpowerup.com/cpu-specs/core-i7-10700k.c2215
Intel Core i7-10700KF,Comet Lake,Core i7 (Comet Lake),Intel,2020-04-30,3.8 GHz,125.0,8.0,16.0,,14.0,,,,164.8,Rule of three of cpu_specs https://www.techpowerup.com/cpu-specs/core-i9-10850k.c2336,Intel,Core i7,https://www.techpowerup.com/cpu-specs/core-i7-10700kf.c2273
Intel Core i7-10710U,Comet Lake-U,Core i7 (Comet Lake-U),Intel,2019-08-21,1100 MHz,25.0,6.0,12.0,,14.0,,,,,io_die_size () + die_size (),Intel,Core i7,https://www.techpowerup.com/cpu-specs/core-i7-10710u.c2237
Intel Core i7-10750H,Comet Lake-H,Core i7 (Comet Lake-H),Intel,2020-04-02,2.6 GHz,45.0,6.0,12.0,,14.0,,,,663.8,Rule of three of cpu_specs https://www.techpowerup.com/cpu-specs/core-i7-10875h.c2277,Intel,Core i7,https://www.techpowerup.com/cpu-specs/core-i7-10750h.c2360
Intel Core i7-10810U,Comet Lake-U,Core i7 (Comet Lake-U),Intel,2020-04-02,1100 MHz,25.0,6.0,12.0,,14.0,,,,,io_die_size () + die_size (),Intel,Core i7,https://www.techpowerup.com/cpu-specs/core-i7-10810u.c2357
Intel Core i7-10850H,Comet Lake-H,Core i7 (Comet Lake-H),Intel,2020-04-02,2.7 GHz,45.0,6.0,12.0,,14.0,,,,663.8,Rule of three of cpu_specs https://www.techpowerup.com/cpu-specs/core-i7-10875h.c2277,Intel,Core i7,https://www.techpowerup.com/cpu-specs/core-i7-10850h.c2359
Intel Core i7-10870H,Comet Lake-H,Core i7 (Comet Lake-H),Intel,2020-09-17,2.2 GHz,45.0,8.0,16.0,,14.0,,,,885.0,Value of cpu_specs https://www.techpowerup.com/cpu-specs/core-i7-10875h.c2277,Intel,Core i7,https://www.techpowerup.com/cpu-specs/core-i7-10870h.c2353
Intel Core i7-10875H,Comet Lake-H,Core i7 (Comet Lake-H),Intel,2020-04-02,2.3 GHz,45.0,8.0,16.0,,14.0,177.5 mm²,,,885.0,io_die_size () + die_size (177.5 mm²),Intel,Core i7,https://www.techpowerup.com/cpu-specs/core-i7-10875h.c2277
Intel Core i7-11370H,Tiger Lake-H,Core i7 (Tiger Lake-H),Intel,2021-01-11,3 GHz,28.0,4.0,8.0,,10.0,146.1 mm²,,,146.0,io_die_size () + die_size (146.1 mm²),Intel,Core i7,https://www.techpowerup.com/cpu-specs/core-i7-11370h.c2833
Intel Core i7-11375H,Tiger Lake-H,Core i7 (Tiger Lake-H),Intel,2021-01-11,3 GHz,28.0,4.0,8.0,,10.0,146.1 mm²,,,146.0,io_die_size () + die_size (146.1 mm²),Intel,Core i7,https://www.techpowerup.com/cpu-specs/core-i7-11375h.c2834
Intel Core i7-11390H,Tiger Lake-H,Core i7 (Tiger Lake-H),Intel,2021-06-21,2.9 GHz,28.0,4.0,8.0,,10.0,146.1 mm²,,,146.0,io_die_size () + die_size (146.1 mm²),Intel,Core i7,https://www.techpowerup.com/cpu-specs/core-i7-11390h.c2835
Intel Core i7-11600H,Tiger Lake-H,Core i7 (Tiger Lake-H),Intel,2021-05-11,2.5 GHz,35.0,6.0,12.0,,10.0,190 mm²,,,190.0,io_die_size () + die_size (190 mm²),Intel,Core i7,https://www.techpowerup.com/cpu-specs/core-i7-11600h.c2830
Intel Core i7-1160G7,Tiger Lake-U,Core i7 (Willow Cove-U),Intel,2020-09-02,1200 MHz,15.0,4.0,8.0,,10.0,,,,146.0,Value of cpu_specs https://www.techpowerup.com/cpu-specs/core-i7-1195g7.c2485,Intel,Core i7,https://www.techpowerup.com/cpu-specs/core-i7-1160g7.c2345
Intel Core i7-1165G7,Tiger Lake-U,Core i7 (Willow Cove-U),Intel,2020-09-02,2.8 GHz,28.0,4.0,8.0,,10.0,,,,146.0,Value of cpu_specs https://www.techpowerup.com/cpu-specs/core-i7-1195g7.c2485,Intel,Core i7,https://www.techpowerup.com/cpu-specs/core-i7-1165g7.c2343
Intel Core i7-11700,Rocket Lake,Core i7 (Rocket Lake-S),Intel,2021-03-16,2.5 GHz,65.0,8.0,16.0,,14.0,276 mm²,,,276.0,io_die_size () + die_size (276 mm²),Intel,Core i7,https://www.techpowerup.com/cpu-specs/core-i7-11700.c2397
Intel Core i7-11700F,Rocket Lake,Core i7 (Rocket Lake-S),Intel,2021-03-16,2.5 GHz,65.0,8.0,16.0,,14.0,276 mm²,,,276.0,io_die_size () + die_size (276 mm²),Intel,Core i7,https://www.techpowerup.com/cpu-specs/core-i7-11700f.c2398
Intel Core i7-11700K,Rocket Lake,Core i7 (Rocket Lake-S),Intel,2021-03-16,3.6 GHz,125.0,8.0,16.0,,14.0,,,,276.0,Value of cpu_specs https://www.techpowerup.com/cpu-specs/core-i7-11700.c2397,Intel,Core i7,https://www.techpowerup.com/cpu-specs/core-i7-11700k.c2367
Intel Core i7-11700KF,Rocket Lake,Core i7 (Rocket Lake-S),Intel,2021-03-16,3.6 GHz,125.0,8.0,16.0,,14.0,276 mm²,,,276.0,io_die_size () + die_size (276 mm²),Intel,Core i7,https://www.techpowerup.com/cpu-specs/core-i7-11700kf.c2396
Intel Core i7-11700T,Rocket Lake,Core i7 (Rocket Lake-S),Intel,2021-03-16,1400 MHz,35.0,8.0,16.0,,14.0,276 mm²,,,276.0,io_die_size () + die_size (276 mm²),Intel,Core i7,https://www.techpowerup.com/cpu-specs/core-i7-11700t.c2399
Intel Core i7-11800H,Tiger Lake-H,Core i7 (Tiger Lake-H),Intel,2021-05-11,1900 MHz,35.0,8.0,16.0,,10.0,190 mm²,,,190.0,io_die_size () + die_size (190 mm²),Intel,Core i7,https://www.techpowerup.com/cpu-specs/core-i7-11800h.c2476
Intel Core i7-11850H,Tiger Lake-H,Core i7 (Tiger Lake-H),Intel,2021-05-11,2.1 GHz,35.0,8.0,16.0,,10.0,190 mm²,,,190.0,io_die_size () + die_size (190 mm²),Intel,Core i7,https://www.techpowerup.com/cpu-specs/core-i7-11850h.c2480
Intel Core i7-1185G7,Tiger Lake-U,Core i7 (Willow Cove-U),Intel,2020-09-02,3 GHz,28.0,4.0,8.0,,10.0,,,,146.0,Value of cpu_specs https://www.techpowerup.com/cpu-specs/core-i7-1195g7.c2485,Intel,Core i7,https://www.techpowerup.com/cpu-specs/core-i7-1185g7.c2344
Intel Core i7-1195G7,Tiger Lake-U,Core i7 (Willow Cove-U),Intel,2021-05-31,2.9 GHz,28.0,4.0,8.0,,10.0,146.1 mm²,,,146.0,io_die_size () + die_size (146.1 mm²),Intel,Core i7,https://www.techpowerup.com/cpu-specs/core-i7-1195g7.c2485
Intel Core i7-1250U,Alder Lake-U,Core i7 (Alder Lake-U),Intel,2022-02-23,1100 MHz,9.0,10.0,12.0,,10.0,,,,,io_die_size () + die_size (),Intel,Core i7,https://www.techpowerup.com/cpu-specs/core-i7-1250u.c2589
Intel Core i7-1255U,Alder Lake-U,Core i7 (Alder Lake-U),Intel,2022-02-23,1700 MHz,15.0,10.0,12.0,,10.0,,,,,io_die_size () + die_size (),Intel,Core i7,https://www.techpowerup.com/cpu-specs/core-i7-1255u.c2593
Intel Core i7-1260P,Alder Lake-P,Core i7 (Alder Lake-P),Intel,2022-02-23,2.1 GHz,28.0,12.0,16.0,,10.0,217 mm²,,,217.0,io_die_size () + die_size (217 mm²),Intel,Core i7,https://www.techpowerup.com/cpu-specs/core-i7-1260p.c2581
Intel Core i7-1260U,Alder Lake-U,Core i7 (Alder Lake-U),Intel,2022-02-23,1100 MHz,9.0,10.0,12.0,,10.0,,,,,io_die_size () + die_size (),Intel,Core i7,https://www.techpowerup.com/cpu-specs/core-i7-1260u.c2590
Intel Core i7-12650H,Alder Lake-H,Core i7 (Alder Lake-H),Intel,2022-01-01,2.3 GHz,45.0,10.0,16.0,,10.0,217 mm²,,,217.0,io_die_size () + die_size (217 mm²),Intel,Core i7,https://www.techpowerup.com/cpu-specs/core-i7-12650h.c2536
Intel Core i7-12650HX,Alder Lake-HX,Core i7 (Alder Lake-HX),Intel,2022-05-10,2000 MHz,55.0,14.0,20.0,,10.0,215 mm²,,,215.0,io_die_size () + die_size (215 mm²),Intel,Core i7,https://www.techpowerup.com/cpu-specs/core-i7-12650hx.c2790
Intel Core i7-1265U,Alder Lake-U,Core i7 (Alder Lake-U),Intel,2022-02-23,1800 MHz,15.0,10.0,12.0,,10.0,,,,,io_die_size () + die_size (),Intel,Core i7,https://www.techpowerup.com/cpu-specs/core-i7-1265u.c2594
Intel Core i7-12700,Alder Lake-S,Core i7 (Alder Lake-S),Intel,2022-01-01,2.1 GHz,65.0,12.0,20.0,,10.0,215 mm²,,,215.0,io_die_size () + die_size (215 mm²),Intel,Core i7,https://www.techpowerup.com/cpu-specs/core-i7-12700.c2559
Intel Core i7-12700E,Alder Lake-S,Core i7 (Alder Lake-S),Intel,2022-01-01,2.1 GHz,65.0,12.0,20.0,,10.0,215 mm²,,,215.0,io_die_size () + die_size (215 mm²),Intel,Core i7,https://www.techpowerup.com/cpu-specs/core-i7-12700e.c2560
Intel Core i7-12700F,Alder Lake-S,Core i7 (Alder Lake-S),Intel,2022-01-04,2.1 GHz,65.0,12.0,20.0,,10.0,215 mm²,,,215.0,io_die_size () + die_size (215 mm²),Intel,Core i7,https://www.techpowerup.com/cpu-specs/core-i7-12700f.c2561
Intel Core i7-12700H,Alder Lake-H,Core i7 (Alder Lake-H),Intel,2022-01-01,2.3 GHz,45.0,14.0,20.0,,10.0,217 mm²,,,217.0,io_die_size () + die_size (217 mm²),Intel,Core i7,https://www.techpowerup.com/cpu-specs/core-i7-12700h.c2537
Intel Core i7-12700K,Alder Lake-S,Core i7 (Alder Lake-S),Intel,2021-11-04,3.6 GHz,125.0,12.0,20.0,,10.0,215 mm²,,,215.0,io_die_size () + die_size (215 mm²),Intel,Core i7,https://www.techpowerup.com/cpu-specs/core-i7-12700k.c2507
Intel Core i7-12700KF,Alder Lake-S,Core i7 (Alder Lake-S),Intel,2021-11-04,3.6 GHz,125.0,12.0,20.0,,10.0,215 mm²,,,215.0,io_die_size () + die_size (215 mm²),Intel,Core i7,https://www.techpowerup.com/cpu-specs/core-i7-12700kf.c2508
Intel Core i7-12700T,Alder Lake-S,Core i7 (Alder Lake-S),Intel,2022-01-01,1400 MHz,35.0,12.0,20.0,,10.0,215 mm²,,,215.0,io_die_size () + die_size (215 mm²),Intel,Core i7,https://www.techpowerup.com/cpu-specs/core-i7-12700t.c2562
Intel Core i7-12700TE,Alder Lake-S,Core i7 (Alder Lake-S),Intel,2022-01-01,1400 MHz,35.0,12.0,20.0,,10.0,215 mm²,,,215.0,io_die_size () + die_size (215 mm²),Intel,Core i7,https://www.techpowerup.com/cpu-specs/core-i7-12700te.c2563
Intel Core i7-1270P,Alder Lake-P,Core i7 (Alder Lake-P),Intel,2022-02-23,2.2 GHz,28.0,12.0,16.0,,10.0,217 mm²,,,217.0,io_die_size () + die_size (217 mm²),Intel,Core i7,https://www.techpowerup.com/cpu-specs/core-i7-1270p.c2580
Intel Core i7-12800H,Alder Lake-H,Core i7 (Alder Lake-H),Intel,2022-01-01,2.4 GHz,45.0,14.0,20.0,,10.0,217 mm²,,,217.0,io_die_size () + die_size (217 mm²),Intel,Core i7,https://www.techpowerup.com/cpu-specs/core-i7-12800h.c2538
Intel Core i7-12800HE,Alder Lake-H,Core i7 (Alder Lake-H),Intel,2022-01-01,2.4 GHz,45.0,14.0,20.0,,10.0,217 mm²,,,217.0,io_die_size () + die_size (217 mm²),Intel,Core i7,https://www.techpowerup.com/cpu-specs/core-i7-12800he.c2564
Intel Core i7-12800HX,Alder Lake-HX,Core i7 (Alder Lake-HX),Intel,2022-05-10,2000 MHz,55.0,16.0,24.0,,10.0,215 mm²,,,215.0,io_die_size () + die_size (215 mm²),Intel,Core i7,https://www.techpowerup.com/cpu-specs/core-i7-12800hx.c2789
Intel Core i7-1280P,Alder Lake-P,Core i7 (Alder Lake-P),Intel,2022-02-23,1800 MHz,28.0,14.0,20.0,,10.0,217 mm²,,,217.0,io_die_size () + die_size (217 mm²),Intel,Core i7,https://www.techpowerup.com/cpu-specs/core-i7-1280p.c2579
Intel Core i7-12850HX,Alder Lake-HX,Core i7 (Alder Lake-HX),Intel,2022-05-10,2.1 GHz,55.0,16.0,24.0,,10.0,215 mm²,,,215.0,io_die_size () + die_size (215 mm²),Intel,Core i7,https://www.techpowerup.com/cpu-specs/core-i7-12850hx.c2788
Intel Core i7-1355U,Raptor Lake-U,Core i7 (Raptor Lake-U),Intel,2023-01-04,1700 MHz,15.0,10.0,12.0,,10.0,,,,,io_die_size () + die_size (),Intel,Core i7,https://www.techpowerup.com/cpu-specs/core-i7-1355u.c3069
Intel Core i7-1360P,Raptor Lake-P,Core i7 (Raptor Lake-P),Intel,2023-01-04,2.2 GHz,28.0,12.0,16.0,,10.0,,,,186.0,Rule of three of cpu_specs https://www.techpowerup.com/cpu-specs/core-i7-1370p.c3055,Intel,Core i7,https://www.techpowerup.com/cpu-specs/core-i7-1360p.c3059
Intel Core i7-13620H,Raptor Lake-H,Core i7 (Raptor Lake-H),Intel,2023-01-04,2.4 GHz,45.0,10.0,16.0,,10.0,,,,183.6,Rule of three of cpu_specs https://www.techpowerup.com/cpu-specs/core-i7-13705h.c3051,Intel,Core i7,https://www.techpowerup.com/cpu-specs/core-i7-13620h.c3053
Intel Core i7-13650HX,Raptor Lake-HX,Core i7 (Raptor Lake-HX),Intel,2023-01-04,2.6 GHz,55.0,14.0,20.0,,10.0,257 mm²,,,257.0,io_die_size () + die_size (257 mm²),Intel,Core i7,https://www.techpowerup.com/cpu-specs/core-i7-13650hx.c3029
Intel Core i7-1365U,Raptor Lake-U,Core i7 (Raptor Lake-U),Intel,2023-01-04,1800 MHz,15.0,10.0,12.0,,10.0,,,,,io_die_size () + die_size (),Intel,Core i7,https://www.techpowerup.com/cpu-specs/core-i7-1365u.c3070
Intel Core i7-1365UE,Raptor Lake-U,Core i7 (Raptor Lake-U),Intel,2023-01-04,1700 MHz,15.0,10.0,12.0,,10.0,,,,,io_die_size () + die_size (),Intel,Core i7,https://www.techpowerup.com/cpu-specs/core-i7-1365ue.c3071
Intel Core i7-13700,Raptor Lake-S,Core i7 (Raptor Lake),Intel,2023-01-04,2.1 GHz,65.0,16.0,24.0,,10.0,257 mm²,,,257.0,io_die_size () + die_size (257 mm²),Intel,Core i7,https://www.techpowerup.com/cpu-specs/core-i7-13700.c2957
Intel Core i7-13700E,Raptor Lake-S,Core i7 (Raptor Lake),Intel,2023-01-04,1900 MHz,65.0,16.0,24.0,,10.0,257 mm²,,,257.0,io_die_size () + die_size (257 mm²),Intel,Core i7,https://www.techpowerup.com/cpu-specs/core-i7-13700e.c3081
Intel Core i7-13700F,Raptor Lake-S,Core i7 (Raptor Lake),Intel,2023-01-04,2.1 GHz,65.0,16.0,24.0,,10.0,257 mm²,,,257.0,io_die_size () + die_size (257 mm²),Intel,Core i7,https://www.techpowerup.com/cpu-specs/core-i7-13700f.c2996
Intel Core i7-13700H,Raptor Lake-H,Core i7 (Raptor Lake-H),Intel,2023-01-04,2.4 GHz,45.0,14.0,20.0,,10.0,,,,257.0,Value of cpu_specs https://www.techpowerup.com/cpu-specs/core-i7-13705h.c3051,Intel,Core i7,https://www.techpowerup.com/cpu-specs/core-i7-13700h.c3052
Intel Core i7-13700HX,Raptor Lake-HX,Core i7 (Raptor Lake-HX),Intel,2023-01-04,2.1 GHz,55.0,16.0,24.0,,10.0,257 mm²,,,257.0,io_die_size () + die_size (257 mm²),Intel,Core i7,https://www.techpowerup.com/cpu-specs/core-i7-13700hx.c3028
Intel Core i7-13700K,Raptor Lake-S,Core i7 (Raptor Lake),Intel,2022-09-27,3.4 GHz,125.0,16.0,24.0,,10.0,257 mm²,,,257.0,io_die_size () + die_size (257 mm²),Intel,Core i7,https://www.techpowerup.com/cpu-specs/core-i7-13700k.c2850
Intel Core i7-13700KF,Raptor Lake-S,Core i7 (Raptor Lake),Intel,2022-09-27,3.4 GHz,125.0,16.0,24.0,,10.0,257 mm²,,,257.0,io_die_size () + die_size (257 mm²),Intel,Core i7,https://www.techpowerup.com/cpu-specs/core-i7-13700kf.c2853
Intel Core i7-13700T,Raptor Lake-S,Core i7 (Raptor Lake),Intel,2023-01-04,1400 MHz,35.0,16.0,24.0,,10.0,257 mm²,,,257.0,io_die_size () + die_size (257 mm²),Intel,Core i7,https://www.techpowerup.com/cpu-specs/core-i7-13700t.c3002
Intel Core i7-13700TE,Raptor Lake-S,Core i7 (Raptor Lake),Intel,2023-01-04,1100 MHz,35.0,16.0,24.0,,10.0,257 mm²,,,257.0,io_die_size () + die_size (257 mm²),Intel,Core i7,https://www.techpowerup.com/cpu-specs/core-i7-13700te.c3080
Intel Core i7-13705H,Raptor Lake-H,Core i7 (Raptor Lake-H),Intel,2023-01-04,2.4 GHz,45.0,14.0,20.0,,10.0,257 mm²,,,257.0,io_die_size () + die_size (257 mm²),Intel,Core i7,https://www.techpowerup.com/cpu-specs/core-i7-13705h.c3051
Intel Core i7-1370P,Raptor Lake-P,Core i7 (Raptor Lake-P),Intel,2023-01-04,1900 MHz,28.0,14.0,20.0,,10.0,217 mm²,,,217.0,io_die_size () + die_size (217 mm²),Intel,Core i7,https://www.techpowerup.com/cpu-specs/core-i7-1370p.c3055
Intel Core i7-13790F,Raptor Lake-S,Core i7 (Raptor Lake),Intel,2023-02-10,2.1 GHz,65.0,16.0,24.0,,10.0,257 mm²,,,257.0,io_die_size () + die_size (257 mm²),Intel,Core i7,https://www.techpowerup.com/cpu-specs/core-i7-13790f.c3096
Intel Core i7-13800H,Raptor Lake-H,Core i7 (Raptor Lake-H),Intel,2023-01-04,2.5 GHz,45.0,14.0,20.0,,10.0,257 mm²,,,257.0,io_die_size () + die_size (257 mm²),Intel,Core i7,https://www.techpowerup.com/cpu-specs/core-i7-13800h.c3050
Intel Core i7-13850HX,Raptor Lake-HX,Core i7 (Raptor Lake-HX),Intel,2023-01-04,2.1 GHz,55.0,20.0,28.0,,10.0,257 mm²,,,257.0,io_die_size () + die_size (257 mm²),Intel,Core i7,https://www.techpowerup.com/cpu-specs/core-i7-13850hx.c3019
Intel Core i7-7700,Kaby Lake,Core i7 (Kaby Lake),Intel,2017-01-03,3.6 GHz,65.0,4.0,8.0,,14.0,,,,126.0,Value of cpu_manufacture https://en.wikichip.org/wiki/intel/microarchitectures/kaby_lake,Intel,Core i7,https://www.techpowerup.com/cpu-specs/core-i7-7700.c1843
Intel Core i7-7700HQ,Kaby Lake-H,Core i7 (Kaby Lake-H),Intel,2017-01-03,2.8 GHz,45.0,4.0,8.0,,14.0,126 mm²,,,126.0,io_die_size () + die_size (126 mm²),Intel,Core i7,https://www.techpowerup.com/cpu-specs/core-i7-7700hq.c3098
Intel Core i7-7700K,Kaby Lake,Core i7 (Kaby Lake),Intel,2017-01-03,4.2 GHz,91.0,4.0,8.0,,14.0,,,,126.0,Value of cpu_manufacture https://en.wikichip.org/wiki/intel/microarchitectures/kaby_lake,Intel,Core i7,https://www.techpowerup.com/cpu-specs/core-i7-7700k.c1842
Intel Core i7-7700T,Kaby Lake,Core i7 (Kaby Lake),Intel,2017-01-03,2.9 GHz,35.0,4.0,8.0,,14.0,,,,126.0,Value of cpu_manufacture https://en.wikichip.org/wiki/intel/microarchitectures/kaby_lake,Intel,Core i7,https://www.techpowerup.com/cpu-specs/core-i7-7700t.c1852
Intel Core i7-7740X,Kaby Lake-X,Core i7 (X-Series),Intel,2017-06-26,4.3 GHz,112.0,4.0,8.0,,14.0,,,,,io_die_size () + die_size (),Intel,Core i7,https://www.techpowerup.com/cpu-specs/core-i7-7740x.c1866
Intel Core i7-7800X,Skylake-X,Core i7 (X-Series),Intel,2017-06-26,3.5 GHz,140.0,6.0,12.0,,14.0,,,,,io_die_size () + die_size (),Intel,Core i7,https://www.techpowerup.com/cpu-specs/core-i7-7800x.c1905
Intel Core i7-7820HK,Kaby Lake-H,Core i7 (Kaby Lake-H),Intel,2017-01-03,2.9 GHz,45.0,4.0,8.0,,14.0,126 mm²,,,126.0,io_die_size () + die_size (126 mm²),Intel,Core i7,https://www.techpowerup.com/cpu-specs/core-i7-7820hk.c3099
Intel Core i7-7820HQ,Kaby Lake-H,Core i7 (Kaby Lake-H),Intel,2017-01-03,2.9 GHz,45.0,4.0,8.0,,14.0,126 mm²,,,126.0,io_die_size () + die_size (126 mm²),Intel,Core i7,https://www.techpowerup.com/cpu-specs/core-i7-7820hq.c3100
Intel Core i7-7820X,Skylake-X,Core i7 (X-Series),Intel,2017-06-26,3.6 GHz,140.0,8.0,16.0,,14.0,,,,,io_die_size () + die_size (),Intel,Core i7,https://www.techpowerup.com/cpu-specs/core-i7-7820x.c1933
Intel Core i7-7920HQ,Kaby Lake-H,Core i7 (Kaby Lake-H),Intel,2017-01-03,3.1 GHz,45.0,4.0,8.0,,14.0,126 mm²,,,126.0,io_die_size () + die_size (126 mm²),Intel,Core i7,https://www.techpowerup.com/cpu-specs/core-i7-7920hq.c3101
Intel Core i7-8086K,Coffee Lake,Core i7 40th (Coffee Lake),Intel,2018-06-05,4 GHz,95.0,6.0,12.0,,14.0,,,,154.0,Value of cpu_specs https://www.techpowerup.com/cpu-specs/core-i5-8500b.c2896,Intel,Core i7,https://www.techpowerup.com/cpu-specs/core-i7-8086k.c2054
Intel Core i7-8550U,Kaby Lake-R,Core i7 (Kaby Lake-U Refresh),Intel,2017-08-21,1800 MHz,15.0,4.0,8.0,,14.0,123 mm²,,,123.0,io_die_size () + die_size (123 mm²),Intel,Core i7,https://www.techpowerup.com/cpu-specs/core-i7-8550u.c1974
Intel Core i7-8559U,Kaby Lake-R,Core i7 (Kaby Lake-U Refresh),Intel,2018-04-05,2.7 GHz,28.0,4.0,8.0,,14.0,123 mm²,,,123.0,io_die_size () + die_size (123 mm²),Intel,Core i7,https://www.techpowerup.com/cpu-specs/core-i7-8559u.c2026
Intel Core i7-8565U,Whiskey Lake-U,Core i7 (Whiskey Lake),Intel,2018-10-01,1800 MHz,28.0,4.0,8.0,,14.0,123 mm²,,,123.0,io_die_size () + die_size (123 mm²),Intel,Core i7,https://www.techpowerup.com/cpu-specs/core-i7-8565u.c2103
Intel Core i7-8650U,Kaby Lake-R,Core i7 (Kaby Lake-U Refresh),Intel,2017-08-21,1900 MHz,15.0,4.0,8.0,,14.0,123 mm²,,,123.0,io_die_size () + die_size (123 mm²),Intel,Core i7,https://www.techpowerup.com/cpu-specs/core-i7-8650u.c1975
Intel Core i7-8670,Coffee Lake,Core i7 (Coffee Lake),Intel,2018-01-01,3.1 GHz,65.0,6.0,12.0,,14.0,,,,154.0,Value of cpu_specs https://www.techpowerup.com/cpu-specs/core-i5-8500b.c2896,Intel,Core i7,https://www.techpowerup.com/cpu-specs/core-i7-8670.c2012
Intel Core i7-8670T,Coffee Lake,Core i7 (Coffee Lake),Intel,2018-09-01,2.3 GHz,35.0,6.0,12.0,,14.0,,,,154.0,Value of cpu_specs https://www.techpowerup.com/cpu-specs/core-i5-8500b.c2896,Intel,Core i7,https://www.techpowerup.com/cpu-specs/core-i7-8670t.c2086
Intel Core i7-8700,Coffee Lake,Core i7 (Coffee Lake),Intel,2018-01-01,3.2 GHz,65.0,6.0,12.0,,14.0,154 mm²,,,154.0,io_die_size () + die_size (154 mm²),Intel,Core i7,https://www.techpowerup.com/cpu-specs/core-i7-8700.c1949
Intel Core i7-8700K,Coffee Lake,Core i7 (Coffee Lake),Intel,2017-10-05,3.7 GHz,95.0,6.0,12.0,,14.0,154 mm²,,,154.0,io_die_size () + die_size (154 mm²),Intel,Core i7,https://www.techpowerup.com/cpu-specs/core-i7-8700k.c1947
Intel Core i7-8700T,Coffee Lake,Core i7 (Coffee Lake),Intel,2018-04-02,2.4 GHz,35.0,6.0,12.0,,14.0,154 mm²,,,154.0,io_die_size () + die_size (154 mm²),Intel,Core i7,https://www.techpowerup.com/cpu-specs/core-i7-8700t.c2021
Intel Core i7-8705G,Kaby Lake G,Core i7 (Kaby Lake-G),Intel,2018-01-07,3.1 GHz,65.0,4.0,8.0,,14.0,125 mm²,,,125.0,io_die_size () + die_size (125 mm²),Intel,Core i7,https://www.techpowerup.com/cpu-specs/core-i7-8705g.c1981
Intel Core i7-8706G,Kaby Lake G,Core i7 (Kaby Lake-G),Intel,2018-02-01,3.1 GHz,65.0,4.0,8.0,,14.0,,,,125.0,Value of cpu_specs https://www.techpowerup.com/cpu-specs/core-i7-8705g.c1981,Intel,Core i7,https://www.techpowerup.com/cpu-specs/core-i7-8706g.c1995
Intel Core i7-8709G,Kaby Lake G,Core i7 (Kaby Lake-G),Intel,2018-02-01,3.1 GHz,65.0,4.0,8.0,,14.0,,,,125.0,Value of cpu_specs https://www.techpowerup.com/cpu-specs/core-i7-8705g.c1981,Intel,Core i7,https://www.techpowerup.com/cpu-specs/core-i7-8709g.c1979
Intel Core i7-8750H,Coffee Lake-H,Core i7 (Coffee Lake-H),Intel,2018-04-02,2.2 GHz,45.0,6.0,12.0,,14.0,149 mm²,,,149.0,io_die_size () + die_size (149 mm²),Intel,Core i7,https://www.techpowerup.com/cpu-specs/core-i7-8750h.c1992
Intel Core i7-8809G,Kaby Lake G,Core i7 (Kaby Lake-G),Intel,2018-02-01,3.1 GHz,65.0,4.0,8.0,,14.0,,,,125.0,Value of cpu_specs https://www.techpowerup.com/cpu-specs/core-i7-8705g.c1981,Intel,Core i7,https://www.techpowerup.com/cpu-specs/core-i7-8809g.c1980
Intel Core i7-8850H,Coffee Lake-H,Core i7 (Coffee Lake-H),Intel,2018-04-02,2.7 GHz,45.0,6.0,12.0,,14.0,149 mm²,,,149.0,io_die_size () + die_size (149 mm²),Intel,Core i7,https://www.techpowerup.com/cpu-specs/core-i7-8850h.c1991
Intel Core i7-9700,Coffee Lake,Core i7 (Coffee Lake Refresh),Intel,2019-04-23,3 GHz,65.0,8.0,8.0,,14.0,180.3 mm²,,,540.0,io_die_size () + die_size (180.3 mm²),Intel,Core i7,https://www.techpowerup.com/cpu-specs/core-i7-9700.c2183
Intel Core i7-9700E,Coffee Lake,Core i7 (Coffee Lake Refresh),Intel,2019-04-23,2.6 GHz,65.0,8.0,8.0,,14.0,180.3 mm²,,,540.0,io_die_size () + die_size (180.3 mm²),Intel,Core i7,https://www.techpowerup.com/cpu-specs/core-i7-9700e.c3122
Intel Core i7-9700F,Coffee Lake,Core i7 (Coffee Lake Refresh),Intel,2019-04-23,3 GHz,65.0,8.0,8.0,,14.0,180.3 mm²,,,540.0,io_die_size () + die_size (180.3 mm²),Intel,Core i7,https://www.techpowerup.com/cpu-specs/core-i7-9700f.c2184
Intel Core i7-9700K,Coffee Lake,Core i7 (Coffee Lake Refresh),Intel,2018-10-19,3.6 GHz,95.0,8.0,8.0,,14.0,180.3 mm²,,,540.0,io_die_size () + die_size (180.3 mm²),Intel,Core i7,https://www.techpowerup.com/cpu-specs/core-i7-9700k.c2097
Intel Core i7-9700KF,Coffee Lake,Core i7 (Coffee Lake Refresh),Intel,2019-01-08,3.6 GHz,95.0,8.0,8.0,,14.0,180.3 mm²,,,540.0,io_die_size () + die_size (180.3 mm²),Intel,Core i7,https://www.techpowerup.com/cpu-specs/core-i7-9700kf.c2125
Intel Core i7-9700T,Coffee Lake,Core i7 (Coffee Lake Refresh),Intel,2019-04-23,2000 MHz,35.0,8.0,8.0,,14.0,180.3 mm²,,,540.0,io_die_size () + die_size (180.3 mm²),Intel,Core i7,https://www.techpowerup.com/cpu-specs/core-i7-9700t.c3121
Intel Core i7-9750H,Coffee Lake-HR,Core i7 (Coffee Lake-HR),Intel,2019-04-23,2.6 GHz,45.0,6.0,12.0,,14.0,149 mm²,,,149.0,io_die_size () + die_size (149 mm²),Intel,Core i7,https://www.techpowerup.com/cpu-specs/core-i7-9750h.c2290
Intel Core i7-9750HF,Coffee Lake-HR,Core i7 (Coffee Lake-HR),Intel,2019-04-23,2.6 GHz,45.0,6.0,12.0,,14.0,149 mm²,,,149.0,io_die_size () + die_size (149 mm²),Intel,Core i7,https://www.techpowerup.com/cpu-specs/core-i7-9750hf.c2291
Intel Core i7-9800X,Skylake-X,Core i7 (X-Series 9th Gen),Intel,2018-10-19,3.8 GHz,165.0,8.0,16.0,,14.0,,,,,io_die_size () + die_size (),Intel,Core i7,https://www.techpowerup.com/cpu-specs/core-i7-9800x.c2115
Intel Core i7-9850H,Coffee Lake-HR,Core i7 (Coffee Lake-HR),Intel,2019-04-23,2.6 GHz,45.0,6.0,12.0,,14.0,149 mm²,,,149.0,io_die_size () + die_size (149 mm²),Intel,Core i7,https://www.techpowerup.com/cpu-specs/core-i7-9850h.c2292
Intel Core i7-9850HE,Coffee Lake-HR,Core i7 (Coffee Lake-HR),Intel,2019-06-01,2.7 GHz,45.0,6.0,12.0,,14.0,149 mm²,,,149.0,io_die_size () + die_size (149 mm²),Intel,Core i7,https://www.techpowerup.com/cpu-specs/core-i7-9850he.c2293
Intel Core i7-9850HL,Coffee Lake-HR,Core i7 (Coffee Lake-HR),Intel,2019-06-01,1900 MHz,25.0,6.0,12.0,,14.0,149 mm²,,,149.0,io_die_size () + die_size (149 mm²),Intel,Core i7,https://www.techpowerup.com/cpu-specs/core-i7-9850hl.c2294
Intel Core i9-10800F,Comet Lake,Core i9 (Comet Lake),Intel,2020-04-30,2.7 GHz,65.0,10.0,20.0,,14.0,,,,206.0,Value of cpu_specs https://www.techpowerup.com/cpu-specs/core-i9-10850k.c2336,Intel,Core i9,https://www.techpowerup.com/cpu-specs/core-i9-10800f.c2216
Intel Core i9-10850K,Comet Lake,Core i9 (Comet Lake),Intel,2020-07-27,3.6 GHz,125.0,10.0,20.0,,14.0,206 mm²,,,206.0,io_die_size () + die_size (206 mm²),Intel,Core i9,https://www.techpowerup.com/cpu-specs/core-i9-10850k.c2336
Intel Core i9-10885H,Comet Lake-H,Core i9 (Comet Lake-H),Intel,2020-04-02,2.4 GHz,45.0,8.0,16.0,,14.0,206 mm²,,,206.0,io_die_size () + die_size (206 mm²),Intel,Core i9,https://www.techpowerup.com/cpu-specs/core-i9-10885h.c2356
Intel Core i9-10900,Comet Lake,Core i9 (Comet Lake),Intel,2020-04-30,2.8 GHz,65.0,10.0,20.0,,14.0,,,,206.0,Value of cpu_specs https://www.techpowerup.com/cpu-specs/core-i9-10850k.c2336,Intel,Core i9,https://www.techpowerup.com/cpu-specs/core-i9-10900.c2265
Intel Core i9-10900F,Comet Lake,Core i9 (Comet Lake),Intel,2020-04-30,2.8 GHz,65.0,10.0,20.0,,14.0,,,,206.0,Value of cpu_specs https://www.techpowerup.com/cpu-specs/core-i9-10850k.c2336,Intel,Core i9,https://www.techpowerup.com/cpu-specs/core-i9-10900f.c2217
Intel Core i9-10900K,Comet Lake,Core i9 (Comet Lake),Intel,2020-04-30,3.7 GHz,125.0,10.0,20.0,,14.0,206 mm²,,,206.0,io_die_size () + die_size (206 mm²),Intel,Core i9,https://www.techpowerup.com/cpu-specs/core-i9-10900k.c2266
Intel Core i9-10900KF,Comet Lake,Core i9 (Comet Lake),Intel,2020-04-30,3.7 GHz,125.0,10.0,20.0,,14.0,,,,206.0,Value of cpu_specs https://www.techpowerup.com/cpu-specs/core-i9-10850k.c2336,Intel,Core i9,https://www.techpowerup.com/cpu-specs/core-i9-10900kf.c2218
Intel Core i9-10900X,Cascade Lake-X,Core i9 Extreme (X-Series 10th Gen),Intel,2019-10-19,3.7 GHz,165.0,10.0,20.0,,14.0,,,,,io_die_size () + die_size (),Intel,Core i9,https://www.techpowerup.com/cpu-specs/core-i9-10900x.c2240
Intel Core i9-10920X,Cascade Lake-X,Core i9 Extreme (X-Series 10th Gen),Intel,2019-10-19,3.5 GHz,165.0,12.0,24.0,,14.0,,,,,io_die_size () + die_size (),Intel,Core i9,https://www.techpowerup.com/cpu-specs/core-i9-10920x.c2241
Intel Core i9-10940X,Cascade Lake-X,Core i9 Extreme (X-Series 10th Gen),Intel,2019-10-19,3.3 GHz,165.0,14.0,28.0,,14.0,,,,,io_die_size () + die_size (),Intel,Core i9,https://www.techpowerup.com/cpu-specs/core-i9-10940x.c2239
Intel Core i9-10980HK,Comet Lake-H,Core i9 (Comet Lake-H),Intel,2020-04-02,2.4 GHz,45.0,8.0,16.0,,14.0,,,,885.0,Value of cpu_specs https://www.techpowerup.com/cpu-specs/core-i7-10875h.c2277,Intel,Core i9,https://www.techpowerup.com/cpu-specs/core-i9-10980hk.c2276
Intel Core i9-10980XE,Cascade Lake-X,Core i9 Extreme (X-Series 10th Gen),Intel,2019-10-19,3 GHz,165.0,18.0,36.0,,14.0,,,,,io_die_size () + die_size (),Intel,Core i9,https://www.techpowerup.com/cpu-specs/core-i9-10980xe.c2238
Intel Core i9-11900,Rocket Lake,Core i9 (Rocket Lake-S),Intel,2021-03-16,2.5 GHz,65.0,8.0,16.0,,14.0,276 mm²,,,276.0,io_die_size () + die_size (276 mm²),Intel,Core i9,https://www.techpowerup.com/cpu-specs/core-i9-11900.c2393
Intel Core i9-11900F,Rocket Lake,Core i9 (Rocket Lake-S),Intel,2021-03-16,2.5 GHz,65.0,8.0,16.0,,14.0,276 mm²,,,276.0,io_die_size () + die_size (276 mm²),Intel,Core i9,https://www.techpowerup.com/cpu-specs/core-i9-11900f.c2394
Intel Core i9-11900H,Tiger Lake-H,Core i9 (Tiger Lake-H),Intel,2021-05-11,2.1 GHz,35.0,8.0,16.0,,10.0,190 mm²,,,190.0,io_die_size () + die_size (190 mm²),Intel,Core i9,https://www.techpowerup.com/cpu-specs/core-i9-11900h.c2475
Intel Core i9-11900K,Rocket Lake,Core i9 (Rocket Lake-S),Intel,2021-03-16,3.5 GHz,125.0,8.0,16.0,,14.0,276 mm²,,,276.0,io_die_size () + die_size (276 mm²),Intel,Core i9,https://www.techpowerup.com/cpu-specs/core-i9-11900k.c2366
Intel Core i9-11900KB,Tiger Lake-H,Core i9 (Tiger Lake-H),Intel,2021-05-01,3.3 GHz,65.0,8.0,16.0,,10.0,190 mm²,,,190.0,io_die_size () + die_size (190 mm²),Intel,Core i9,https://www.techpowerup.com/cpu-specs/core-i9-11900kb.c2484
Intel Core i9-11900KF,Rocket Lake,Core i9 (Rocket Lake-S),Intel,2021-03-16,3.5 GHz,125.0,8.0,16.0,,14.0,276 mm²,,,276.0,io_die_size () + die_size (276 mm²),Intel,Core i9,https://www.techpowerup.com/cpu-specs/core-i9-11900kf.c2392
Intel Core i9-11900T,Rocket Lake,Core i9 (Rocket Lake-S),Intel,2021-03-16,1500 MHz,35.0,8.0,16.0,,14.0,276 mm²,,,276.0,io_die_size () + die_size (276 mm²),Intel,Core i9,https://www.techpowerup.com/cpu-specs/core-i9-11900t.c2395
Intel Core i9-11950H,Tiger Lake-H,Core i9 (Tiger Lake-H),Intel,2021-05-11,2.1 GHz,35.0,8.0,16.0,,10.0,190 mm²,,,190.0,io_die_size () + die_size (190 mm²),Intel,Core i9,https://www.techpowerup.com/cpu-specs/core-i9-11950h.c2479
Intel Core i9-11980HK,Tiger Lake-H,Core i9 (Tiger Lake-H),Intel,2021-05-11,2.6 GHz,45.0,8.0,16.0,,10.0,190 mm²,,,190.0,io_die_size () + die_size (190 mm²),Intel,Core i9,https://www.techpowerup.com/cpu-specs/core-i9-11980hk.c2474
Intel Core i9-12900,Alder Lake-S,Core i9 (Alder Lake-S),Intel,2022-01-04,2.4 GHz,65.0,16.0,24.0,,10.0,215 mm²,,,215.0,io_die_size () + die_size (215 mm²),Intel,Core i9,https://www.techpowerup.com/cpu-specs/core-i9-12900.c2565
Intel Core i9-12900E,Alder Lake-S,Core i9 (Alder Lake-S),Intel,2022-01-04,2.3 GHz,65.0,16.0,24.0,,10.0,215 mm²,,,215.0,io_die_size () + die_size (215 mm²),Intel,Core i9,https://www.techpowerup.com/cpu-specs/core-i9-12900e.c2567
Intel Core i9-12900F,Alder Lake-S,Core i9 (Alder Lake-S),Intel,2022-01-04,2.4 GHz,65.0,16.0,24.0,,10.0,215 mm²,,,215.0,io_die_size () + die_size (215 mm²),Intel,Core i9,https://www.techpowerup.com/cpu-specs/core-i9-12900f.c2566
Intel Core i9-12900H,Alder Lake-H,Core i9 (Alder Lake-H),Intel,2022-01-04,2.5 GHz,45.0,14.0,20.0,,10.0,217 mm²,,,217.0,io_die_size () + die_size (217 mm²),Intel,Core i9,https://www.techpowerup.com/cpu-specs/core-i9-12900h.c2539
Intel Core i9-12900HK,Alder Lake-H,Core i9 (Alder Lake-H),Intel,2022-01-04,2.5 GHz,45.0,14.0,20.0,,10.0,217 mm²,,,217.0,io_die_size () + die_size (217 mm²),Intel,Core i9,https://www.techpowerup.com/cpu-specs/core-i9-12900hk.c2540
Intel Core i9-12900HX,Alder Lake-HX,Core i9 (Alder Lake-HX),Intel,2022-05-10,2.3 GHz,55.0,16.0,24.0,,10.0,215 mm²,,,215.0,io_die_size () + die_size (215 mm²),Intel,Core i9,https://www.techpowerup.com/cpu-specs/core-i9-12900hx.c2787
Intel Core i9-12900K,Alder Lake-S,Core i9 (Alder Lake-S),Intel,2021-11-04,3.2 GHz,125.0,16.0,24.0,,10.0,215 mm²,,,215.0,io_die_size () + die_size (215 mm²),Intel,Core i9,https://www.techpowerup.com/cpu-specs/core-i9-12900k.c2505
Intel Core i9-12900KF,Alder Lake-S,Core i9 (Alder Lake-S),Intel,2021-11-04,3.2 GHz,125.0,16.0,24.0,,10.0,215 mm²,,,215.0,io_die_size () + die_size (215 mm²),Intel,Core i9,https://www.techpowerup.com/cpu-specs/core-i9-12900kf.c2506
Intel Core i9-12900KS,Alder Lake-S,Core i9 (Alder Lake-S),Intel,2022-04-05,3.4 GHz,150.0,16.0,24.0,,10.0,215 mm²,,,215.0,io_die_size () + die_size (215 mm²),Intel,Core i9,https://www.techpowerup.com/cpu-specs/core-i9-12900ks.c2598
Intel Core i9-12900T,Alder Lake-S,Core i9 (Alder Lake-S),Intel,2022-01-04,1400 MHz,35.0,16.0,24.0,,10.0,215 mm²,,,215.0,io_die_size () + die_size (215 mm²),Intel,Core i9,https://www.techpowerup.com/cpu-specs/core-i9-12900t.c2568
Intel Core i9-12900TE,Alder Lake-S,Core i9 (Alder Lake-S),Intel,2022-01-04,1100 MHz,35.0,16.0,24.0,,10.0,215 mm²,,,215.0,io_die_size () + die_size (215 mm²),Intel,Core i9,https://www.techpowerup.com/cpu-specs/core-i9-12900te.c2569
Intel Core i9-12950HX,Alder Lake-HX,Core i9 (Alder Lake-HX),Intel,2022-05-10,2.3 GHz,55.0,16.0,24.0,,10.0,215 mm²,,,215.0,io_die_size () + die_size (215 mm²),Intel,Core i9,https://www.techpowerup.com/cpu-specs/core-i9-12950hx.c2786
Intel Core i9-13900,Raptor Lake-S,Core i9 (Raptor Lake),Intel,2023-01-04,2000 MHz,65.0,24.0,32.0,,10.0,257 mm²,,,257.0,io_die_size () + die_size (257 mm²),Intel,Core i9,https://www.techpowerup.com/cpu-specs/core-i9-13900.c2854
Intel Core i9-13900E,Raptor Lake-S,Core i9 (Raptor Lake),Intel,2023-01-04,1800 MHz,65.0,24.0,32.0,,10.0,257 mm²,,,257.0,io_die_size () + die_size (257 mm²),Intel,Core i9,https://www.techpowerup.com/cpu-specs/core-i9-13900e.c3082
Intel Core i9-13900F,Raptor Lake-S,Core i9 (Raptor Lake),Intel,2023-01-04,2000 MHz,65.0,24.0,32.0,,10.0,257 mm²,,,257.0,io_die_size () + die_size (257 mm²),Intel,Core i9,https://www.techpowerup.com/cpu-specs/core-i9-13900f.c2997
Intel Core i9-13900H,Raptor Lake-H,Core i9 (Raptor Lake-H),Intel,2023-01-04,2.6 GHz,45.0,14.0,20.0,,10.0,257 mm²,,,257.0,io_die_size () + die_size (257 mm²),Intel,Core i9,https://www.techpowerup.com/cpu-specs/core-i9-13900h.c3048
Intel Core i9-13900HK,Raptor Lake-H,Core i9 (Raptor Lake-H),Intel,2023-01-04,2.6 GHz,45.0,14.0,20.0,,10.0,257 mm²,,,257.0,io_die_size () + die_size (257 mm²),Intel,Core i9,https://www.techpowerup.com/cpu-specs/core-i9-13900hk.c3047
Intel Core i9-13900HX,Raptor Lake-HX,Core i9 (Raptor Lake-HX),Intel,2023-01-04,2.2 GHz,55.0,24.0,32.0,,10.0,257 mm²,,,257.0,io_die_size () + die_size (257 mm²),Intel,Core i9,https://www.techpowerup.com/cpu-specs/core-i9-13900hx.c3018
Intel Core i9-13900K,Raptor Lake-S,Core i9 (Raptor Lake),Intel,2022-09-27,3 GHz,125.0,24.0,32.0,,10.0,257 mm²,,,257.0,io_die_size () + die_size (257 mm²),Intel,Core i9,https://www.techpowerup.com/cpu-specs/core-i9-13900k.c2817
Intel Core i9-13900KF,Raptor Lake-S,Core i9 (Raptor Lake),Intel,2022-09-27,3 GHz,125.0,24.0,32.0,,10.0,257 mm²,,,257.0,io_die_size () + die_size (257 mm²),Intel,Core i9,https://www.techpowerup.com/cpu-specs/core-i9-13900kf.c2916
Intel Core i9-13900KS,Raptor Lake-S,Core i9 (Raptor Lake),Intel,2023-01-12,3.2 GHz,150.0,24.0,32.0,,10.0,257 mm²,,,257.0,io_die_size () + die_size (257 mm²),Intel,Core i9,https://www.techpowerup.com/cpu-specs/core-i9-13900ks.c2956
Intel Core i9-13900T,Raptor Lake-S,Core i9 (Raptor Lake),Intel,2023-01-04,1100 MHz,35.0,24.0,32.0,,10.0,257 mm²,,,257.0,io_die_size () + die_size (257 mm²),Intel,Core i9,https://www.techpowerup.com/cpu-specs/core-i9-13900t.c3001
Intel Core i9-13900TE,Raptor Lake-S,Core i9 (Raptor Lake),Intel,2023-01-04,1000 MHz,35.0,24.0,32.0,,10.0,257 mm²,,,257.0,io_die_size () + die_size (257 mm²),Intel,Core i9,https://www.techpowerup.com/cpu-specs/core-i9-13900te.c3083
Intel Core i9-13905H,Raptor Lake-H,Core i9 (Raptor Lake-H),Intel,2023-01-04,2.6 GHz,45.0,14.0,20.0,,10.0,257 mm²,,,257.0,io_die_size () + die_size (257 mm²),Intel,Core i9,https://www.techpowerup.com/cpu-specs/core-i9-13905h.c3049
Intel Core i9-13950HX,Raptor Lake-HX,Core i9 (Raptor Lake-HX),Intel,2023-01-04,2.2 GHz,55.0,24.0,32.0,,10.0,257 mm²,,,257.0,io_die_size () + die_size (257 mm²),Intel,Core i9,https://www.techpowerup.com/cpu-specs/core-i9-13950hx.c3017
Intel Core i9-13980HX,Raptor Lake-HX,Core i9 (Raptor Lake-HX),Intel,2023-01-04,2.2 GHz,55.0,24.0,32.0,,10.0,257 mm²,,,257.0,io_die_size () + die_size (257 mm²),Intel,Core i9,https://www.techpowerup.com/cpu-specs/core-i9-13980hx.c3016
Intel Core i9-7900X,Skylake-X,Core i9 (X-Series),Intel,2017-06-26,3.3 GHz,140.0,10.0,20.0,,14.0,,,,,io_die_size () + die_size (),Intel,Core i9,https://www.techpowerup.com/cpu-specs/core-i9-7900x.c1906
Intel Core i9-7920X,Skylake-X,Core i9 (X-Series),Intel,2017-09-10,2.9 GHz,140.0,12.0,24.0,,14.0,,,,,io_die_size () + die_size (),Intel,Core i9,https://www.techpowerup.com/cpu-specs/core-i9-7920x.c1932
Intel Core i9-7940X,Skylake-X,Core i9 (X-Series),Intel,2017-09-01,3.1 GHz,165.0,14.0,28.0,,14.0,,,,,io_die_size () + die_size (),Intel,Core i9,https://www.techpowerup.com/cpu-specs/core-i9-7940x.c1951
Intel Core i9-7960X,Skylake-X,Core i9 (X-Series),Intel,2017-09-01,2.8 GHz,165.0,16.0,32.0,,14.0,,,,,io_die_size () + die_size (),Intel,Core i9,https://www.techpowerup.com/cpu-specs/core-i9-7960x.c1950
Intel Core i9-7980XE,Skylake-X,Core i9 Extreme (X-Series),Intel,2017-09-01,2.6 GHz,165.0,18.0,36.0,,14.0,,,,,io_die_size () + die_size (),Intel,Core i9,https://www.techpowerup.com/cpu-specs/core-i9-7980xe.c1952
Intel Core i9-8950HK,Coffee Lake-H,Core i9 (Coffee Lake-H),Intel,2018-04-02,2.9 GHz,95.0,6.0,12.0,,14.0,149 mm²,,,149.0,io_die_size () + die_size (149 mm²),Intel,Core i9,https://www.techpowerup.com/cpu-specs/core-i9-8950hk.c1969
Intel Core i9-9820X,Skylake-X,Core i9 (X-Series 9th Gen),Intel,2018-10-19,3.3 GHz,165.0,10.0,20.0,,14.0,,,,,io_die_size () + die_size (),Intel,Core i9,https://www.techpowerup.com/cpu-specs/core-i9-9820x.c2114
Intel Core i9-9880H,Coffee Lake-HR,Core i9 (Coffee Lake-HR),Intel,2019-04-23,2.3 GHz,45.0,8.0,16.0,,14.0,149 mm²,,,149.0,io_die_size () + die_size (149 mm²),Intel,Core i9,https://www.techpowerup.com/cpu-specs/core-i9-9880h.c2289
Intel Core i9-9900,Coffee Lake-R,Core i9 (Coffee Lake Refresh),Intel,2019-04-23,3.1 GHz,65.0,8.0,16.0,,14.0,180.3 mm²,,,540.0,io_die_size () + die_size (180.3 mm²),Intel,Core i9,https://www.techpowerup.com/cpu-specs/core-i9-9900.c2182
Intel Core i9-9900K,Coffee Lake-R,Core i9 (Coffee Lake Refresh),Intel,2018-10-19,3.6 GHz,95.0,8.0,16.0,,14.0,180.3 mm²,,,540.0,io_die_size () + die_size (180.3 mm²),Intel,Core i9,https://www.techpowerup.com/cpu-specs/core-i9-9900k.c2098
Intel Core i9-9900KF,Coffee Lake-R,Core i9 (Coffee Lake Refresh),Intel,2019-01-08,3.6 GHz,95.0,8.0,16.0,,14.0,180.3 mm²,,,540.0,io_die_size () + die_size (180.3 mm²),Intel,Core i9,https://www.techpowerup.com/cpu-specs/core-i9-9900kf.c2124
Intel Core i9-9900KS,Coffee Lake-R,Core i9 (Coffee Lake Refresh),Intel,2019-10-28,4 GHz,127.0,8.0,16.0,,14.0,180 mm²,,,180.0,io_die_size () + die_size (180 mm²),Intel,Core i9,https://www.techpowerup.com/cpu-specs/core-i9-9900ks.c2242
Intel Core i9-9900T,Coffee Lake-R,Core i9 (Coffee Lake Refresh),Intel,2019-04-23,2.1 GHz,35.0,8.0,16.0,,14.0,180.3 mm²,,,540.0,io_die_size () + die_size (180.3 mm²),Intel,Core i9,https://www.techpowerup.com/cpu-specs/core-i9-9900t.c3123
Intel Core i9-9900X,Skylake-X,Core i9 (X-Series 9th Gen),Intel,2018-10-19,3.5 GHz,165.0,10.0,20.0,,14.0,,,,,io_die_size () + die_size (),Intel,Core i9,https://www.techpowerup.com/cpu-specs/core-i9-9900x.c2113
Intel Core i9-9920X,Skylake-X,Core i9 (X-Series 9th Gen),Intel,2018-10-19,3.5 GHz,165.0,12.0,24.0,,14.0,,,,,io_die_size () + die_size (),Intel,Core i9,https://www.techpowerup.com/cpu-specs/core-i9-9920x.c2112
Intel Core i9-9940X,Skylake-X,Core i9 (X-Series 9th Gen),Intel,2018-10-19,3.3 GHz,165.0,14.0,28.0,,14.0,,,,,io_die_size () + die_size (),Intel,Core i9,https://www.techpowerup.com/cpu-specs/core-i9-9940x.c2111
Intel Core i9-9960X,Skylake-X,Core i9 (X-Series 9th Gen),Intel,2018-10-19,3.1 GHz,165.0,16.0,32.0,,14.0,,,,,io_die_size () + die_size (),Intel,Core i9,https://www.techpowerup.com/cpu-specs/core-i9-9960x.c2110
Intel Core i9-9980HK,Coffee Lake-HR,Core i9 (Coffee Lake-HR),Intel,2019-04-23,2.4 GHz,45.0,8.0,16.0,,14.0,149 mm²,,,149.0,io_die_size () + die_size (149 mm²),Intel,Core i9,https://www.techpowerup.com/cpu-specs/core-i9-9980hk.c2288
Intel Core i9-9980XE,Skylake-X,Core i9 Extreme (X-Series 9th Gen),Intel,2018-10-19,3 GHz,165.0,18.0,36.0,,14.0,,,,,io_die_size () + die_size (),Intel,Core i9,https://www.techpowerup.com/cpu-specs/core-i9-9980xe.c2109
Intel Core i9-9990XE,Skylake-X,Core i9 Extreme (X-Series 9th Gen),Intel,2018-10-19,4 GHz,255.0,14.0,28.0,,14.0,,,,,io_die_size () + die_size (),Intel,Core i9,https://www.techpowerup.com/cpu-specs/core-i9-9990xe.c2149
Intel Core m3-8114Y,Cannon Lake-Y,Core m3 (Cannon Lake-Y),Intel,2018-05-05,1500 MHz,5.0,2.0,4.0,,10.0,70.52 mm²,,,3640.0,io_die_size () + die_size (70.52 mm²),Intel,Core m3,https://www.techpowerup.com/cpu-specs/core-m3-8114y.c2071
Intel Pentium 8500,Alder Lake-U,Pentium (Alder Lake-U),Intel,2022-02-23,1000 MHz,9.0,5.0,6.0,,10.0,,,,,io_die_size () + die_size (),Intel,Pentium,https://www.techpowerup.com/cpu-specs/pentium-8500.c2672
Intel Pentium 8505,Alder Lake-U,Pentium (Alder Lake-U),Intel,2022-02-23,1200 MHz,15.0,5.0,6.0,,10.0,,,,,io_die_size () + die_size (),Intel,Pentium,https://www.techpowerup.com/cpu-specs/pentium-8505.c2673
Intel Pentium 8505 (IPU),Alder Lake-U,Pentium (Alder Lake-U),Intel,2022-02-23,1200 MHz,15.0,5.0,6.0,,10.0,,,,,io_die_size () + die_size (),Intel,Pentium,https://www.techpowerup.com/cpu-specs/pentium-8505-ipu.c2700
Intel Pentium G4560,Kaby Lake,Pentium (Kaby Lake),Intel,2017-01-03,3.5 GHz,51.0,2.0,4.0,,14.0,,,,63.0,Rule of three of cpu_manufacture https://en.wikichip.org/wiki/intel/microarchitectures/kaby_lake,Intel,Pentium G,https://www.techpowerup.com/cpu-specs/pentium-g4560.c1937
Intel Pentium G4560T,Kaby Lake,Pentium (Kaby Lake),Intel,2017-01-03,2.9 GHz,35.0,2.0,4.0,,14.0,,,,63.0,Rule of three of cpu_manufacture https://en.wikichip.org/wiki/intel/microarchitectures/kaby_lake,Intel,Pentium G,https://www.techpowerup.com/cpu-specs/pentium-g4560t.c1939
Intel Pentium G4600,Kaby Lake,Pentium (Kaby Lake),Intel,2017-01-03,3.6 GHz,51.0,2.0,4.0,,14.0,,,,63.0,Rule of three of cpu_manufacture https://en.wikichip.org/wiki/intel/microarchitectures/kaby_lake,Intel,Pentium G,https://www.techpowerup.com/cpu-specs/pentium-g4600.c1936
Intel Pentium G4600T,Kaby Lake,Pentium (Kaby Lake),Intel,2017-01-03,3 GHz,35.0,2.0,4.0,,14.0,,,,63.0,Rule of three of cpu_manufacture https://en.wikichip.org/wiki/intel/microarchitectures/kaby_lake,Intel,Pentium G,https://www.techpowerup.com/cpu-specs/pentium-g4600t.c1938
Intel Pentium G4620,Kaby Lake,Pentium (Kaby Lake),Intel,2017-01-03,3.7 GHz,51.0,2.0,4.0,,14.0,,,,63.0,Rule of three of cpu_manufacture https://en.wikichip.org/wiki/intel/microarchitectures/kaby_lake,Intel,Pentium G,https://www.techpowerup.com/cpu-specs/pentium-g4620.c1935
Intel Pentium Gold G5400,Coffee Lake,Pentium Gold (Coffee Lake),Intel,2018-04-02,3.7 GHz,58.0,2.0,4.0,,14.0,126 mm²,,,126.0,io_die_size () + die_size (126 mm²),Intel,Pentium Gold G,https://www.techpowerup.com/cpu-specs/pentium-gold-g5400.c1988
Intel Pentium Gold G5400T,Coffee Lake,Pentium Gold (Coffee Lake),Intel,2018-04-02,3.1 GHz,35.0,2.0,4.0,,14.0,126 mm²,,,126.0,io_die_size () + die_size (126 mm²),Intel,Pentium Gold G,https://www.techpowerup.com/cpu-specs/pentium-gold-g5400t.c3124
Intel Pentium Gold G5500,Coffee Lake,Pentium Gold (Coffee Lake),Intel,2018-04-02,3.8 GHz,54.0,2.0,4.0,,14.0,126 mm²,,,126.0,io_die_size () + die_size (126 mm²),Intel,Pentium Gold G,https://www.techpowerup.com/cpu-specs/pentium-gold-g5500.c1987
Intel Pentium Gold G5500T,Coffee Lake,Pentium Gold (Coffee Lake),Intel,2018-04-02,3.2 GHz,35.0,2.0,4.0,,14.0,126 mm²,,,126.0,io_die_size () + die_size (126 mm²),Intel,Pentium Gold G,https://www.techpowerup.com/cpu-specs/pentium-gold-g5500t.c3125
Intel Pentium Gold G5600,Coffee Lake,Pentium Gold (Coffee Lake),Intel,2018-04-02,3.9 GHz,54.0,2.0,4.0,,14.0,126 mm²,,,126.0,io_die_size () + die_size (126 mm²),Intel,Pentium Gold G,https://www.techpowerup.com/cpu-specs/pentium-gold-g5600.c1986
Intel Pentium Gold G5620,Coffee Lake,Pentium Gold (Coffee Lake),Intel,2019-02-20,4 GHz,54.0,2.0,4.0,,14.0,126 mm²,,,126.0,io_die_size () + die_size (126 mm²),Intel,Pentium Gold G,https://www.techpowerup.com/cpu-specs/pentium-gold-g5620.c2160
Intel Pentium Gold G6400,Comet Lake,Pentium Gold (Comet Lake),Intel,2020-04-30,4 GHz,58.0,2.0,4.0,,14.0,,,,41.2,Rule of three of cpu_specs https://www.techpowerup.com/cpu-specs/core-i9-10850k.c2336,Intel,Pentium Gold G,https://www.techpowerup.com/cpu-specs/pentium-gold-g6400.c2305
Intel Pentium Gold G6405,Comet Lake-R,Pentium Gold (Comet Lake),Intel,2021-03-16,4.1 GHz,65.0,2.0,4.0,,14.0,,,,,io_die_size () + die_size (),Intel,Pentium Gold G,https://www.techpowerup.com/cpu-specs/pentium-gold-g6405.c2418
Intel Pentium Gold G6405T,Comet Lake-R,Pentium Gold (Comet Lake),Intel,2021-03-16,3.5 GHz,35.0,2.0,4.0,,14.0,,,,,io_die_size () + die_size (),Intel,Pentium Gold G,https://www.techpowerup.com/cpu-specs/pentium-gold-g6405t.c2420
Intel Pentium Gold G6500,Comet Lake,Pentium Gold (Comet Lake),Intel,2020-04-30,4.1 GHz,58.0,2.0,4.0,,14.0,,,,41.2,Rule of three of cpu_specs https://www.techpowerup.com/cpu-specs/core-i9-10850k.c2336,Intel,Pentium Gold G,https://www.techpowerup.com/cpu-specs/pentium-gold-g6500.c2304
Intel Pentium Gold G6505,Comet Lake-R,Pentium Gold (Comet Lake),Intel,2021-03-16,4.2 GHz,65.0,2.0,4.0,,14.0,,,,,io_die_size () + die_size (),Intel,Pentium Gold G,https://www.techpowerup.com/cpu-specs/pentium-gold-g6505.c2417
Intel Pentium Gold G6505T,Comet Lake-R,Pentium Gold (Comet Lake),Intel,2021-03-16,3.6 GHz,35.0,2.0,4.0,,14.0,,,,,io_die_size () + die_size (),Intel,Pentium Gold G,https://www.techpowerup.com/cpu-specs/pentium-gold-g6505t.c2419
Intel Pentium Gold G6600,Comet Lake,Pentium Gold (Comet Lake),Intel,2020-04-30,4.2 GHz,58.0,2.0,4.0,,14.0,,,,41.2,Rule of three of cpu_specs https://www.techpowerup.com/cpu-specs/core-i9-10850k.c2336,Intel,Pentium Gold G,https://www.techpowerup.com/cpu-specs/pentium-gold-g6600.c2303
Intel Pentium Gold G6605,Comet Lake-R,Pentium Gold (Comet Lake),Intel,2021-03-16,4.3 GHz,65.0,2.0,4.0,,14.0,,,,,io_die_size () + die_size (),Intel,Pentium Gold G,https://www.techpowerup.com/cpu-specs/pentium-gold-g6605.c2416
Intel Pentium Gold G7400,Alder Lake-S,Pentium Gold (Alder Lake-S),Intel,2022-01-04,3.7 GHz,46.0,2.0,4.0,,10.0,,,,150.3,Linear regression of cpu_specs,Intel,Pentium Gold G,https://www.techpowerup.com/cpu-specs/pentium-gold-g7400.c2574
Intel Pentium Gold G7400E,Alder Lake-S,Pentium Gold (Alder Lake-S),Intel,2022-01-04,3.6 GHz,46.0,2.0,4.0,,10.0,,,,150.3,Linear regression of cpu_specs,Intel,Pentium Gold G,https://www.techpowerup.com/cpu-specs/pentium-gold-g7400e.c2575
Intel Pentium Gold G7400T,Alder Lake-S,Pentium Gold (Alder Lake-S),Intel,2022-01-04,3.1 GHz,35.0,2.0,4.0,,10.0,,,,150.3,Linear regression of cpu_specs,Intel,Pentium Gold G,https://www.techpowerup.com/cpu-specs/pentium-gold-g7400t.c2578
Intel Pentium Gold G7400TE,Alder Lake-S,Pentium Gold (Alder Lake-S),Intel,2022-01-04,3 GHz,35.0,2.0,4.0,,10.0,,,,150.3,Linear regression of cpu_specs,Intel,Pentium Gold G,https://www.techpowerup.com/cpu-specs/pentium-gold-g7400te.c2576
Intel Pentium Silver J5005,Coffee Lake,Pentium Silver (Coffee Lake),Intel,2017-12-01,1500 MHz,10.0,4.0,4.0,,14.0,,,,126.0,Value of cpu_specs https://www.techpowerup.com/cpu-specs/core-i3-8020.c2088,Intel,Pentium Silver J,https://www.techpowerup.com/cpu-specs/pentium-silver-j5005.c2072
Intel Processor N100,Gracemont,Intel Processor (Alder Lake-N),Intel,2023-01-03,100 MHz,6.0,4.0,4.0,,10.0,,,,,io_die_size () + die_size (),Intel,Processor N,https://www.techpowerup.com/cpu-specs/processor-n100.c3007
Intel Processor N200,Gracemont,Intel Processor (Alder Lake-N),Intel,2023-01-03,100 MHz,6.0,4.0,4.0,,10.0,,,,,io_die_size () + die_size (),Intel,Processor N,https://www.techpowerup.com/cpu-specs/processor-n200.c3008
Intel Processor N50,Gracemont,Intel Processor (Alder Lake-N),Intel,2023-01-03,1000 MHz,6.0,2.0,2.0,,10.0,,,,,io_die_size () + die_size (),Intel,Processor,https://www.techpowerup.com/cpu-specs/processor-n50.c3010
Intel Processor N95,Gracemont,Intel Processor (Alder Lake-N),Intel,2023-01-03,100 MHz,15.0,4.0,4.0,,10.0,,,,,io_die_size () + die_size (),Intel,Processor,https://www.techpowerup.com/cpu-specs/processor-n95.c3185
Intel Processor N97,Gracemont,Intel Processor (Alder Lake-N),Intel,2023-01-03,2000 MHz,12.0,4.0,4.0,,10.0,,,,,io_die_size () + die_size (),Intel,Processor,https://www.techpowerup.com/cpu-specs/processor-n97.c3009
Intel Processor U300,Raptor Lake-U,Intel Processor (Raptor Lake-U),Intel,2023-01-04,1200 MHz,15.0,5.0,6.0,,10.0,,,,,io_die_size () + die_size (),Intel,Processor U,https://www.techpowerup.com/cpu-specs/processor-u300.c3072
Intel Processor U300E,Raptor Lake-U,Intel Processor (Raptor Lake-U),Intel,2023-01-04,1100 MHz,15.0,5.0,6.0,,10.0,,,,,io_die_size () + die_size (),Intel,Processor U,https://www.techpowerup.com/cpu-specs/processor-u300e.c3074
Intel Xeon Bronze 3106,Skylake-SP,Xeon Bronze (Skylake-SP),Intel,2017-07-11,2.1 GHz,85.0,8.0,8.0,"8,000 million",14.0,,,,,io_die_size () + die_size (),Intel,Xeon Bronze,https://www.techpowerup.com/cpu-specs/xeon-bronze-3106.c2058
Intel Xeon Bronze 3408U,Sapphire Rapids,Xeon Bronze (Sapphire Rapids-SP),Intel,2023-01-10,1800 MHz,125.0,8.0,8.0,,10.0,,,,1908.0,Linear regression of cpu_specs,Intel,Xeon Bronze,https://www.techpowerup.com/cpu-specs/xeon-bronze-3408u.c3170
Intel Xeon E-2124,Coffee Lake-S,Xeon E (Coffee Lake),Intel,2018-05-31,3.4 GHz,72.0,4.0,4.0,"1,400 million",14.0,126 mm²,,,126.0,io_die_size () + die_size (126 mm²),Intel,Xeon E,https://www.techpowerup.com/cpu-specs/xeon-e-2124.c2078
Intel Xeon E-2124G,Coffee Lake-S,Xeon E (Coffee Lake),Intel,2018-05-31,3.4 GHz,72.0,4.0,4.0,"1,400 million",14.0,126 mm²,,,126.0,io_die_size () + die_size (126 mm²),Intel,Xeon E,https://www.techpowerup.com/cpu-specs/xeon-e-2124g.c2079
Intel Xeon E-2288G,Coffee Lake,Xeon E (Coffee Lake),Intel,2019-05-27,3.7 GHz,95.0,8.0,16.0,,,,,,540.0,Max value of cpu_specs https://www.techpowerup.com/cpu-specs/core-i7-9700.c2183,Intel,Xeon E,https://www.cpu-world.com/CPUs/Xeon_E/Intel-Xeon%20E%20E-2288G.html
Intel Xeon E-2314,Rocket Lake-E,Xeon (Rocket Lake-E),Intel,2021-09-08,2.8 GHz,65.0,4.0,4.0,,14.0,276 mm²,,,276.0,io_die_size () + die_size (276 mm²),Intel,Xeon E,https://www.techpowerup.com/cpu-specs/xeon-e-2314.c2501
Intel Xeon E-2324G,Rocket Lake-E,Xeon (Rocket Lake-E),Intel,2021-09-08,3.1 GHz,65.0,4.0,4.0,,14.0,276 mm²,,,276.0,io_die_size () + die_size (276 mm²),Intel,Xeon E,https://www.techpowerup.com/cpu-specs/xeon-e-2324g.c2500
Intel Xeon E-2334,Rocket Lake-E,Xeon (Rocket Lake-E),Intel,2021-09-08,3.4 GHz,65.0,4.0,8.0,,14.0,276 mm²,,,276.0,io_die_size () + die_size (276 mm²),Intel,Xeon E,https://www.techpowerup.com/cpu-specs/xeon-e-2334.c2499
Intel Xeon E-2336,Rocket Lake-E,Xeon (Rocket Lake-E),Intel,2021-09-08,2.9 GHz,65.0,6.0,12.0,,14.0,276 mm²,,,276.0,io_die_size () + die_size (276 mm²),Intel,Xeon E,https://www.techpowerup.com/cpu-specs/xeon-e-2336.c2497
Intel Xeon E-2356G,Rocket Lake-E,Xeon (Rocket Lake-E),Intel,2021-09-08,3.2 GHz,80.0,6.0,12.0,,14.0,276 mm²,,,276.0,io_die_size () + die_size (276 mm²),Intel,Xeon E,https://www.techpowerup.com/cpu-specs/xeon-e-2356g.c2496
Intel Xeon E-2374G,Rocket Lake-E,Xeon (Rocket Lake-E),Intel,2021-09-08,3.7 GHz,80.0,4.0,8.0,,14.0,276 mm²,,,276.0,io_die_size () + die_size (276 mm²),Intel,Xeon E,https://www.techpowerup.com/cpu-specs/xeon-e-2374g.c2498
Intel Xeon E-2378,Rocket Lake-E,Xeon (Rocket Lake-E),Intel,2021-09-08,2.6 GHz,65.0,8.0,16.0,,14.0,276 mm²,,,276.0,io_die_size () + die_size (276 mm²),Intel,Xeon E,https://www.techpowerup.com/cpu-specs/xeon-e-2378.c2494
Intel Xeon E-2378G,Rocket Lake-E,Xeon (Rocket Lake-E),Intel,2021-09-08,2.8 GHz,80.0,8.0,16.0,,14.0,276 mm²,,,276.0,io_die_size () + die_size (276 mm²),Intel,Xeon E,https://www.techpowerup.com/cpu-specs/xeon-e-2378g.c2493
Intel Xeon E-2386G,Rocket Lake-E,Xeon (Rocket Lake-E),Intel,2021-09-08,3.5 GHz,95.0,6.0,12.0,,14.0,276 mm²,,,276.0,io_die_size () + die_size (276 mm²),Intel,Xeon E,https://www.techpowerup.com/cpu-specs/xeon-e-2386g.c2495
Intel Xeon E-2388G,Rocket Lake-E,Xeon (Rocket Lake-E),Intel,2021-09-08,3.2 GHz,95.0,8.0,16.0,,14.0,276 mm²,,,276.0,io_die_size () + die_size (276 mm²),Intel,Xeon E,https://www.techpowerup.com/cpu-specs/xeon-e-2388g.c2492
Intel Xeon E3-1285 v6,Kaby Lake-DT,Xeon E3 (Kaby Lake-DT),Intel,2017-08-01,4.1 GHz,79.0,4.0,8.0,"1,400 million",14.0,160 mm²,,,160.0,io_die_size () + die_size (160 mm²),Intel,Xeon E3,https://www.techpowerup.com/cpu-specs/xeon-e3-1285-v6.c1999
Intel Xeon E5-2650,Sandy Bridge,,,,,95.0,8.0,16.0,,,,,,350.0,Linear regression of cpu_manufacture,Intel,Xeon E5,https://docs.google.com/spreadsheets/d/1DqYgQnEDLQVQm5acMAhLgHLD8xXCG9BIrk-_Nv6jF3k/edit#gid=224728652
Intel Xeon E5-2690 V3,Haswell,,,,2.6,135,12,24.0,,22,,,,622.0,Max value of cpu_manufacture https://en.wikichip.org/wiki/intel/microarchitectures/haswell_(client)#Octadeca-core,Intel,Xeon E5,https://github.com/cloud-carbon-footprint/cloud-carbon-coefficients/tree/main/data
Intel Xeon E5-2690 V4,Broadwell,,,,2.6,135.0,14.0,28.0,,14,,,,456.12,Max value of cpu_manufacture https://en.wikichip.org/wiki/intel/microarchitectures/broadwell_(client)#Die_Stats,Intel,Xeon E5,https://github.com/cloud-carbon-footprint/cloud-carbon-coefficients/tree/main/data and https://www.cpu-world.com/CPUs/Xeon/Intel-Xeon%20E5-2690%20v4.html
Intel Xeon E7-8890 V3,Haswell,,,,2.5,165,18,36,,22,,,,622.0,Max value of cpu_manufacture https://en.wikichip.org/wiki/intel/microarchitectures/haswell_(client)#Octadeca-core,Intel,Xeon E7,https://github.com/cloud-carbon-footprint/cloud-carbon-coefficients/tree/main/data
Intel Xeon Gold 5315Y,Ice Lake-SP,Xeon Gold (Ice Lake-SP),Intel,2021-04-06,3.2 GHz,140.0,8.0,16.0,,10.0,,,,,io_die_size () + die_size (),Intel,Xeon Gold,https://www.techpowerup.com/cpu-specs/xeon-gold-5315y.c2450
Intel Xeon Gold 5317,Ice Lake-SP,Xeon Gold (Ice Lake-SP),Intel,2021-04-06,3 GHz,150.0,12.0,24.0,,10.0,,,,,io_die_size () + die_size (),Intel,Xeon Gold,https://www.techpowerup.com/cpu-specs/xeon-gold-5317.c2446
Intel Xeon Gold 5318H,Cooper Lake-SP,Xeon Gold (Cooper Lake-SP),Intel,2021-04-06,2.5 GHz,150.0,18.0,36.0,,14.0,,,,,io_die_size () + die_size (),Intel,Xeon Gold,https://www.techpowerup.com/cpu-specs/xeon-gold-5318h.c2456
Intel Xeon Gold 5318N,Ice Lake-SP,Xeon Gold (Ice Lake-SP),Intel,2021-04-06,2.1 GHz,150.0,24.0,48.0,,10.0,,,,,io_die_size () + die_size (),Intel,Xeon Gold,https://www.techpowerup.com/cpu-specs/xeon-gold-5318n.c2447
Intel Xeon Gold 5318S,Ice Lake-SP,Xeon Gold (Ice Lake-SP),Intel,2021-04-06,2.1 GHz,165.0,24.0,48.0,,10.0,,,,,io_die_size () + die_size (),Intel,Xeon Gold,https://www.techpowerup.com/cpu-specs/xeon-gold-5318s.c2445
Intel Xeon Gold 5318Y,Ice Lake-SP,Xeon Gold (Ice Lake-SP),Intel,2021-04-06,2.1 GHz,165.0,24.0,48.0,,10.0,,,,,io_die_size () + die_size (),Intel,Xeon Gold,https://www.techpowerup.com/cpu-specs/xeon-gold-5318y.c2444
Intel Xeon Gold 5320,Ice Lake-SP,Xeon Gold (Ice Lake-SP),Intel,2021-04-06,2.2 GHz,185.0,26.0,52.0,,10.0,,,,,io_die_size () + die_size (),Intel,Xeon Gold,https://www.techpowerup.com/cpu-specs/xeon-gold-5320.c2449
Intel Xeon Gold 5320H,Cooper Lake-SP,Xeon Gold (Cooper Lake-SP),Intel,2021-04-06,2.4 GHz,150.0,20.0,40.0,,14.0,,,,,io_die_size () + die_size (),Intel,Xeon Gold,https://www.techpowerup.com/cpu-specs/xeon-gold-5320h.c2470
Intel Xeon Gold 5320T,Ice Lake-SP,Xeon Gold (Ice Lake-SP),Intel,2021-04-06,2.3 GHz,150.0,20.0,40.0,,10.0,,,,,io_die_size () + die_size (),Intel,Xeon Gold,https://www.techpowerup.com/cpu-specs/xeon-gold-5320t.c2448
Intel Xeon Gold 5411N,Sapphire Rapids,Xeon Gold (Sapphire Rapids-SP),Intel,2023-01-10,1900 MHz,165.0,28.0,56.0,,10.0,,,,1908.0,Value of cpu_specs https://www.techpowerup.com/cpu-specs/xeon-platinum-8450h.c3138,Intel,Xeon Gold,https://www.techpowerup.com/cpu-specs/xeon-gold-5411n.c3152
Intel Xeon Gold 5412U,Sapphire Rapids,Xeon Gold (Sapphire Rapids-SP),Intel,2023-01-10,2.1 GHz,185.0,24.0,48.0,,10.0,,,,1908.0,Value of cpu_specs https://www.techpowerup.com/cpu-specs/xeon-w7-3455.c3109,Intel,Xeon Gold,https://www.techpowerup.com/cpu-specs/xeon-gold-5412u.c3153
Intel Xeon Gold 5415+,Sapphire Rapids,Xeon Gold (Sapphire Rapids-SP),Intel,2023-01-10,2.9 GHz,150.0,8.0,16.0,,10.0,,,,1908.0,Linear regression of cpu_specs,Intel,Xeon Gold,https://www.techpowerup.com/cpu-specs/xeon-gold-5415.c3164
Intel Xeon Gold 5416S,Sapphire Rapids,Xeon Gold (Sapphire Rapids-SP),Intel,2023-01-10,2000 MHz,150.0,16.0,32.0,,10.0,,,,1908.0,Value of cpu_specs https://www.techpowerup.com/cpu-specs/xeon-platinum-8444h.c3139,Intel,Xeon Gold,https://www.techpowerup.com/cpu-specs/xeon-gold-5416s.c3161
Intel Xeon Gold 5418N,Sapphire Rapids,Xeon Gold (Sapphire Rapids-SP),Intel,2023-01-10,1800 MHz,165.0,24.0,48.0,,10.0,,,,1908.0,Value of cpu_specs https://www.techpowerup.com/cpu-specs/xeon-w7-3455.c3109,Intel,Xeon Gold,https://www.techpowerup.com/cpu-specs/xeon-gold-5418n.c3154
Intel Xeon Gold 5418Y,Sapphire Rapids,Xeon Gold (Sapphire Rapids-SP),Intel,2023-01-10,2000 MHz,185.0,24.0,48.0,,10.0,,,,1908.0,Value of cpu_specs https://www.techpowerup.com/cpu-specs/xeon-w7-3455.c3109,Intel,Xeon Gold,https://www.techpowerup.com/cpu-specs/xeon-gold-5418y.c3155
Intel Xeon Gold 5420+,Sapphire Rapids,Xeon Gold (Sapphire Rapids-SP),Intel,2023-01-10,2000 MHz,205.0,28.0,56.0,,10.0,,,,1908.0,Value of cpu_specs https://www.techpowerup.com/cpu-specs/xeon-platinum-8450h.c3138,Intel,Xeon Gold,https://www.techpowerup.com/cpu-specs/xeon-gold-5420.c3151
Intel Xeon Gold 5423N,Sapphire Rapids,Xeon Gold (Sapphire Rapids-SP),Intel,2023-01-10,2.1 GHz,145.0,20.0,40.0,,10.0,,,,1908.0,Value of cpu_specs https://www.techpowerup.com/cpu-specs/xeon-w7-3445.c3110,Intel,Xeon Gold,https://www.techpowerup.com/cpu-specs/xeon-gold-5423n.c3158
Intel Xeon Gold 5433N,Sapphire Rapids,Xeon Gold (Sapphire Rapids-SP),Intel,2023-01-10,2.3 GHz,160.0,20.0,40.0,,10.0,,,,1908.0,Value of cpu_specs https://www.techpowerup.com/cpu-specs/xeon-w7-3445.c3110,Intel,Xeon Gold,https://www.techpowerup.com/cpu-specs/xeon-gold-5433n.c3159
Intel Xeon Gold 6148,Skylake,Xeon Gold (Skylake-SP),Intel,2017-07-11,2.4 GHz,150.0,20.0,40.0,"5,000 million",14.0,484 mm²,,,484.0,io_die_size () + die_size (484 mm²),Intel,Xeon Gold,https://www.intel.com/content/www/us/en/products/sku/120489/intel-xeon-gold-6148-processor-27-5m-cache-2-40-ghz/specifications.html
Intel Xeon Gold 6154,Skylake-SP,Xeon Gold (Skylake-SP),Intel,2017-07-11,3 GHz,200.0,18.0,36.0,"8,000 million",14.0,,,,,io_die_size () + die_size (),Intel,Xeon Gold,https://www.techpowerup.com/cpu-specs/xeon-gold-6154.c2056
Intel Xeon Gold 6246R,Cascade Lake,Cascade Lake (Cascade Lake-SP),Intel,,3.4 GHz,205.0,16.0,32.0,,14,,,,,,Intel,Xeon Gold,https://www.cpu-world.com/CPUs/Xeon/Intel-Xeon%206246R.html
Intel Xeon Gold 6312U,Ice Lake-SP,Xeon Gold (Ice Lake-SP),Intel,2021-04-06,2.4 GHz,185.0,24.0,48.0,,10.0,,,,,io_die_size () + die_size (),Intel,Xeon Gold,https://www.techpowerup.com/cpu-specs/xeon-gold-6312u.c2443
Intel Xeon Gold 6314U,Ice Lake-SP,Xeon Gold (Ice Lake-SP),Intel,2021-04-06,2.3 GHz,205.0,32.0,64.0,,10.0,,,,,io_die_size () + die_size (),Intel,Xeon Gold,https://www.techpowerup.com/cpu-specs/xeon-gold-6314u.c2436
Intel Xeon Gold 6326,Ice Lake-SP,Xeon Gold (Ice Lake-SP),Intel,2021-04-06,2.9 GHz,185.0,16.0,32.0,,10.0,,,,,io_die_size () + die_size (),Intel,Xeon Gold,https://www.techpowerup.com/cpu-specs/xeon-gold-6326.c2439
Intel Xeon Gold 6328H,Cooper Lake-SP,Xeon Gold (Cooper Lake-SP),Intel,2021-04-06,2.8 GHz,165.0,16.0,32.0,,14.0,,,,,io_die_size () + die_size (),Intel,Xeon Gold,https://www.techpowerup.com/cpu-specs/xeon-gold-6328h.c2457
Intel Xeon Gold 6328HL,Cooper Lake-SP,Xeon Gold (Cooper Lake-SP),Intel,2021-04-06,2.8 GHz,165.0,16.0,32.0,,14.0,,,,,io_die_size () + die_size (),Intel,Xeon Gold,https://www.techpowerup.com/cpu-specs/xeon-gold-6328hl.c2458
Intel Xeon Gold 6330,Ice Lake-SP,Xeon Gold (Ice Lake-SP),Intel,2021-04-06,2000 MHz,205.0,28.0,56.0,,10.0,,,,,io_die_size () + die_size (),Intel,Xeon Gold,https://www.techpowerup.com/cpu-specs/xeon-gold-6330.c2434
Intel Xeon Gold 6330H,Cooper Lake-SP,Xeon Gold (Cooper Lake-SP),Intel,2021-04-06,2000 MHz,150.0,24.0,48.0,,14.0,,,,,io_die_size () + die_size (),Intel,Xeon Gold,https://www.techpowerup.com/cpu-specs/xeon-gold-6330h.c2469
Intel Xeon Gold 6334,Ice Lake-SP,Xeon Gold (Ice Lake-SP),Intel,2021-04-06,3.6 GHz,165.0,8.0,16.0,,10.0,,,,,io_die_size () + die_size (),Intel,Xeon Gold,https://www.techpowerup.com/cpu-specs/xeon-gold-6334.c2438
Intel Xeon Gold 6336Y,Ice Lake-SP,Xeon Gold (Ice Lake-SP),Intel,2021-04-06,2.4 GHz,185.0,24.0,48.0,,10.0,,,,,io_die_size () + die_size (),Intel,Xeon Gold,https://www.techpowerup.com/cpu-specs/xeon-gold-6336y.c2442
Intel Xeon Gold 6338N,Ice Lake-SP,Xeon Gold (Ice Lake-SP),Intel,2021-04-06,2.2 GHz,185.0,32.0,64.0,,10.0,,,,,io_die_size () + die_size (),Intel,Xeon Gold,https://www.techpowerup.com/cpu-specs/xeon-gold-6338n.c2437
Intel Xeon Gold 6338T,Ice Lake-SP,Xeon Gold (Ice Lake-SP),Intel,2021-04-06,2.1 GHz,165.0,24.0,48.0,,10.0,,,,,io_die_size () + die_size (),Intel,Xeon Gold,https://www.techpowerup.com/cpu-specs/xeon-gold-6338t.c2441
Intel Xeon Gold 6342,Ice Lake-SP,Xeon Gold (Ice Lake-SP),Intel,2021-04-06,2.8 GHz,230.0,24.0,48.0,,10.0,,,,,io_die_size () + die_size (),Intel,Xeon Gold,https://www.techpowerup.com/cpu-specs/xeon-gold-6342.c2440
Intel Xeon Gold 6346,Ice Lake-SP,Xeon Gold (Ice Lake-SP),Intel,2021-04-06,3.1 GHz,205.0,16.0,32.0,,10.0,,,,,io_die_size () + die_size (),Intel,Xeon Gold,https://www.techpowerup.com/cpu-specs/xeon-gold-6346.c2433
Intel Xeon Gold 6348,Ice Lake-SP,Xeon Gold (Ice Lake-SP),Intel,2021-04-06,2.6 GHz,235.0,28.0,56.0,,10.0,,,,,io_die_size () + die_size (),Intel,Xeon Gold,https://www.techpowerup.com/cpu-specs/xeon-gold-6348.c2432
Intel Xeon Gold 6348H,Cooper Lake-SP,Xeon Gold (Cooper Lake-SP),Intel,2021-04-06,2.3 GHz,165.0,24.0,48.0,,14.0,,,,,io_die_size () + die_size (),Intel,Xeon Gold,https://www.techpowerup.com/cpu-specs/xeon-gold-6348h.c2468
Intel Xeon Gold 6354,Ice Lake-SP,Xeon Gold (Ice Lake-SP),Intel,2021-04-06,3 GHz,205.0,18.0,36.0,,10.0,,,,,io_die_size () + die_size (),Intel,Xeon Gold,https://www.techpowerup.com/cpu-specs/xeon-gold-6354.c2435
Intel Xeon Gold 6414U,Sapphire Rapids,Xeon Gold (Sapphire Rapids-SP),Intel,2023-01-10,2000 MHz,250.0,32.0,64.0,,10.0,4x 477 mm²,,,1908.0,io_die_size () + die_size (4x 477 mm²),Intel,Xeon Gold,https://www.techpowerup.com/cpu-specs/xeon-gold-6414u.c3140
Intel Xeon Gold 6416H,Sapphire Rapids,Xeon Gold (Sapphire Rapids-SP),Intel,2023-01-10,2.2 GHz,165.0,18.0,36.0,,10.0,,,,1908.0,Linear regression of cpu_specs,Intel,Xeon Gold,https://www.techpowerup.com/cpu-specs/xeon-gold-6416h.c3160
Intel Xeon Gold 6418H,Sapphire Rapids,Xeon Gold (Sapphire Rapids-SP),Intel,2023-01-10,2.1 GHz,185.0,24.0,48.0,,10.0,,,,1908.0,Value of cpu_specs https://www.techpowerup.com/cpu-specs/xeon-w7-3455.c3109,Intel,Xeon Gold,https://www.techpowerup.com/cpu-specs/xeon-gold-6418h.c3156
Intel Xeon Gold 6421N,Sapphire Rapids,Xeon Gold (Sapphire Rapids-SP),Intel,2023-01-10,1800 MHz,185.0,32.0,64.0,,10.0,,,,1908.0,Value of cpu_specs https://www.techpowerup.com/cpu-specs/xeon-gold-6414u.c3140,Intel,Xeon Gold,https://www.techpowerup.com/cpu-specs/xeon-gold-6421n.c3141
Intel Xeon Gold 6426Y,Sapphire Rapids,Xeon Gold (Sapphire Rapids-SP),Intel,2023-01-10,2.5 GHz,185.0,16.0,32.0,,10.0,,,,1908.0,Value of cpu_specs https://www.techpowerup.com/cpu-specs/xeon-platinum-8444h.c3139,Intel,Xeon Gold,https://www.techpowerup.com/cpu-specs/xeon-gold-6426y.c3162
Intel Xeon Gold 6428N,Sapphire Rapids,Xeon Gold (Sapphire Rapids-SP),Intel,2023-01-10,1800 MHz,185.0,32.0,64.0,,10.0,,,,1908.0,Value of cpu_specs https://www.techpowerup.com/cpu-specs/xeon-gold-6414u.c3140,Intel,Xeon Gold,https://www.techpowerup.com/cpu-specs/xeon-gold-6428n.c3142
Intel Xeon Gold 6430,Sapphire Rapids,Xeon Gold (Sapphire Rapids-SP),Intel,2023-01-10,2.1 GHz,270.0,32.0,64.0,,10.0,4x 477 mm²,,,1908.0,io_die_size () + die_size (4x 477 mm²),Intel,Xeon Gold,https://www.techpowerup.com/cpu-specs/xeon-gold-6430.c3143
Intel Xeon Gold 6434,Sapphire Rapids,Xeon Gold (Sapphire Rapids-SP),Intel,2023-01-10,3.7 GHz,195.0,8.0,16.0,,10.0,,,,1908.0,Linear regression of cpu_specs,Intel,Xeon Gold,https://www.techpowerup.com/cpu-specs/xeon-gold-6434.c3165
Intel Xeon Gold 6434H,Sapphire Rapids,Xeon Gold (Sapphire Rapids-SP),Intel,2023-01-10,3.7 GHz,195.0,8.0,16.0,,10.0,,,,1908.0,Linear regression of cpu_specs,Intel,Xeon Gold,https://www.techpowerup.com/cpu-specs/xeon-gold-6434h.c3166
Intel Xeon Gold 6438M,Sapphire Rapids,Xeon Gold (Sapphire Rapids-SP),Intel,2023-01-10,2.2 GHz,205.0,32.0,64.0,,10.0,,,,1908.0,Value of cpu_specs https://www.techpowerup.com/cpu-specs/xeon-gold-6414u.c3140,Intel,Xeon Gold,https://www.techpowerup.com/cpu-specs/xeon-gold-6438m.c3144
Intel Xeon Gold 6438N,Sapphire Rapids,Xeon Gold (Sapphire Rapids-SP),Intel,2023-01-10,2000 MHz,205.0,32.0,64.0,,10.0,,,,1908.0,Value of cpu_specs https://www.techpowerup.com/cpu-specs/xeon-gold-6414u.c3140,Intel,Xeon Gold,https://www.techpowerup.com/cpu-specs/xeon-gold-6438n.c3145
Intel Xeon Gold 6438Y+,Sapphire Rapids,Xeon Gold (Sapphire Rapids-SP),Intel,2023-01-10,2000 MHz,205.0,32.0,64.0,,10.0,,,,1908.0,Value of cpu_specs https://www.techpowerup.com/cpu-specs/xeon-gold-6414u.c3140,Intel,Xeon Gold,https://www.techpowerup.com/cpu-specs/xeon-gold-6438y.c3146
Intel Xeon Gold 6442Y,Sapphire Rapids,Xeon Gold (Sapphire Rapids-SP),Intel,2023-01-10,2.6 GHz,225.0,24.0,48.0,,10.0,,,,1908.0,Value of cpu_specs https://www.techpowerup.com/cpu-specs/xeon-w7-3455.c3109,Intel,Xeon Gold,https://www.techpowerup.com/cpu-specs/xeon-gold-6442y.c3157
Intel Xeon Gold 6444Y,Sapphire Rapids,Xeon Gold (Sapphire Rapids-SP),Intel,2023-01-10,3.6 GHz,270.0,16.0,32.0,,10.0,,,,1908.0,Value of cpu_specs https://www.techpowerup.com/cpu-specs/xeon-platinum-8444h.c3139,Intel,Xeon Gold,https://www.techpowerup.com/cpu-specs/xeon-gold-6444y.c3163
Intel Xeon Gold 6448H,Sapphire Rapids,Xeon Gold (Sapphire Rapids-SP),Intel,2023-01-10,2.4 GHz,250.0,32.0,64.0,,10.0,,,,1908.0,Value of cpu_specs https://www.techpowerup.com/cpu-specs/xeon-gold-6414u.c3140,Intel,Xeon Gold,https://www.techpowerup.com/cpu-specs/xeon-gold-6448h.c3147
Intel Xeon Gold 6448Y,Sapphire Rapids,Xeon Gold (Sapphire Rapids-SP),Intel,2023-01-10,2.1 GHz,225.0,32.0,64.0,,10.0,,,,1908.0,Value of cpu_specs https://www.techpowerup.com/cpu-specs/xeon-gold-6414u.c3140,Intel,Xeon Gold,https://www.techpowerup.com/cpu-specs/xeon-gold-6448y.c3148
Intel Xeon Gold 6454S,Sapphire Rapids,Xeon Gold (Sapphire Rapids-SP),Intel,2023-01-10,2.2 GHz,270.0,32.0,64.0,,10.0,4x 477 mm²,,,1908.0,io_die_size () + die_size (4x 477 mm²),Intel,Xeon Gold,https://www.techpowerup.com/cpu-specs/xeon-gold-6454s.c3149
Intel Xeon Gold 6458Q,Sapphire Rapids,Xeon Gold (Sapphire Rapids-SP),Intel,2023-01-10,3.1 GHz,350.0,32.0,64.0,,10.0,,,,1908.0,Value of cpu_specs https://www.techpowerup.com/cpu-specs/xeon-gold-6414u.c3140,Intel,Xeon Gold,https://www.techpowerup.com/cpu-specs/xeon-gold-6458q.c3150
Intel Xeon Max 9460,Sapphire Rapids HBM,Xeon Max (Sapphire Rapids),Intel,2023-01-10,2.2 GHz,350.0,40.0,80.0,,10.0,4x 477 mm²,,,1908.0,io_die_size () + die_size (4x 477 mm²),Intel,Xeon Max,https://www.techpowerup.com/cpu-specs/xeon-max-9460.c3087
Intel Xeon Max 9462,Sapphire Rapids HBM,Xeon Max (Sapphire Rapids),Intel,2023-01-10,2.7 GHz,350.0,32.0,64.0,,10.0,4x 477 mm²,,,1908.0,io_die_size () + die_size (4x 477 mm²),Intel,Xeon Max,https://www.techpowerup.com/cpu-specs/xeon-max-9462.c3088
Intel Xeon Max 9468,Sapphire Rapids HBM,Xeon Max (Sapphire Rapids),Intel,2023-01-10,2.1 GHz,350.0,48.0,96.0,,10.0,4x 477 mm²,,,1908.0,io_die_size () + die_size (4x 477 mm²),Intel,Xeon Max,https://www.techpowerup.com/cpu-specs/xeon-max-9468.c3086
Intel Xeon Max 9470,Sapphire Rapids HBM,Xeon Max (Sapphire Rapids),Intel,2023-01-10,2000 MHz,350.0,52.0,104.0,,10.0,4x 477 mm²,,,1908.0,io_die_size () + die_size (4x 477 mm²),Intel,Xeon Max,https://www.techpowerup.com/cpu-specs/xeon-max-9470.c3085
Intel Xeon Max 9480,Sapphire Rapids HBM,Xeon Max (Sapphire Rapids),Intel,2023-01-10,1900 MHz,350.0,56.0,112.0,,10.0,4x 477 mm²,,,1908.0,io_die_size () + die_size (4x 477 mm²),Intel,Xeon Max,https://www.techpowerup.com/cpu-specs/xeon-max-9480.c3084
Intel Xeon Phi 7235,Knights Mill,Xeon Phi (Knights Mill),Intel,2017-12-01,1300 MHz,250.0,64.0,256.0,"8,000 million",14.0,,,,,io_die_size () + die_size (),Intel,Xeon Phi,https://www.techpowerup.com/cpu-specs/xeon-phi-7235.c2049
Intel Xeon Phi 7285,Knights Mill,Xeon Phi (Knights Mill),Intel,2017-12-01,1300 MHz,250.0,68.0,272.0,"8,000 million",14.0,,,,,io_die_size () + die_size (),Intel,Xeon Phi,https://www.techpowerup.com/cpu-specs/xeon-phi-7285.c2050
Intel Xeon Phi 7295,Knights Mill,Xeon Phi (Knights Mill),Intel,2017-12-01,1500 MHz,320.0,72.0,288.0,"8,000 million",14.0,,,,,io_die_size () + die_size (),Intel,Xeon Phi,https://www.techpowerup.com/cpu-specs/xeon-phi-7295.c2051
Intel Xeon Platinum 8168,Skylake,Xeon Platinum (Skylake-SP),Intel,,2.7,205.0,24.0,48.0,,14,,,,694.0,Max value of cpu_manufacture https://en.wikichip.org/wiki/intel/microarchitectures/skylake_(server)#Extreme_Core_Count_.28XCC.29,Intel,Xeon Platinum,https://github.com/cloud-carbon-footprint/cloud-carbon-coefficients/tree/main/data
Intel Xeon Platinum 8180,Skylake-SP,Xeon Platinum (Skylake-SP),Intel,2017-07-11,2.5 GHz,205.0,28.0,56.0,"8,000 million",14.0,,,,,io_die_size () + die_size (),Intel,Xeon Platinum,https://www.techpowerup.com/cpu-specs/xeon-platinum-8180.c2055
Intel Xeon Platinum 8180M,Skylake-SP,Xeon Platinum (Skylake-SP),Intel,2017-07-11,2.5 GHz,205.0,28.0,56.0,"8,000 million",14.0,,,,,io_die_size () + die_size (),Intel,Xeon Platinum,https://www.techpowerup.com/cpu-specs/xeon-platinum-8180m.c2164
Intel Xeon Platinum 8253,Cascade Lake-SP,Xeon Platinum (Cascade Lake-SP),Intel,2018-12-11,2.2 GHz,125.0,16.0,32.0,"8,000 million",14.0,,,,,io_die_size () + die_size (),Intel,Xeon Platinum,https://www.techpowerup.com/cpu-specs/xeon-platinum-8253.c2181
Intel Xeon Platinum 8256,Cascade Lake-SP,Xeon Platinum (Cascade Lake-SP),Intel,2018-12-11,3.8 GHz,105.0,4.0,8.0,"8,000 million",14.0,,,,,io_die_size () + die_size (),Intel,Xeon Platinum,https://www.techpowerup.com/cpu-specs/xeon-platinum-8256.c2180
Intel Xeon Platinum 8260,Cascade Lake-SP,Xeon Platinum (Cascade Lake-SP),Intel,2018-12-11,2.4 GHz,165.0,24.0,48.0,"8,000 million",14.0,,,,,io_die_size () + die_size (),Intel,Xeon Platinum,https://www.techpowerup.com/cpu-specs/xeon-platinum-8260.c2179
Intel Xeon Platinum 8260M,Cascade Lake-SP,Xeon Platinum (Cascade Lake-SP),Intel,2018-12-11,2.4 GHz,165.0,24.0,48.0,"8,000 million",14.0,,,,,io_die_size () + die_size (),Intel,Xeon Platinum,https://www.techpowerup.com/cpu-specs/xeon-platinum-8260m.c2178
Intel Xeon Platinum 8268,Cascade Lake-SP,Xeon Platinum (Cascade Lake-SP),Intel,2018-12-11,2.9 GHz,205.0,24.0,48.0,"8,000 million",14.0,,,,,io_die_size () + die_size (),Intel,Xeon Platinum,https://www.techpowerup.com/cpu-specs/xeon-platinum-8268.c2177
Intel Xeon Platinum 8270,Cascade Lake-SP,Xeon Platinum (Cascade Lake-SP),Intel,2018-12-11,2.7 GHz,205.0,26.0,52.0,"8,000 million",14.0,,,,,io_die_size () + die_size (),Intel,Xeon Platinum,https://www.techpowerup.com/cpu-specs/xeon-platinum-8270.c2172
Intel Xeon Platinum 8272CL,Cascade Lake-SP,Xeon Platinum (Cascade Lake-SP),Intel,2019-12-11,2.6 GHz,390.0,52.0,104.0,"8,000 million",14.0,,,,,Max value of cpu_manufacture https://en.wikichip.org/wiki/intel/microarchitectures/skylake_(server)#Extreme_Core_Count_.28XCC.29,Intel,Xeon Platinum,
Intel Xeon Platinum 8276,Cascade Lake-SP,Xeon Platinum (Cascade Lake-SP),Intel,2018-12-11,2.2 GHz,165.0,28.0,56.0,"8,000 million",14.0,,,,,io_die_size () + die_size (),Intel,Xeon Platinum,https://www.techpowerup.com/cpu-specs/xeon-platinum-8276.c2171
Intel Xeon Platinum 8280,Cascade Lake-SP,Xeon Platinum (Cascade Lake-SP),Intel,2018-12-11,2.7 GHz,205.0,28.0,56.0,"8,000 million",14.0,,,,694,io_die_size () + die_size (),Intel,Xeon Platinum,https://www.techpowerup.com/cpu-specs/xeon-platinum-8280.c2170
Intel Xeon Platinum 8280L,Cascade Lake,Xeon Platinum (Cascade Lake-SP),Intel,,2.7 GHz,205.0,28.0,56.0,,14.0,,,,,,Intel,Xeon Platinum,https://github.com/cloud-carbon-footprint/cloud-carbon-coefficients/tree/main/data
Intel Xeon Platinum 8280M,Cascade Lake-SP,Xeon Platinum (Cascade Lake-SP),Intel,2018-12-11,2.7 GHz,205.0,28.0,56.0,"8,000 million",14.0,,,,,io_die_size () + die_size (),Intel,Xeon Platinum,https://www.techpowerup.com/cpu-specs/xeon-platinum-8280m.c2169
Intel Xeon Platinum 8351N,Ice Lake-SP,Xeon Platinum (Ice Lake-SP),Intel,2021-04-06,2.4 GHz,225.0,36.0,72.0,,10.0,,,,,io_die_size () + die_size (),Intel,Xeon Platinum,https://www.techpowerup.com/cpu-specs/xeon-platinum-8351n.c2429
Intel Xeon Platinum 8352M,Ice Lake-SP,Xeon Platinum (Ice Lake-SP),Intel,2021-04-06,2.3 GHz,185.0,32.0,64.0,,10.0,,,,,io_die_size () + die_size (),Intel,Xeon Platinum,https://www.techpowerup.com/cpu-specs/xeon-platinum-8352m.c2431
Intel Xeon Platinum 8352S,Ice Lake-SP,Xeon Platinum (Ice Lake-SP),Intel,2021-04-06,2.2 GHz,205.0,32.0,64.0,,10.0,,,,,io_die_size () + die_size (),Intel,Xeon Platinum,https://www.techpowerup.com/cpu-specs/xeon-platinum-8352s.c2430
Intel Xeon Platinum 8352V,Ice Lake-SP,Xeon Platinum (Ice Lake-SP),Intel,2021-04-06,2.5 GHz,195.0,36.0,72.0,,10.0,,,,,io_die_size () + die_size (),Intel,Xeon Platinum,https://www.techpowerup.com/cpu-specs/xeon-platinum-8352v.c2428
Intel Xeon Platinum 8353H,Cooper Lake-SP,Xeon Platinum (Cooper Lake-SP),Intel,2021-04-06,2.5 GHz,150.0,18.0,36.0,,14.0,,,,,io_die_size () + die_size (),Intel,Xeon Platinum,https://www.techpowerup.com/cpu-specs/xeon-platinum-8353h.c2459
Intel Xeon Platinum 8354H,Cooper Lake-SP,Xeon Platinum (Cooper Lake-SP),Intel,2021-04-06,3.1 GHz,205.0,18.0,36.0,,14.0,,,,,io_die_size () + die_size (),Intel,Xeon Platinum,https://www.techpowerup.com/cpu-specs/xeon-platinum-8354h.c2460
Intel Xeon Platinum 8356H,Cooper Lake-SP,Xeon Platinum (Cooper Lake-SP),Intel,2021-04-06,3.9 GHz,190.0,8.0,16.0,,14.0,,,,,io_die_size () + die_size (),Intel,Xeon Platinum,https://www.techpowerup.com/cpu-specs/xeon-platinum-8356h.c2465
Intel Xeon Platinum 8358,Ice Lake-SP,Xeon Platinum (Ice Lake-SP),Intel,2021-04-06,2.6 GHz,250.0,32.0,64.0,,10.0,,,,,io_die_size () + die_size (),Intel,Xeon Platinum,https://www.techpowerup.com/cpu-specs/xeon-platinum-8358.c2424
Intel Xeon Platinum 8358P,Ice Lake-SP,Xeon Platinum (Ice Lake-SP),Intel,2021-04-06,2.6 GHz,240.0,32.0,64.0,,10.0,,,,,io_die_size () + die_size (),Intel,Xeon Platinum,https://www.techpowerup.com/cpu-specs/xeon-platinum-8358p.c2425
Intel Xeon Platinum 8360H,Cooper Lake-SP,Xeon Platinum (Cooper Lake-SP),Intel,2021-04-06,3 GHz,225.0,24.0,48.0,,14.0,,,,,io_die_size () + die_size (),Intel,Xeon Platinum,https://www.techpowerup.com/cpu-specs/xeon-platinum-8360h.c2466
Intel Xeon Platinum 8360HL,Cooper Lake-SP,Xeon Platinum (Cooper Lake-SP),Intel,2021-04-06,3 GHz,225.0,24.0,48.0,,14.0,,,,,io_die_size () + die_size (),Intel,Xeon Platinum,https://www.techpowerup.com/cpu-specs/xeon-platinum-8360hl.c2467
Intel Xeon Platinum 8360Y,Ice Lake-SP,Xeon Platinum (Ice Lake-SP),Intel,2021-04-06,2.4 GHz,250.0,36.0,72.0,,10.0,,,,,io_die_size () + die_size (),Intel,Xeon Platinum,https://www.techpowerup.com/cpu-specs/xeon-platinum-8360y.c2423
Intel Xeon Platinum 8362,Ice Lake-SP,Xeon Platinum (Ice Lake-SP),Intel,2021-04-06,2.8 GHz,265.0,32.0,64.0,,10.0,,,,,io_die_size () + die_size (),Intel,Xeon Platinum,https://www.techpowerup.com/cpu-specs/xeon-platinum-8362.c2426
Intel Xeon Platinum 8368,Ice Lake-SP,Xeon Platinum (Ice Lake-SP),Intel,2021-04-06,2.4 GHz,270.0,38.0,76.0,,10.0,,,,,io_die_size () + die_size (),Intel,Xeon Platinum,https://www.techpowerup.com/cpu-specs/xeon-platinum-8368.c2422
Intel Xeon Platinum 8368Q,Ice Lake-SP,Xeon Platinum (Ice Lake-SP),Intel,2021-04-06,2.6 GHz,270.0,38.0,76.0,,10.0,,,,,io_die_size () + die_size (),Intel,Xeon Platinum,https://www.techpowerup.com/cpu-specs/xeon-platinum-8368q.c2427
Intel Xeon Platinum 8370C,Ice Lake-SP,Xeon Platinum (Ice Lake-SP),Intel,2021-04-06,2.8GHz,270.0,32.0,64.0,,10.0,,,,,,Intel,Xeon Platinum,"https://github.com/cloud-carbon-footprint/cloud-carbon-coefficients/tree/main/data, https://gadgetversus.com/processor/intel-xeon-platinum-8370c-specs/"
Intel Xeon Platinum 8376H,Cooper Lake-SP,Xeon Platinum (Cooper Lake-SP),Intel,2021-04-06,2.6 GHz,205.0,28.0,56.0,,14.0,,,,,io_die_size () + die_size (),Intel,Xeon Platinum,https://www.techpowerup.com/cpu-specs/xeon-platinum-8376h.c2462
Intel Xeon Platinum 8376HL,Cooper Lake-SP,Xeon Platinum (Cooper Lake-SP),Intel,2021-04-06,2.6 GHz,205.0,28.0,56.0,,14.0,,,,,io_die_size () + die_size (),Intel,Xeon Platinum,https://www.techpowerup.com/cpu-specs/xeon-platinum-8376hl.c2461
Intel Xeon Platinum 8380,Ice Lake-SP,Xeon Platinum (Ice Lake-SP),Intel,2021-04-06,2.3 GHz,270.0,40.0,80.0,,10.0,,,,,io_die_size () + die_size (),Intel,Xeon Platinum,https://www.techpowerup.com/cpu-specs/xeon-platinum-8380.c2421
Intel Xeon Platinum 8380H,Cooper Lake-SP,Xeon Platinum (Cooper Lake-SP),Intel,2021-04-06,2.9 GHz,250.0,28.0,56.0,,14.0,,,,,io_die_size () + die_size (),Intel,Xeon Platinum,https://www.techpowerup.com/cpu-specs/xeon-platinum-8380h.c2463
Intel Xeon Platinum 8380HL,Cooper Lake-SP,Xeon Platinum (Cooper Lake-SP),Intel,2021-04-06,2.9 GHz,250.0,28.0,56.0,,14.0,,,,,io_die_size () + die_size (),Intel,Xeon Platinum,https://www.techpowerup.com/cpu-specs/xeon-platinum-8380hl.c2464
Intel Xeon Platinum 8444H,Sapphire Rapids,Xeon Platinum (Sapphire Rapids-SP),Intel,2023-01-10,2.9 GHz,270.0,16.0,32.0,,10.0,4x 477 mm²,,,1908.0,io_die_size () + die_size (4x 477 mm²),Intel,Xeon Platinum,https://www.techpowerup.com/cpu-specs/xeon-platinum-8444h.c3139
Intel Xeon Platinum 8450H,Sapphire Rapids,Xeon Platinum (Sapphire Rapids-SP),Intel,2023-01-10,2000 MHz,250.0,28.0,56.0,,10.0,4x 477 mm²,,,1908.0,io_die_size () + die_size (4x 477 mm²),Intel,Xeon Platinum,https://www.techpowerup.com/cpu-specs/xeon-platinum-8450h.c3138
Intel Xeon Platinum 8452Y,Sapphire Rapids,Xeon Platinum (Sapphire Rapids-SP),Intel,2023-01-10,2000 MHz,300.0,36.0,72.0,,10.0,4x 477 mm²,,,1908.0,io_die_size () + die_size (4x 477 mm²),Intel,Xeon Platinum,https://www.techpowerup.com/cpu-specs/xeon-platinum-8452y.c3135
Intel Xeon Platinum 8454H,Sapphire Rapids,Xeon Platinum (Sapphire Rapids-SP),Intel,2023-01-10,2.1 GHz,270.0,32.0,64.0,,10.0,4x 477 mm²,,,1908.0,io_die_size () + die_size (4x 477 mm²),Intel,Xeon Platinum,https://www.techpowerup.com/cpu-specs/xeon-platinum-8454h.c3136
Intel Xeon Platinum 8458P,Sapphire Rapids,Xeon Platinum (Sapphire Rapids-SP),Intel,2023-01-10,2.7 GHz,350.0,44.0,88.0,,10.0,4x 477 mm²,,,1908.0,io_die_size () + die_size (4x 477 mm²),Intel,Xeon Platinum,https://www.techpowerup.com/cpu-specs/xeon-platinum-8458p.c3133
Intel Xeon Platinum 8460H,Sapphire Rapids,Xeon Platinum (Sapphire Rapids-SP),Intel,2023-01-10,2.2 GHz,330.0,40.0,80.0,,10.0,4x 477 mm²,,,1908.0,io_die_size () + die_size (4x 477 mm²),Intel,Xeon Platinum,https://www.techpowerup.com/cpu-specs/xeon-platinum-8460h.c3134
Intel Xeon Platinum 8460Y+,Sapphire Rapids,Xeon Platinum (Sapphire Rapids-SP),Intel,2023-01-10,2000 MHz,300.0,40.0,80.0,,10.0,4x 477 mm²,,,1908.0,io_die_size () + die_size (4x 477 mm²),Intel,Xeon Platinum,https://www.techpowerup.com/cpu-specs/xeon-platinum-8460y.c3095
Intel Xeon Platinum 8461V,Sapphire Rapids,Xeon Platinum (Sapphire Rapids-SP),Intel,2023-01-10,2.2 GHz,300.0,48.0,96.0,,10.0,4x 477 mm²,,,1908.0,io_die_size () + die_size (4x 477 mm²),Intel,Xeon Platinum,https://www.techpowerup.com/cpu-specs/xeon-platinum-8461v.c3093
Intel Xeon Platinum 8462Y+,Sapphire Rapids,Xeon Platinum (Sapphire Rapids-SP),Intel,2023-01-10,2.8 GHz,300.0,32.0,64.0,,10.0,4x 477 mm²,,,1908.0,io_die_size () + die_size (4x 477 mm²),Intel,Xeon Platinum,https://www.techpowerup.com/cpu-specs/xeon-platinum-8462y.c3137
Intel Xeon Platinum 8468,Sapphire Rapids,Xeon Platinum (Sapphire Rapids-SP),Intel,2023-01-10,2.1 GHz,350.0,48.0,96.0,,10.0,4x 477 mm²,,,1908.0,io_die_size () + die_size (4x 477 mm²),Intel,Xeon Platinum,https://www.techpowerup.com/cpu-specs/xeon-platinum-8468.c3094
Intel Xeon Platinum 8468H,Sapphire Rapids,Xeon Platinum (Sapphire Rapids-SP),Intel,2023-01-10,2.1 GHz,330.0,48.0,96.0,,10.0,4x 477 mm²,,,1908.0,io_die_size () + die_size (4x 477 mm²),Intel,Xeon Platinum,https://www.techpowerup.com/cpu-specs/xeon-platinum-8468h.c3131
Intel Xeon Platinum 8468V,Sapphire Rapids,Xeon Platinum (Sapphire Rapids-SP),Intel,2023-01-10,2.4 GHz,330.0,48.0,96.0,,10.0,4x 477 mm²,,,1908.0,io_die_size () + die_size (4x 477 mm²),Intel,Xeon Platinum,https://www.techpowerup.com/cpu-specs/xeon-platinum-8468v.c3132
Intel Xeon Platinum 8470,Sapphire Rapids,Xeon Platinum (Sapphire Rapids-SP),Intel,2023-01-10,2000 MHz,350.0,52.0,104.0,,10.0,4x 477 mm²,,,1908.0,io_die_size () + die_size (4x 477 mm²),Intel,Xeon Platinum,https://www.techpowerup.com/cpu-specs/xeon-platinum-8470.c3089
Intel Xeon Platinum 8470N,Sapphire Rapids,Xeon Platinum (Sapphire Rapids-SP),Intel,2023-01-10,1700 MHz,300.0,52.0,104.0,,10.0,4x 477 mm²,,,1908.0,io_die_size () + die_size (4x 477 mm²),Intel,Xeon Platinum,https://www.techpowerup.com/cpu-specs/xeon-platinum-8470n.c3090
Intel Xeon Platinum 8470Q,Sapphire Rapids,Xeon Platinum (Sapphire Rapids-SP),Intel,2023-01-10,2.1 GHz,350.0,52.0,104.0,,10.0,4x 477 mm²,,,1908.0,io_die_size () + die_size (4x 477 mm²),Intel,Xeon Platinum,https://www.techpowerup.com/cpu-specs/xeon-platinum-8470q.c3091
Intel Xeon Platinum 8471N,Sapphire Rapids,Xeon Platinum (Sapphire Rapids-SP),Intel,2023-01-10,1800 MHz,300.0,52.0,104.0,,10.0,4x 477 mm²,,,1908.0,io_die_size () + die_size (4x 477 mm²),Intel,Xeon Platinum,https://www.techpowerup.com/cpu-specs/xeon-platinum-8471n.c3092
Intel Xeon Platinum 8473C,Sapphire Rapids,Xeon Platinum (Sapphire Rapids-SP),Intel,2023-01-10,2.1 GHz,350,52,104,,10,4x 477 mm²,,,1908,io_die_size () + die_size (4x 477 mm²),Intel,Xeon Platinum,
Intel Xeon Platinum 8480+,Sapphire Rapids,Xeon Platinum (Sapphire Rapids-SP),Intel,2023-01-10,2000 MHz,350.0,56.0,112.0,,10.0,4x 477 mm²,,,1908.0,io_die_size () + die_size (4x 477 mm²),Intel,Xeon Platinum,https://www.techpowerup.com/cpu-specs/xeon-platinum-8480.c2958
Intel Xeon Platinum 8490H,Sapphire Rapids,Xeon Platinum (Sapphire Rapids-SP),Intel,2023-01-10,1900 MHz,350.0,60.0,120.0,,10.0,4x 477 mm²,,,1908.0,io_die_size () + die_size (4x 477 mm²),Intel,Xeon Platinum,https://www.techpowerup.com/cpu-specs/xeon-platinum-8490h.c2942
Intel Xeon Platinum 9221,Cascade Lake-AP,Xeon Platinum (Cascade Lake-AP),Intel,2019-04-02,2.1 GHz,250.0,32.0,64.0,"8,000 million",14.0,,,,,io_die_size () + die_size (),Intel,Xeon Platinum,https://www.techpowerup.com/cpu-specs/xeon-platinum-9221.c2168
Intel Xeon Platinum 9222,Cascade Lake-AP,Xeon Platinum (Cascade Lake-AP),Intel,2019-04-02,2.3 GHz,250.0,32.0,64.0,"8,000 million",14.0,,,,,io_die_size () + die_size (),Intel,Xeon Platinum,https://www.techpowerup.com/cpu-specs/xeon-platinum-9222.c2167
Intel Xeon Platinum 9242,Cascade Lake-AP,Xeon Platinum (Cascade Lake-AP),Intel,2019-04-02,2.3 GHz,350.0,48.0,96.0,"8,000 million",14.0,,,,,io_die_size () + die_size (),Intel,Xeon Platinum,https://www.techpowerup.com/cpu-specs/xeon-platinum-9242.c2166
Intel Xeon Platinum 9282,Cascade Lake-AP,Xeon Platinum (Cascade Lake-AP),Intel,2019-04-02,2.6 GHz,400.0,56.0,112.0,"8,000 million",14.0,,,,,io_die_size () + die_size (),Intel,Xeon Platinum,https://www.techpowerup.com/cpu-specs/xeon-platinum-9282.c2165
Intel Xeon Silver 4116,Skylake-SP,Xeon Silver (Skylake-SP),Intel,2017-07-11,2.1 GHz,85.0,12.0,24.0,"8,000 million",14.0,,,,,io_die_size () + die_size (),Intel,Xeon Silver,https://www.techpowerup.com/cpu-specs/xeon-silver-4116.c2057
Intel Xeon Silver 4309Y,Ice Lake-SP,Xeon Silver (Ice Lake-SP),Intel,2021-04-06,2.8 GHz,105.0,8.0,16.0,,10.0,,,,,io_die_size () + die_size (),Intel,Xeon Silver,https://www.techpowerup.com/cpu-specs/xeon-silver-4309y.c2453
Intel Xeon Silver 4310,Ice Lake-SP,Xeon Silver (Ice Lake-SP),Intel,2021-04-06,2.1 GHz,120.0,12.0,24.0,,10.0,,,,,io_die_size () + die_size (),Intel,Xeon Silver,https://www.techpowerup.com/cpu-specs/xeon-silver-4310.c2454
Intel Xeon Silver 4310T,Ice Lake-SP,Xeon Silver (Ice Lake-SP),Intel,2021-04-06,2.3 GHz,105.0,10.0,20.0,,10.0,,,,,io_die_size () + die_size (),Intel,Xeon Silver,https://www.techpowerup.com/cpu-specs/xeon-silver-4310t.c2455
Intel Xeon Silver 4314,Ice Lake-SP,Xeon Silver (Ice Lake-SP),Intel,2021-04-06,2.4 GHz,135.0,16.0,32.0,,10.0,,,,,io_die_size () + die_size (),Intel,Xeon Silver,https://www.techpowerup.com/cpu-specs/xeon-silver-4314.c2451
Intel Xeon Silver 4316,Ice Lake-SP,Xeon Silver (Ice Lake-SP),Intel,2021-04-06,2.3 GHz,150.0,20.0,40.0,,10.0,,,,,io_die_size () + die_size (),Intel,Xeon Silver,https://www.techpowerup.com/cpu-specs/xeon-silver-4316.c2452
Intel Xeon Silver 4410T,Sapphire Rapids,Xeon Silver (Sapphire Rapids-SP),Intel,2023-01-10,2.7 GHz,150.0,10.0,20.0,,10.0,,,,1908.0,Linear regression of cpu_specs,Intel,Xeon Silver,https://www.techpowerup.com/cpu-specs/xeon-silver-4410t.c3169
Intel Xeon Silver 4410Y,Sapphire Rapids,Xeon Silver (Sapphire Rapids-SP),Intel,2023-01-10,2000 MHz,150.0,12.0,24.0,,10.0,,,,1908.0,Value of cpu_specs https://www.techpowerup.com/cpu-specs/xeon-w5-3425.c3112,Intel,Xeon Silver,https://www.techpowerup.com/cpu-specs/xeon-silver-4410y.c3168
Intel Xeon Silver 4416+,Sapphire Rapids,Xeon Silver (Sapphire Rapids-SP),Intel,2023-01-10,2000 MHz,165.0,20.0,40.0,,10.0,,,,1908.0,Value of cpu_specs https://www.techpowerup.com/cpu-specs/xeon-w7-3445.c3110,Intel,Xeon Silver,https://www.techpowerup.com/cpu-specs/xeon-silver-4416.c3167
Intel Xeon W-11855M,Tiger Lake-H,Xeon (Tiger Lake-H),Intel,2021-05-11,3.2 GHz,35.0,6.0,12.0,,10.0,190 mm²,,,190.0,io_die_size () + die_size (190 mm²),Intel,Xeon W,https://www.techpowerup.com/cpu-specs/xeon-w-11855m.c2483
Intel Xeon W-11955M,Tiger Lake-H,Xeon (Tiger Lake-H),Intel,2021-05-11,2.1 GHz,35.0,8.0,16.0,,10.0,190 mm²,,,190.0,io_die_size () + die_size (190 mm²),Intel,Xeon W,https://www.techpowerup.com/cpu-specs/xeon-w-11955m.c2482
Intel Xeon W-1290,Comet Lake,Xeon (Comet Lake),Intel,2020-05-13,3.2 GHz,80.0,10.0,20.0,,14.0,206 mm²,,,206.0,io_die_size () + die_size (206 mm²),Intel,Xeon W,https://www.techpowerup.com/cpu-specs/xeon-w-1290.c2837
Intel Xeon W-1290P,Comet Lake,Xeon (Comet Lake),Intel,2020-05-13,3.7 GHz,125.0,10.0,20.0,,10.0,206 mm²,,,206.0,io_die_size () + die_size (206 mm²),Intel,Xeon W,https://www.techpowerup.com/cpu-specs/xeon-w-1290p.c2839
Intel Xeon W-2102,Skylake-W,Xeon W (Skylake-W),Intel,2017-08-29,2.9 GHz,120.0,4.0,4.0,,14.0,484 mm²,,,484.0,io_die_size () + die_size (484 mm²),Intel,Xeon W,https://www.techpowerup.com/cpu-specs/xeon-w-2102.c2955
Intel Xeon W-2104,Skylake-W,Xeon W (Skylake-W),Intel,2017-08-29,3.2 GHz,120.0,4.0,4.0,,14.0,484 mm²,,,484.0,io_die_size () + die_size (484 mm²),Intel,Xeon W,https://www.techpowerup.com/cpu-specs/xeon-w-2104.c2954
Intel Xeon W-2123,Skylake-W,Xeon W (Skylake-W),Intel,2017-08-29,3.6 GHz,120.0,4.0,8.0,,14.0,484 mm²,,,484.0,io_die_size () + die_size (484 mm²),Intel,Xeon W,https://www.techpowerup.com/cpu-specs/xeon-w-2123.c2950
Intel Xeon W-2125,Skylake-W,Xeon W (Skylake-W),Intel,2017-08-29,4 GHz,120.0,4.0,8.0,,14.0,484 mm²,,,484.0,io_die_size () + die_size (484 mm²),Intel,Xeon W,https://www.techpowerup.com/cpu-specs/xeon-w-2125.c2949
Intel Xeon W-2133,Skylake-W,Xeon W (Skylake-W),Intel,2017-08-29,3.6 GHz,140.0,6.0,12.0,,14.0,484 mm²,,,484.0,io_die_size () + die_size (484 mm²),Intel,Xeon W,https://www.techpowerup.com/cpu-specs/xeon-w-2133.c2948
Intel Xeon W-2135,Skylake-W,Xeon W (Skylake-W),Intel,2017-08-29,3.7 GHz,140.0,6.0,12.0,,14.0,484 mm²,,,484.0,io_die_size () + die_size (484 mm²),Intel,Xeon W,https://www.techpowerup.com/cpu-specs/xeon-w-2135.c2947
Intel Xeon W-2140B,Skylake-W,Xeon W (Skylake-W),Intel,2017-12-21,3.2 GHz,120.0,8.0,16.0,,14.0,484 mm²,,,484.0,io_die_size () + die_size (484 mm²),Intel,Xeon W,https://www.techpowerup.com/cpu-specs/xeon-w-2140b.c2953
Intel Xeon W-2145,Skylake-W,Xeon W (Skylake-W),Intel,2017-08-29,3.7 GHz,140.0,8.0,16.0,,14.0,484 mm²,,,484.0,io_die_size () + die_size (484 mm²),Intel,Xeon W,https://www.techpowerup.com/cpu-specs/xeon-w-2145.c2946
Intel Xeon W-2150B,Skylake-W,Xeon W (Skylake-W),Intel,2017-12-21,3 GHz,120.0,10.0,20.0,,14.0,484 mm²,,,484.0,io_die_size () + die_size (484 mm²),Intel,Xeon W,https://www.techpowerup.com/cpu-specs/xeon-w-2150b.c2951
Intel Xeon W-2155,Skylake-W,Xeon W (Skylake-W),Intel,2017-08-29,3.3 GHz,140.0,10.0,20.0,,14.0,484 mm²,,,484.0,io_die_size () + die_size (484 mm²),Intel,Xeon W,https://www.techpowerup.com/cpu-specs/xeon-w-2155.c2945
Intel Xeon W-2170B,Skylake-W,Xeon W (Skylake-W),Intel,2017-12-21,2.5 GHz,140.0,14.0,28.0,,14.0,484 mm²,,,484.0,io_die_size () + die_size (484 mm²),Intel,Xeon W,https://www.techpowerup.com/cpu-specs/xeon-w-2170b.c2952
Intel Xeon W-2175,Skylake-W,Xeon W (Skylake-W),Intel,2017-10-15,2.5 GHz,140.0,14.0,28.0,,14.0,484 mm²,,,484.0,io_die_size () + die_size (484 mm²),Intel,Xeon W,https://www.techpowerup.com/cpu-specs/xeon-w-2175.c2944
Intel Xeon W-2191B,Skylake-W,Xeon W (Skylake-W),Intel,2017-12-21,2.3 GHz,140.0,18.0,36.0,,14.0,484 mm²,,,484.0,io_die_size () + die_size (484 mm²),Intel,Xeon W,https://www.techpowerup.com/cpu-specs/xeon-w-2191b.c2943
Intel Xeon W-2195,Skylake-W,Xeon W (Skylake-W),Intel,2017-08-29,2.3 GHz,140.0,18.0,36.0,,14.0,484 mm²,,,484.0,io_die_size () + die_size (484 mm²),Intel,Xeon W,https://www.techpowerup.com/cpu-specs/xeon-w-2195.c2059
Intel Xeon W-3175X,Skylake-W,Xeon W (Skylake-W),Intel,2018-12-19,3.1 GHz,255.0,28.0,56.0,"8,000 million",14.0,688 mm²,,,688.0,io_die_size () + die_size (688 mm²),Intel,Xeon W,https://www.techpowerup.com/cpu-specs/xeon-w-3175x.c2116
Intel Xeon W-3323,Ice Lake-W,Xeon W (Ice Lake-W),Intel,2021-07-29,3.5 GHz,220.0,12.0,24.0,,10.0,,,,,io_die_size () + die_size (),Intel,Xeon W,https://www.techpowerup.com/cpu-specs/xeon-w-3323.c2491
Intel Xeon W-3335,Ice Lake-W,Xeon W (Ice Lake-W),Intel,2021-07-29,3.4 GHz,250.0,16.0,32.0,,10.0,,,,,io_die_size () + die_size (),Intel,Xeon W,https://www.techpowerup.com/cpu-specs/xeon-w-3335.c2490
Intel Xeon W-3345,Ice Lake-W,Xeon W (Ice Lake-W),Intel,2021-07-29,3 GHz,250.0,24.0,48.0,,10.0,,,,,io_die_size () + die_size (),Intel,Xeon W,https://www.techpowerup.com/cpu-specs/xeon-w-3345.c2489
Intel Xeon W-3365,Ice Lake-W,Xeon W (Ice Lake-W),Intel,2021-07-29,2.7 GHz,270.0,32.0,64.0,,10.0,,,,,io_die_size () + die_size (),Intel,Xeon W,https://www.techpowerup.com/cpu-specs/xeon-w-3365.c2488
Intel Xeon W-3375,Ice Lake-W,Xeon W (Ice Lake-W),Intel,2021-07-29,2.5 GHz,270.0,38.0,76.0,,10.0,,,,,io_die_size () + die_size (),Intel,Xeon W,https://www.techpowerup.com/cpu-specs/xeon-w-3375.c2487
Intel Xeon w3-2423,Sapphire Rapids,Xeon W (Sapphire Rapids),Intel,2023-02-15,2.1 GHz,120.0,6.0,12.0,,10.0,,,,1908.0,Linear regression of cpu_specs,Intel,Xeon w3,https://www.techpowerup.com/cpu-specs/xeon-w3-2423.c3120
Intel Xeon w3-2425,Sapphire Rapids,Xeon W (Sapphire Rapids),Intel,2023-02-15,3 GHz,130.0,6.0,12.0,,10.0,,,,1908.0,Linear regression of cpu_specs,Intel,Xeon w3,https://www.techpowerup.com/cpu-specs/xeon-w3-2425.c3119
Intel Xeon w3-2435,Sapphire Rapids,Xeon W (Sapphire Rapids),Intel,2023-02-15,3.1 GHz,165.0,8.0,16.0,,10.0,,,,1908.0,Linear regression of cpu_specs,Intel,Xeon w3,https://www.techpowerup.com/cpu-specs/xeon-w3-2435.c3118
Intel Xeon w5-2445,Sapphire Rapids,Xeon W (Sapphire Rapids),Intel,2023-02-15,3.1 GHz,175.0,10.0,20.0,,10.0,,,,1908.0,Linear regression of cpu_specs,Intel,Xeon w5,https://www.techpowerup.com/cpu-specs/xeon-w5-2445.c3117
Intel Xeon w5-2455X,Sapphire Rapids,Xeon W (Sapphire Rapids),Intel,2023-02-15,3.2 GHz,200.0,12.0,24.0,,10.0,,,,1908.0,Value of cpu_specs https://www.techpowerup.com/cpu-specs/xeon-w5-3425.c3112,Intel,Xeon w5,https://www.techpowerup.com/cpu-specs/xeon-w5-2455x.c3116
Intel Xeon w5-2465X,Sapphire Rapids,Xeon W (Sapphire Rapids),Intel,2023-02-15,3.1 GHz,200.0,16.0,32.0,,10.0,,,,1908.0,Value of cpu_specs https://www.techpowerup.com/cpu-specs/xeon-platinum-8444h.c3139,Intel,Xeon w5,https://www.techpowerup.com/cpu-specs/xeon-w5-2465x.c3115
Intel Xeon w5-3425,Sapphire Rapids,Xeon W (Sapphire Rapids),Intel,2023-02-15,3.2 GHz,270.0,12.0,24.0,,10.0,4x 477 mm²,,,1908.0,io_die_size () + die_size (4x 477 mm²),Intel,Xeon w5,https://www.techpowerup.com/cpu-specs/xeon-w5-3425.c3112
Intel Xeon w5-3435X,Sapphire Rapids,Xeon W (Sapphire Rapids),Intel,2023-02-15,3.1 GHz,270.0,16.0,32.0,,10.0,4x 477 mm²,,,1908.0,io_die_size () + die_size (4x 477 mm²),Intel,Xeon w5,https://www.techpowerup.com/cpu-specs/xeon-w5-3435x.c3111
Intel Xeon w7-2475X,Sapphire Rapids,Xeon W (Sapphire Rapids),Intel,2023-02-15,2.6 GHz,225.0,20.0,40.0,,10.0,,,,1908.0,Value of cpu_specs https://www.techpowerup.com/cpu-specs/xeon-w7-3445.c3110,Intel,Xeon w7,https://www.techpowerup.com/cpu-specs/xeon-w7-2475x.c3114
Intel Xeon w7-2495X,Sapphire Rapids,Xeon W (Sapphire Rapids),Intel,2023-02-15,2.5 GHz,225.0,24.0,48.0,,10.0,,,,1908.0,Value of cpu_specs https://www.techpowerup.com/cpu-specs/xeon-w7-3455.c3109,Intel,Xeon w7,https://www.techpowerup.com/cpu-specs/xeon-w7-2495x.c3113
Intel Xeon w7-3445,Sapphire Rapids,Xeon W (Sapphire Rapids),Intel,2023-02-15,2.5 GHz,270.0,20.0,40.0,,10.0,4x 477 mm²,,,1908.0,io_die_size () + die_size (4x 477 mm²),Intel,Xeon w7,https://www.techpowerup.com/cpu-specs/xeon-w7-3445.c3110
Intel Xeon w7-3455,Sapphire Rapids,Xeon W (Sapphire Rapids),Intel,2023-02-15,2.5 GHz,270.0,24.0,48.0,,10.0,4x 477 mm²,,,1908.0,io_die_size () + die_size (4x 477 mm²),Intel,Xeon w7,https://www.techpowerup.com/cpu-specs/xeon-w7-3455.c3109
Intel Xeon w7-3465X,Sapphire Rapids,Xeon W (Sapphire Rapids),Intel,2023-02-15,2.5 GHz,300.0,28.0,56.0,,10.0,4x 477 mm²,,,1908.0,io_die_size () + die_size (4x 477 mm²),Intel,Xeon w7,https://www.techpowerup.com/cpu-specs/xeon-w7-3465x.c3108
Intel Xeon w9-3475X,Sapphire Rapids,Xeon W (Sapphire Rapids),Intel,2023-02-15,2.2 GHz,300.0,36.0,72.0,,10.0,4x 477 mm²,,,1908.0,io_die_size () + die_size (4x 477 mm²),Intel,Xeon w9,https://www.techpowerup.com/cpu-specs/xeon-w9-3475x.c3107
Intel Xeon w9-3495X,Sapphire Rapids,Xeon W (Sapphire Rapids),Intel,2023-02-15,1900 MHz,350.0,56.0,112.0,,10.0,4x 477 mm²,,,1908.0,io_die_size () + die_size (4x 477 mm²),Intel,Xeon w9,https://www.techpowerup.com/cpu-specs/xeon-w9-3495x.c3106
AMD EPYC 7571,Naples,,,,2.2 GHz,200.0,32.0,64.0,,,4x213,,,852,,AMD,EPYC,https://docs.google.com/spreadsheets/d/1DqYgQnEDLQVQm5acMAhLgHLD8xXCG9BIrk-_Nv6jF3k/edit#gid=224728652
AMD EPYC 7R13,Milan,,,,2.65 GHz,225.0,48.0,96.0,,7.0,,,,1064.0,Value of cpu_specs https://www.techpowerup.com/cpu-specs/epyc-7643.c2377,AMD,epyc,https://gadgetversus.com/processor/amd-epyc-7r13-specs/
AMD EPYC 7R32,Rome,,,,2.8 GHz,280.0,48.0,96.0,,7.0,,,,1304.0,Value of cpu_specs https://www.techpowerup.com/cpu-specs/epyc-7552.c2248,AMD,EPYC,https://docs.google.com/spreadsheets/d/1DqYgQnEDLQVQm5acMAhLgHLD8xXCG9BIrk-_Nv6jF3k/edit#gid=224728652
AMD EPYC 9R14,Genoa,EPYC (Zen 4 (Genoa)),TSMC,,3.7 GHz,280.0,96.0,96.0,,,12x 72 mm²,397 mm²,,1261,,,,
Annapurna Labs Graviton,Graviton,,,2018-11-01,2.3 GHz,40.0,16.0,16.0,,,456.96,,,456.96,,Annapurna Labs,Graviton,https://docs.google.com/spreadsheets/d/1DqYgQnEDLQVQm5acMAhLgHLD8xXCG9BIrk-_Nv6jF3k/edit#gid=224728652
Annapurna Labs Graviton2,Graviton2,,,2019-11-01,2.5 GHz,150.0,64.0,64.0,,,,,,457.0,Value of cpu_manufacture https://en.wikichip.org/wiki/annapurna_labs/alpine/alc12b00,Annapurna Labs,Graviton2,https://docs.google.com/spreadsheets/d/1DqYgQnEDLQVQm5acMAhLgHLD8xXCG9BIrk-_Nv6jF3k/edit#gid=224728652
Annapurna Labs Graviton3,Graviton3,,,2021-11-01,2.6 GHz,220.0,64.0,64.0,,,,,,347.3,Sum of compute and memory controller and PCI controller die https://www.semianalysis.com/p/amazon-graviton-3-uses-chiplets-and,Annapurna Labs,Graviton3,
Annapurna Labs Graviton3E,Graviton3E,,,,2.6 GHz,250.0,64.0,64.0,,,,,,347.3,Sum of compute and memory controller and PCI controller die https://www.semianalysis.com/p/amazon-graviton-3-uses-chiplets-and,Annapurna Labs,Graviton3,
Annapurna Labs Graviton4,Graviton4,,,2023-11-01,2.8 GHz,300,96,96,95000,,,,,347.3,Assume same as previous generation,Annapurna Labs,Graviton3,https://www.nextplatform.com/2023/11/28/aws-adopts-arm-v2-cores-for-expansive-graviton4-server-cpu/;Exluding the 48xl instances which have slightly different characteristics (lower freq and 96 cores x 2-socket) those could be added later on. we are estimating 300. This is an assumption based on the incremental TDP increases in the earlier Grav models and the fact that other processors with the same clock speed and number of cores generally run at 360. We lowered this to 300 to avoid overestimating.  We also assume the die size of 347.3 mm² - the same as the Grav3 - because AWS didn't announce anything about reduction in die size in their Grav4 press releases
Intel Core i7-8700B,Coffee Lake,Core i7 (Coffee Lake),Intel,2018-04-03,3.2 GHz,65.0,6.0,12.0,,14.0,154 mm²,,,154.0,io_die_size () + die_size (154 mm²),Intel,Core i7,https://www.techpowerup.com/cpu-specs/core-i7-8700b.c2895
Intel Xeon E5-2651 V2,Ivy Bridge,,,,,95.0,12.0,24.0,,,,,,432.2,Linear regression of cpu_manufacture,Intel,Xeon E5,https://docs.google.com/spreadsheets/d/1DqYgQnEDLQVQm5acMAhLgHLD8xXCG9BIrk-_Nv6jF3k/edit#gid=224728652
Intel Xeon E5-2665,Sandy Bridge,,,,,115.0,8.0,16.0,,,,,,350.0,Linear regression of cpu_manufacture,Intel,Xeon E5,https://docs.google.com/spreadsheets/d/1DqYgQnEDLQVQm5acMAhLgHLD8xXCG9BIrk-_Nv6jF3k/edit#gid=224728652
Intel Xeon E5-2666 V3,Haswell,,,,,135.0,10.0,20.0,,,,,,408.5,Linear regression of cpu_manufacture,Intel,Xeon E5,https://docs.google.com/spreadsheets/d/1DqYgQnEDLQVQm5acMAhLgHLD8xXCG9BIrk-_Nv6jF3k/edit#gid=224728652
Intel Xeon E5-2670,Sandy Bridge,,,,,115.0,8.0,16.0,,,,,,350.0,Linear regression of cpu_manufacture,Intel,Xeon E5,https://docs.google.com/spreadsheets/d/1DqYgQnEDLQVQm5acMAhLgHLD8xXCG9BIrk-_Nv6jF3k/edit#gid=224728652
Intel Xeon E5-2670 V2,Ivy Bridge,,,,,115.0,10.0,20.0,,,,,,541.0,Max value of cpu_manufacture https://en.wikichip.org/wiki/intel/microarchitectures/ivy_bridge_(client)#Pentadeca-Core_Ivy_Bridge_die,Intel,Xeon E5,https://github.com/cloud-carbon-footprint/cloud-carbon-coefficients/tree/main/data
Intel Xeon E5-2673 V3,Haswell,,,,2.4 GHz,105,12,24,2600 million,22,356 mm²,,,,,Intel,Xeon E5,https://www.techpowerup.com/cpu-specs/xeon-e5-2673-v3.c2884
Intel Xeon E5-2673 V4,Broadwell,,,,2.3 GHz,135,20,40,7200 million,14,456.12 mm²,,,,,Intel,Xeon E5,https://en.wikichip.org/wiki/intel/xeon_e5/e5-2673_v4
Intel Xeon E5-2676 V3,Haswell,,,,,120.0,12.0,24.0,,,,,,462.4,Linear regression of cpu_manufacture,Intel,Xeon E5,https://docs.google.com/spreadsheets/d/1DqYgQnEDLQVQm5acMAhLgHLD8xXCG9BIrk-_Nv6jF3k/edit#gid=224728652
Intel Xeon E5-2680 V2,Ivy Bridge,,,,,115.0,10.0,20.0,,,,,,341.0,Value of cpu_manufacture https://en.wikichip.org/wiki/intel/microarchitectures/ivy_bridge_(client)#Deca-core_Ivy_Bridge_Die,Intel,Xeon E5,https://docs.google.com/spreadsheets/d/1DqYgQnEDLQVQm5acMAhLgHLD8xXCG9BIrk-_Nv6jF3k/edit#gid=224728652
Intel Xeon E7-8880 V3,Haswell,,,,,150.0,18.0,36.0,,,,,,570.1,Linear regression of cpu_manufacture,Intel,Xeon E7,https://docs.google.com/spreadsheets/d/1DqYgQnEDLQVQm5acMAhLgHLD8xXCG9BIrk-_Nv6jF3k/edit#gid=224728652
Intel Xeon Platinum 8124M,Skylake,,,,,240.0,18.0,36.0,,,,,,485.0,Value of cpu_manufacture https://en.wikichip.org/wiki/intel/microarchitectures/skylake_(server)#High_Core_Count_.28HCC.29,Intel,Xeon Platinum,https://docs.google.com/spreadsheets/d/1DqYgQnEDLQVQm5acMAhLgHLD8xXCG9BIrk-_Nv6jF3k/edit#gid=224728652
Intel Xeon Platinum 8151,Skylake,,,,,240.0,12.0,24.0,,,,,,336.4,Linear regression of cpu_manufacture,Intel,Xeon Platinum,https://docs.google.com/spreadsheets/d/1DqYgQnEDLQVQm5acMAhLgHLD8xXCG9BIrk-_Nv6jF3k/edit#gid=224728652
Intel Xeon Platinum 8175M,Skylake,,,,,240.0,24.0,48.0,,,,,,615.4,Linear regression of cpu_manufacture,Intel,Xeon Platinum,https://docs.google.com/spreadsheets/d/1DqYgQnEDLQVQm5acMAhLgHLD8xXCG9BIrk-_Nv6jF3k/edit#gid=224728652
Intel Xeon Platinum 8176M,Skylake,,,,,165.0,28.0,56.0,,,,,,694.0,Value of cpu_manufacture https://en.wikichip.org/wiki/intel/microarchitectures/skylake_(server)#Extreme_Core_Count_.28XCC.29,Intel,Xeon Platinum,https://docs.google.com/spreadsheets/d/1DqYgQnEDLQVQm5acMAhLgHLD8xXCG9BIrk-_Nv6jF3k/edit#gid=224728652
Intel Xeon Platinum 8252C,Cascade Lake,,,,,240.0,12.0,24.0,,,,,,,,Intel,Xeon Platinum,https://docs.google.com/spreadsheets/d/1DqYgQnEDLQVQm5acMAhLgHLD8xXCG9BIrk-_Nv6jF3k/edit#gid=224728652
Intel Xeon Platinum 8259CL,Cascade Lake,,,,,210.0,24.0,48.0,,,,,,,,Intel,Xeon Platinum,https://docs.google.com/spreadsheets/d/1DqYgQnEDLQVQm5acMAhLgHLD8xXCG9BIrk-_Nv6jF3k/edit#gid=224728652
Intel Xeon Platinum 8275CL,Cascade Lake,,,,,240.0,24.0,48.0,,,,,,,,Intel,Xeon Platinum,https://docs.google.com/spreadsheets/d/1DqYgQnEDLQVQm5acMAhLgHLD8xXCG9BIrk-_Nv6jF3k/edit#gid=224728652
Intel Xeon Platinum 8375C,Ice Lake,,,,,300.0,32.0,64.0,,,,,,529.5,Linear regression of cpu_manufacture,Intel,Xeon Platinum,https://docs.google.com/spreadsheets/d/1DqYgQnEDLQVQm5acMAhLgHLD8xXCG9BIrk-_Nv6jF3k/edit#gid=224728652
Intel Xeon Platinum 8488C,Sapphire Rapids,Xeon Platinum (Sapphire Rapids-SP),Intel,,2.4 GHz,385.0,48.0,96.0,,,,,,,,Intel,Xeon Platinum,
Intel Xeon 6455B,Sapphire Rapids,Xeon Scalable (Sapphire Rapids),Intel,2023-10-16,3.9 GHz,350.0,32.0,64.0,,7.0,,,,,,Intel,Xeon, https://docs.google.com/spreadsheets/d/1DqYgQnEDLQVQm5acMAhLgHLD8xXCG9BIrk-_Nv6jF3k/edit?gid=1498560972#gid=1498560972
Intel Xeon E5-2686 v4,Broadwell,,,,2.3 GHz,145.0,18.0,36.0,,14,,,,456,,,,https://www.x86-guide.net/fr/cpu/Intel-Xeon-E5-2686-v4-cpu-no5808.html
Ampere Altra Q64-30,Quicksilver,,,,3.0 GHz,180.0,64.0,64.0,,,,,,,,Ampere,,https://www.cpu-world.com/CPUs/Ampere_Altra/Ampere%20Computing-Ampere%20Altra%20Q64-30.html
Intel Xeon Platinum 8373C,Ice Lake,Xeon Scalable (Ice Lake),Intel,,2.6 GHz,300.0,36.0,72.0,,,,,,,,Intel,Xeon Platinum,https://www.cpu-world.com/CPUs/Xeon/Intel-Xeon%208373C.html
Intel Xeon Scalable Platinum 8173M,Skylake,Xeon Scalable (Skylake),Intel,,2.0 GHz,165.0,28.0,56.0,,,,,,,,Intel,Xeon Platinum,https://www.cpubenchmark.net/cpu.php?cpu=Intel+Xeon+Platinum+8173M+%40+2.00GHz&id=3182
Intel Xeon E5-2696 V4,Broadwell,,Intel,,2.2 GHz,150.0,22.0,44.0,,,,,,,,Intel,,https://www.cpubenchmark.net/cpu.php?cpu=Intel+Xeon+E5-2696+v4+%40+2.20GHz&id=2750
AMD EPYC 7B12,,,,,2.25 GHz,240.0,64.0,128.0,,,,,,,,AMD,EPYC,https://www.cpubenchmark.net/cpu.php?cpu=AMD+EPYC+7B12&id=4398
Intel Core i9-10900X X-series Processor,Products formerly Cascade Lake,,Intel,,3.70 GHz,165.0,10,20,,,,,,,,Intel,Desktop,intel-spec-dataset
Intel Core i9-10920X X-series Processor,Products formerly Cascade Lake,,Intel,,3.50 GHz,165.0,12,24,,,,,,,,Intel,Desktop,intel-spec-dataset
Intel Core i9-10940X X-series Processor,Products formerly Cascade Lake,,Intel,,3.30 GHz,165.0,14,28,,,,,,,,Intel,Desktop,intel-spec-dataset
Intel Core i9-10980XE Extreme Edition Processor,Products formerly Cascade Lake,,Intel,,3.00 GHz,165.0,18,36,,,,,,,,Intel,Desktop,intel-spec-dataset
Intel Core i7-9800X X-series Processor,Products formerly Skylake,,Intel,,3.80 GHz,165.0,8,16,,,,,,,,Intel,Desktop,intel-spec-dataset
Intel Core i9-9820X X-series Processor,Products formerly Skylake,,Intel,,3.30 GHz,165.0,10,20,,,,,,,,Intel,Desktop,intel-spec-dataset
Intel Core i9-9900X X-series Processor,Products formerly Skylake,,Intel,,3.50 GHz,165.0,10,20,,,,,,,,Intel,Desktop,intel-spec-dataset
Intel Core i9-9920X X-series Processor,Products formerly Skylake,,Intel,,3.50 GHz,165.0,12,24,,,,,,,,Intel,Desktop,intel-spec-dataset
Intel Core i9-9940X X-series Processor,Products formerly Skylake,,Intel,,3.30 GHz,165.0,14,28,,,,,,,,Intel,Desktop,intel-spec-dataset
Intel Core i9-9960X X-series Processor,Products formerly Skylake,,Intel,,3.10 GHz,165.0,16,32,,,,,,,,Intel,Desktop,intel-spec-dataset
Intel Core i9-9980XE Extreme Edition Processor,Products formerly Skylake,,Intel,,3.00 GHz,165.0,18,36,,,,,,,,Intel,Desktop,intel-spec-dataset
Intel Core i9-7940X X-series Processor,Products formerly Skylake,,Intel,,3.10 GHz,165.0,14,28,,,,,,,,Intel,Desktop,intel-spec-dataset
Intel Core i9-7960X X-series Processor,Products formerly Skylake,,Intel,,2.80 GHz,165.0,16,32,,,,,,,,Intel,Desktop,intel-spec-dataset
Intel Core i9-7980XE Extreme Edition Processor,Products formerly Skylake,,Intel,,2.60 GHz,165.0,18,36,,,,,,,,Intel,Desktop,intel-spec-dataset
Intel Core i9-7920X X-series Processor,Products formerly Skylake,,Intel,,2.90 GHz,140.0,12,24,,,,,,,,Intel,Desktop,intel-spec-dataset
Intel Core i5-7640X X-series Processor,Products formerly Kaby Lake,,Intel,,4.00 GHz,112.0,4,,,,,,,,,Intel,Desktop,intel-spec-dataset
Intel Core i7-7740X X-series Processor,Products formerly Kaby Lake,,Intel,,4.30 GHz,112.0,4,8,,,,,,,,Intel,Desktop,intel-spec-dataset
Intel Core i7-7800X X-series Processor,Products formerly Skylake,,Intel,,3.50 GHz,140.0,6,12,,,,,,,,Intel,Desktop,intel-spec-dataset
Intel Core i7-7820X X-series Processor,Products formerly Skylake,,Intel,,3.60 GHz,140.0,8,16,,,,,,,,Intel,Desktop,intel-spec-dataset
Intel Core i9-7900X X-series Processor,Products formerly Skylake,,Intel,,3.30 GHz,140.0,10,20,,,,,,,,Intel,Desktop,intel-spec-dataset
Intel Core i7-6800K Processor,Products formerly Broadwell E,,Intel,,3.40 GHz,140.0,6,12,,,,,,,,Intel,Desktop,intel-spec-dataset
Intel Core i7-6850K Processor,Products formerly Broadwell E,,Intel,,3.60 GHz,140.0,6,12,,,,,,,,Intel,Desktop,intel-spec-dataset
Intel Core i7-6900K Processor,Products formerly Broadwell E,,Intel,,3.20 GHz,140.0,8,16,,,,,,,,Intel,Desktop,intel-spec-dataset
Intel Core i7-6950X Processor Extreme Edition,Products formerly Broadwell E,,Intel,,3.00 GHz,140.0,10,20,,,,,,,,Intel,Desktop,intel-spec-dataset
Intel Core i7-5820K Processor,Products formerly Haswell E,,Intel,,3.30 GHz,140.0,6,12,,,,,,,,Intel,Desktop,intel-spec-dataset
Intel Core i7-5930K Processor,Products formerly Haswell E,,Intel,,3.50 GHz,140.0,6,12,,,,,,,,Intel,Desktop,intel-spec-dataset
Intel Core i7-5960X Processor Extreme Edition,Products formerly Haswell E,,Intel,,3.00 GHz,140.0,8,16,,,,,,,,Intel,Desktop,intel-spec-dataset
Intel Core i7-4940MX Processor Extreme Edition,Products formerly Haswell,,Intel,,3.10 GHz,57.0,4,8,,,,,,,,Intel,Mobile,intel-spec-dataset
Intel Core i7-4820K Processor,Products formerly Ivy Bridge E,,Intel,,3.70 GHz,130.0,4,8,,,,,,,,Intel,Desktop,intel-spec-dataset
Intel Core i7-4930K Processor,Products formerly Ivy Bridge E,,Intel,,3.40 GHz,130.0,6,12,,,,,,,,Intel,Desktop,intel-spec-dataset
Intel Core i7-4960X Processor Extreme Edition,Products formerly Ivy Bridge E,,Intel,,3.60 GHz,130.0,6,12,,,,,,,,Intel,Desktop,intel-spec-dataset
Intel Core i7-4930MX Processor Extreme Edition,Products formerly Haswell,,Intel,,3.00 GHz,57.0,4,8,,,,,,,,Intel,Mobile,intel-spec-dataset
Intel Core i7-3970X Processor Extreme Edition,Products formerly Sandy Bridge E,,Intel,,3.50 GHz,150.0,6,12,,,,,,,,Intel,Desktop,intel-spec-dataset
Intel Core i7-3940XM Processor Extreme Edition,Products formerly Ivy Bridge,,Intel,,3.00 GHz,55.0,4,8,,,,,,,,Intel,Mobile,intel-spec-dataset
Intel Core i7-3920XM Processor Extreme Edition,Products formerly Ivy Bridge,,Intel,,2.90 GHz,55.0,4,8,,,,,,,,Intel,Mobile,intel-spec-dataset
Intel Core i7-3820 Processor,Products formerly Sandy Bridge E,,Intel,,3.60 GHz,130.0,4,8,,,,,,,,Intel,Desktop,intel-spec-dataset
Intel Core i7-3930K Processor,Products formerly Sandy Bridge E,,Intel,,3.20 GHz,130.0,6,12,,,,,,,,Intel,Desktop,intel-spec-dataset
Intel Core i7-3960X Processor Extreme Edition,Products formerly Sandy Bridge E,,Intel,,3.30 GHz,130.0,6,12,,,,,,,,Intel,Desktop,intel-spec-dataset
Intel Core i9-13900KS Processor,Products formerly Raptor Lake,,Intel,,,150.0,24,32,,,,,,,,Intel,Desktop,intel-spec-dataset
Intel Core i9-13900 Processor,Products formerly Raptor Lake,,Intel,,,65.0,24,32,,,,,,,,Intel,Desktop,intel-spec-dataset
Intel Core i9-13900E Processor,Products formerly Raptor Lake,,Intel,,1.80 GHz,65.0,24,32,,,,,,,,Intel,Embedded,intel-spec-dataset
Intel Core i9-13900F Processor,Products formerly Raptor Lake,,Intel,,,65.0,24,32,,,,,,,,Intel,Desktop,intel-spec-dataset
Intel Core i9-13900H Processor,Products formerly Raptor Lake,,Intel,,,45.0,14,20,,,,,,,,Intel,Mobile,intel-spec-dataset
Intel Core i9-13900HK Processor,Products formerly Raptor Lake,,Intel,,,45.0,14,20,,,,,,,,Intel,Mobile,intel-spec-dataset
Intel Core i9-13900HX Processor,Products formerly Raptor Lake,,Intel,,,55.0,24,32,,,,,,,,Intel,Mobile,intel-spec-dataset
Intel Core i9-13900T Processor,Products formerly Raptor Lake,,Intel,,,35.0,24,32,,,,,,,,Intel,Desktop,intel-spec-dataset
Intel Core i9-13900TE Processor,Products formerly Raptor Lake,,Intel,,1.00 GHz,35.0,24,32,,,,,,,,Intel,Embedded,intel-spec-dataset
Intel Core i9-13905H Processor,Products formerly Raptor Lake,,Intel,,,45.0,14,20,,,,,,,,Intel,Mobile,intel-spec-dataset
Intel Core i9-13950HX Processor,Products formerly Raptor Lake,,Intel,,,55.0,24,32,,,,,,,,Intel,Mobile,intel-spec-dataset
Intel Core i9-13980HX Processor,Products formerly Raptor Lake,,Intel,,,55.0,24,32,,,,,,,,Intel,Mobile,intel-spec-dataset
Intel Core i9-13900K Processor,Products formerly Raptor Lake,,Intel,,,125.0,24,32,,,,,,,,Intel,Desktop,intel-spec-dataset
Intel Core i9-13900KF Processor,Products formerly Raptor Lake,,Intel,,,125.0,24,32,,,,,,,,Intel,Desktop,intel-spec-dataset
Intel Core i7-1355U Processor,Products formerly Raptor Lake,,Intel,,,15.0,10,12,,,,,,,,Intel,Mobile,intel-spec-dataset
Intel Core i7-1360P Processor,Products formerly Raptor Lake,,Intel,,,28.0,12,16,,,,,,,,Intel,Mobile,intel-spec-dataset
Intel Core i7-13620H Processor,Products formerly Raptor Lake,,Intel,,,45.0,10,16,,,,,,,,Intel,Mobile,intel-spec-dataset
Intel Core i7-13650HX Processor,Products formerly Raptor Lake,,Intel,,,55.0,14,20,,,,,,,,Intel,Mobile,intel-spec-dataset
Intel Core i7-1365U Processor,Products formerly Raptor Lake,,Intel,,,15.0,10,12,,,,,,,,Intel,Mobile,intel-spec-dataset
Intel Core i7-1365UE Processor,Products formerly Raptor Lake,,Intel,,1.70 GHz,15.0,10,12,,,,,,,,Intel,Embedded,intel-spec-dataset
Intel Core i7-13700 Processor,Products formerly Raptor Lake,,Intel,,,65.0,16,24,,,,,,,,Intel,Desktop,intel-spec-dataset
Intel Core i7-13700E Processor,Products formerly Raptor Lake,,Intel,,1.90 GHz,65.0,16,24,,,,,,,,Intel,Embedded,intel-spec-dataset
Intel Core i7-13700F Processor,Products formerly Raptor Lake,,Intel,,,65.0,16,24,,,,,,,,Intel,Desktop,intel-spec-dataset
Intel Core i7-13700H Processor,Products formerly Raptor Lake,,Intel,,,45.0,14,20,,,,,,,,Intel,Mobile,intel-spec-dataset
Intel Core i7-13700HX Processor,Products formerly Raptor Lake,,Intel,,,55.0,16,24,,,,,,,,Intel,Mobile,intel-spec-dataset
Intel Core i7-13700T Processor,Products formerly Raptor Lake,,Intel,,,35.0,16,24,,,,,,,,Intel,Desktop,intel-spec-dataset
Intel Core i7-13700TE Processor,Products formerly Raptor Lake,,Intel,,1.10 GHz,35.0,16,24,,,,,,,,Intel,Embedded,intel-spec-dataset
Intel Core i7-13705H Processor,Products formerly Raptor Lake,,Intel,,,45.0,14,20,,,,,,,,Intel,Mobile,intel-spec-dataset
Intel Core i7-1370P Processor,Products formerly Raptor Lake,,Intel,,,28.0,14,20,,,,,,,,Intel,Mobile,intel-spec-dataset
Intel Core i7-1370PE Processor,Products formerly Raptor Lake,,Intel,,1.90 GHz,28.0,14,20,,,,,,,,Intel,Embedded,intel-spec-dataset
Intel Core i7-13800H Processor,Products formerly Raptor Lake,,Intel,,,45.0,14,20,,,,,,,,Intel,Mobile,intel-spec-dataset
Intel Core i7-13800HE Processor,Products formerly Raptor Lake,,Intel,,2.50 GHz,45.0,14,20,,,,,,,,Intel,Embedded,intel-spec-dataset
Intel Core i7-13850HX Processor,Products formerly Raptor Lake,,Intel,,,55.0,20,28,,,,,,,,Intel,Mobile,intel-spec-dataset
Intel Core i7-13700K Processor,Products formerly Raptor Lake,,Intel,,,125.0,16,24,,,,,,,,Intel,Desktop,intel-spec-dataset
Intel Core i7-13700KF Processor,Products formerly Raptor Lake,,Intel,,,125.0,16,24,,,,,,,,Intel,Desktop,intel-spec-dataset
Intel Core i5-1334U Processor,Products formerly Raptor Lake,,Intel,,,15.0,10,12,,,,,,,,Intel,Mobile,intel-spec-dataset
Intel Core i5-1335U Processor,Products formerly Raptor Lake,,Intel,,,15.0,10,12,,,,,,,,Intel,Mobile,intel-spec-dataset
Intel Core i5-1335UE Processor,Products formerly Raptor Lake,,Intel,,1.30 GHz,15.0,10,12,,,,,,,,Intel,Embedded,intel-spec-dataset
Intel Core i5-13400 Processor,Products formerly Raptor Lake,,Intel,,,65.0,10,16,,,,,,,,Intel,Desktop,intel-spec-dataset
Intel Core i5-13400E Processor,Products formerly Raptor Lake,,Intel,,2.40 GHz,65.0,10,16,,,,,,,,Intel,Embedded,intel-spec-dataset
Intel Core i5-13400F Processor,Products formerly Raptor Lake,,Intel,,,65.0,10,16,,,,,,,,Intel,Desktop,intel-spec-dataset
Intel Core i5-13400T Processor,Products formerly Raptor Lake,,Intel,,,35.0,10,16,,,,,,,,Intel,Desktop,intel-spec-dataset
Intel Core i5-1340P Processor,Products formerly Raptor Lake,,Intel,,,28.0,12,16,,,,,,,,Intel,Mobile,intel-spec-dataset
Intel Core i5-1340PE Processor,Products formerly Raptor Lake,,Intel,,1.80 GHz,28.0,12,16,,,,,,,,Intel,Embedded,intel-spec-dataset
Intel Core i5-13420H Processor,Products formerly Raptor Lake,,Intel,,,45.0,8,12,,,,,,,,Intel,Mobile,intel-spec-dataset
Intel Core i5-13450HX Processor,Products formerly Raptor Lake,,Intel,,,55.0,10,16,,,,,,,,Intel,Mobile,intel-spec-dataset
Intel Core i5-1345U Processor,Products formerly Raptor Lake,,Intel,,,15.0,10,12,,,,,,,,Intel,Mobile,intel-spec-dataset
Intel Core i5-1345UE Processor,Products formerly Raptor Lake,,Intel,,1.40 GHz,15.0,10,12,,,,,,,,Intel,Embedded,intel-spec-dataset
Intel Core i5-13500 Processor,Products formerly Raptor Lake,,Intel,,,65.0,14,20,,,,,,,,Intel,Desktop,intel-spec-dataset
Intel Core i5-13500E Processor,Products formerly Raptor Lake,,Intel,,2.40 GHz,65.0,14,20,,,,,,,,Intel,Embedded,intel-spec-dataset
Intel Core i5-13500H Processor,Products formerly Raptor Lake,,Intel,,,45.0,12,16,,,,,,,,Intel,Mobile,intel-spec-dataset
Intel Core i5-13500HX Processor,Products formerly Raptor Lake,,Intel,,,55.0,14,20,,,,,,,,Intel,Mobile,intel-spec-dataset
Intel Core i5-13500T Processor,Products formerly Raptor Lake,,Intel,,,35.0,14,20,,,,,,,,Intel,Desktop,intel-spec-dataset
Intel Core i5-13500TE Processor,Products formerly Raptor Lake,,Intel,,1.30 GHz,35.0,14,20,,,,,,,,Intel,Embedded,intel-spec-dataset
Intel Core i5-13505H Processor,Products formerly Raptor Lake,,Intel,,,45.0,12,16,,,,,,,,Intel,Mobile,intel-spec-dataset
Intel Core i5-1350P Processor,Products formerly Raptor Lake,,Intel,,,28.0,12,16,,,,,,,,Intel,Mobile,intel-spec-dataset
Intel Core i5-1350PE Processor,Products formerly Raptor Lake,,Intel,,1.80 GHz,28.0,12,16,,,,,,,,Intel,Embedded,intel-spec-dataset
Intel Core i5-13600 Processor,Products formerly Raptor Lake,,Intel,,,65.0,14,20,,,,,,,,Intel,Desktop,intel-spec-dataset
Intel Core i5-13600H Processor,Products formerly Raptor Lake,,Intel,,,45.0,12,16,,,,,,,,Intel,Mobile,intel-spec-dataset
Intel Core i5-13600HE Processor,Products formerly Raptor Lake,,Intel,,2.70 GHz,45.0,12,16,,,,,,,,Intel,Embedded,intel-spec-dataset
Intel Core i5-13600HX Processor,Products formerly Raptor Lake,,Intel,,,55.0,14,20,,,,,,,,Intel,Mobile,intel-spec-dataset
Intel Core i5-13600T Processor,Products formerly Raptor Lake,,Intel,,,35.0,14,20,,,,,,,,Intel,Desktop,intel-spec-dataset
Intel Core i5-13600K Processor,Products formerly Raptor Lake,,Intel,,,125.0,14,20,,,,,,,,Intel,Desktop,intel-spec-dataset
Intel Core i5-13600KF Processor,Products formerly Raptor Lake,,Intel,,,125.0,14,20,,,,,,,,Intel,Desktop,intel-spec-dataset
Intel Core i3-1305U Processor,Products formerly Raptor Lake,,Intel,,,15.0,5,6,,,,,,,,Intel,Mobile,intel-spec-dataset
Intel Core i3-13100 Processor,Products formerly Raptor Lake,,Intel,,,60.0,4,8,,,,,,,,Intel,Desktop,intel-spec-dataset
Intel Core i3-13100E Processor,Products formerly Raptor Lake,,Intel,,3.30 GHz,60.0,4,8,,,,,,,,Intel,Embedded,intel-spec-dataset
Intel Core i3-13100F Processor,Products formerly Raptor Lake,,Intel,,,58.0,4,8,,,,,,,,Intel,Desktop,intel-spec-dataset
Intel Core i3-13100T Processor,Products formerly Raptor Lake,,Intel,,,35.0,4,8,,,,,,,,Intel,Desktop,intel-spec-dataset
Intel Core i3-13100TE Processor,Products formerly Raptor Lake,,Intel,,2.40 GHz,35.0,4,8,,,,,,,,Intel,Embedded,intel-spec-dataset
Intel Core i3-1315U Processor,Products formerly Raptor Lake,,Intel,,,15.0,6,8,,,,,,,,Intel,Mobile,intel-spec-dataset
Intel Core i3-1315UE Processor,Products formerly Raptor Lake,,Intel,,1.20 GHz,15.0,6,8,,,,,,,,Intel,Embedded,intel-spec-dataset
Intel Core i3-1320PE Processor,Products formerly Raptor Lake,,Intel,,1.70 GHz,28.0,8,12,,,,,,,,Intel,Embedded,intel-spec-dataset
Intel Core i3-13300HE Processor,Products formerly Raptor Lake,,Intel,,2.10 GHz,45.0,8,12,,,,,,,,Intel,Embedded,intel-spec-dataset
Intel Core i9-12900HX Processor,Products formerly Alder Lake,,Intel,,,55.0,16,24,,,,,,,,Intel,Mobile,intel-spec-dataset
Intel Core i9-12950HX Processor,Products formerly Alder Lake,,Intel,,,55.0,16,24,,,,,,,,Intel,Mobile,intel-spec-dataset
Intel Core i9-12900KS Processor,Products formerly Alder Lake,,Intel,,,150.0,16,24,,,,,,,,Intel,Desktop,intel-spec-dataset
Intel Core i9-12900 Processor,Products formerly Alder Lake,,Intel,,,65.0,16,24,,,,,,,,Intel,Desktop,intel-spec-dataset
Intel Core i9-12900E Processor,Products formerly Alder Lake,,Intel,,,65.0,16,24,,,,,,,,Intel,Embedded,intel-spec-dataset
Intel Core i9-12900F Processor,Products formerly Alder Lake,,Intel,,,65.0,16,24,,,,,,,,Intel,Desktop,intel-spec-dataset
Intel Core i9-12900H Processor,Products formerly Alder Lake,,Intel,,,45.0,14,20,,,,,,,,Intel,Mobile,intel-spec-dataset
Intel Core i9-12900HK Processor,Products formerly Alder Lake,,Intel,,,45.0,14,20,,,,,,,,Intel,Mobile,intel-spec-dataset
Intel Core i9-12900T Processor,Products formerly Alder Lake,,Intel,,,35.0,16,24,,,,,,,,Intel,Desktop,intel-spec-dataset
Intel Core i9-12900TE Processor,Products formerly Alder Lake,,Intel,,,35.0,16,24,,,,,,,,Intel,Embedded,intel-spec-dataset
Intel Core i9-12900K Processor,Products formerly Alder Lake,,Intel,,,125.0,16,24,,,,,,,,Intel,Desktop,intel-spec-dataset
Intel Core i9-12900KF Processor,Products formerly Alder Lake,,Intel,,,125.0,16,24,,,,,,,,Intel,Desktop,intel-spec-dataset
Intel Core i7-1255UL Processor,Products formerly Alder Lake,,Intel,,1.70 GHz,15.0,10,12,,,,,,,,Intel,Embedded,intel-spec-dataset
Intel Core i7-1265UL Processor,Products formerly Alder Lake,,Intel,,1.80 GHz,15.0,10,12,,,,,,,,Intel,Embedded,intel-spec-dataset
Intel Core i7-12700HL Processor,Products formerly Alder Lake,,Intel,,2.30 GHz,45.0,14,20,,,,,,,,Intel,Embedded,intel-spec-dataset
Intel Core i7-12800HL Processor,Products formerly Alder Lake,,Intel,,2.40 GHz,45.0,14,20,,,,,,,,Intel,Embedded,intel-spec-dataset
Intel Core i7-12650HX Processor,Products formerly Alder Lake,,Intel,,,55.0,14,20,,,,,,,,Intel,Mobile,intel-spec-dataset
Intel Core i7-12800HX Processor,Products formerly Alder Lake,,Intel,,,55.0,16,24,,,,,,,,Intel,Mobile,intel-spec-dataset
Intel Core i7-12850HX Processor,Products formerly Alder Lake,,Intel,,,55.0,16,24,,,,,,,,Intel,Mobile,intel-spec-dataset
Intel Core i7-1265UE Processor,Products formerly Alder Lake,,Intel,,,15.0,10,12,,,,,,,,Intel,Embedded,intel-spec-dataset
Intel Core i7-1270PE Processor,Products formerly Alder Lake,,Intel,,,28.0,12,16,,,,,,,,Intel,Embedded,intel-spec-dataset
Intel Core i7-1250U Processor,Products formerly Alder Lake,,Intel,,,9.0,10,12,,,,,,,,Intel,Mobile,intel-spec-dataset
Intel Core i7-1255U Processor,Products formerly Alder Lake,,Intel,,,15.0,10,12,,,,,,,,Intel,Mobile,intel-spec-dataset
Intel Core i7-1260P Processor,Products formerly Alder Lake,,Intel,,,28.0,12,16,,,,,,,,Intel,Mobile,intel-spec-dataset
Intel Core i7-1260U Processor,Products formerly Alder Lake,,Intel,,,9.0,10,12,,,,,,,,Intel,Mobile,intel-spec-dataset
Intel Core i7-1265U Processor,Products formerly Alder Lake,,Intel,,,15.0,10,12,,,,,,,,Intel,Mobile,intel-spec-dataset
Intel Core i7-1270P Processor,Products formerly Alder Lake,,Intel,,,28.0,12,16,,,,,,,,Intel,Mobile,intel-spec-dataset
Intel Core i7-1280P Processor,Products formerly Alder Lake,,Intel,,,28.0,14,20,,,,,,,,Intel,Mobile,intel-spec-dataset
Intel Core i7-12650H Processor,Products formerly Alder Lake,,Intel,,,45.0,10,16,,,,,,,,Intel,Mobile,intel-spec-dataset
Intel Core i7-12700 Processor,Products formerly Alder Lake,,Intel,,,65.0,12,20,,,,,,,,Intel,Desktop,intel-spec-dataset
Intel Core i7-12700E Processor,Products formerly Alder Lake,,Intel,,,65.0,12,20,,,,,,,,Intel,Embedded,intel-spec-dataset
Intel Core i7-12700F Processor,Products formerly Alder Lake,,Intel,,,65.0,12,20,,,,,,,,Intel,Desktop,intel-spec-dataset
Intel Core i7-12700H Processor,Products formerly Alder Lake,,Intel,,,45.0,14,20,,,,,,,,Intel,Mobile,intel-spec-dataset
Intel Core i7-12700T Processor,Products formerly Alder Lake,,Intel,,,35.0,12,20,,,,,,,,Intel,Desktop,intel-spec-dataset
Intel Core i7-12700TE Processor,Products formerly Alder Lake,,Intel,,,35.0,12,20,,,,,,,,Intel,Embedded,intel-spec-dataset
Intel Core i7-12800H Processor,Products formerly Alder Lake,,Intel,,,45.0,14,20,,,,,,,,Intel,Mobile,intel-spec-dataset
Intel Core i7-12800HE Processor,Products formerly Alder Lake,,Intel,,2.40 GHz,45.0,14,20,,,,,,,,Intel,Embedded,intel-spec-dataset
Intel Core i7-12700K Processor,Products formerly Alder Lake,,Intel,,,125.0,12,20,,,,,,,,Intel,Desktop,intel-spec-dataset
Intel Core i7-12700KF Processor,Products formerly Alder Lake,,Intel,,,125.0,12,20,,,,,,,,Intel,Desktop,intel-spec-dataset
Intel Core i5-1235UL Processor,Products formerly Alder Lake,,Intel,,1.30 GHz,15.0,10,12,,,,,,,,Intel,Embedded,intel-spec-dataset
Intel Core i5-1245UL Processor,Products formerly Alder Lake,,Intel,,1.60 GHz,15.0,10,12,,,,,,,,Intel,Embedded,intel-spec-dataset
Intel Core i5-12500HL Processor,Products formerly Alder Lake,,Intel,,2.50 GHz,45.0,12,16,,,,,,,,Intel,Embedded,intel-spec-dataset
Intel Core i5-12600HL Processor,Products formerly Alder Lake,,Intel,,2.70 GHz,45.0,12,16,,,,,,,,Intel,Embedded,intel-spec-dataset
Intel Core i5-12450HX Processor,Products formerly Alder Lake,,Intel,,,55.0,8,12,,,,,,,,Intel,Mobile,intel-spec-dataset
Intel Core i5-12600HX Processor,Products formerly Alder Lake,,Intel,,,55.0,12,16,,,,,,,,Intel,Mobile,intel-spec-dataset
Intel Core i5-1245UE Processor,Products formerly Alder Lake,,Intel,,,15.0,10,12,,,,,,,,Intel,Embedded,intel-spec-dataset
Intel Core i5-1250PE Processor,Products formerly Alder Lake,,Intel,,,28.0,12,16,,,,,,,,Intel,Embedded,intel-spec-dataset
Intel Core i5-1230U Processor,Products formerly Alder Lake,,Intel,,,9.0,10,12,,,,,,,,Intel,Mobile,intel-spec-dataset
Intel Core i5-1235U Processor,Products formerly Alder Lake,,Intel,,,15.0,10,12,,,,,,,,Intel,Mobile,intel-spec-dataset
Intel Core i5-1240P Processor,Products formerly Alder Lake,,Intel,,,28.0,12,16,,,,,,,,Intel,Mobile,intel-spec-dataset
Intel Core i5-1240U Processor,Products formerly Alder Lake,,Intel,,,9.0,10,12,,,,,,,,Intel,Mobile,intel-spec-dataset
Intel Core i5-1245U Processor,Products formerly Alder Lake,,Intel,,,15.0,10,12,,,,,,,,Intel,Mobile,intel-spec-dataset
Intel Core i5-1250P Processor,Products formerly Alder Lake,,Intel,,,28.0,12,16,,,,,,,,Intel,Mobile,intel-spec-dataset
Intel Core i5-12400 Processor,Products formerly Alder Lake,,Intel,,,65.0,6,12,,,,,,,,Intel,Desktop,intel-spec-dataset
Intel Core i5-12400F Processor,Products formerly Alder Lake,,Intel,,,65.0,6,12,,,,,,,,Intel,Desktop,intel-spec-dataset
Intel Core i5-12400T Processor,Products formerly Alder Lake,,Intel,,,35.0,6,12,,,,,,,,Intel,Desktop,intel-spec-dataset
Intel Core i5-12450H Processor,Products formerly Alder Lake,,Intel,,,45.0,8,12,,,,,,,,Intel,Mobile,intel-spec-dataset
Intel Core i5-12500 Processor,Products formerly Alder Lake,,Intel,,,65.0,6,12,,,,,,,,Intel,Desktop,intel-spec-dataset
Intel Core i5-12500E Processor,Products formerly Alder Lake,,Intel,,,65.0,6,12,,,,,,,,Intel,Embedded,intel-spec-dataset
Intel Core i5-12500H Processor,Products formerly Alder Lake,,Intel,,,45.0,12,16,,,,,,,,Intel,Mobile,intel-spec-dataset
Intel Core i5-12500T Processor,Products formerly Alder Lake,,Intel,,,35.0,6,12,,,,,,,,Intel,Desktop,intel-spec-dataset
Intel Core i5-12500TE Processor,Products formerly Alder Lake,,Intel,,,35.0,6,12,,,,,,,,Intel,Embedded,intel-spec-dataset
Intel Core i5-12600 Processor,Products formerly Alder Lake,,Intel,,,65.0,6,12,,,,,,,,Intel,Desktop,intel-spec-dataset
Intel Core i5-12600H Processor,Products formerly Alder Lake,,Intel,,,45.0,12,16,,,,,,,,Intel,Mobile,intel-spec-dataset
Intel Core i5-12600HE Processor,Products formerly Alder Lake,,Intel,,2.50 GHz,45.0,12,16,,,,,,,,Intel,Embedded,intel-spec-dataset
Intel Core i5-12600T Processor,Products formerly Alder Lake,,Intel,,,35.0,6,12,,,,,,,,Intel,Desktop,intel-spec-dataset
Intel Core i5-12600K Processor,Products formerly Alder Lake,,Intel,,,125.0,10,16,,,,,,,,Intel,Desktop,intel-spec-dataset
Intel Core i5-12600KF Processor,Products formerly Alder Lake,,Intel,,,125.0,10,16,,,,,,,,Intel,Desktop,intel-spec-dataset
Intel Core i3-1215UL Processor,Products formerly Alder Lake,,Intel,,1.20 GHz,15.0,6,8,,,,,,,,Intel,Embedded,intel-spec-dataset
Intel Core i3-12300HL Processor,Products formerly Alder Lake,,Intel,,2.00 GHz,45.0,8,12,,,,,,,,Intel,Embedded,intel-spec-dataset
Intel Core i3-1215UE Processor,Products formerly Alder Lake,,Intel,,,15.0,6,8,,,,,,,,Intel,Embedded,intel-spec-dataset
Intel Core i3-1220PE Processor,Products formerly Alder Lake,,Intel,,,28.0,8,12,,,,,,,,Intel,Embedded,intel-spec-dataset
Intel Core i3-1210U Processor,Products formerly Alder Lake,,Intel,,,9.0,6,8,,,,,,,,Intel,Mobile,intel-spec-dataset
Intel Core i3-1215U Processor,Products formerly Alder Lake,,Intel,,,15.0,6,8,,,,,,,,Intel,Mobile,intel-spec-dataset
Intel Core i3-1220P Processor,Products formerly Alder Lake,,Intel,,,28.0,10,12,,,,,,,,Intel,Mobile,intel-spec-dataset
Intel Core i3-12100 Processor,Products formerly Alder Lake,,Intel,,,60.0,4,8,,,,,,,,Intel,Desktop,intel-spec-dataset
Intel Core i3-12100E Processor,Products formerly Alder Lake,,Intel,,,60.0,4,8,,,,,,,,Intel,Embedded,intel-spec-dataset
Intel Core i3-12100F Processor,Products formerly Alder Lake,,Intel,,,58.0,4,8,,,,,,,,Intel,Desktop,intel-spec-dataset
Intel Core i3-12100T Processor,Products formerly Alder Lake,,Intel,,,35.0,4,8,,,,,,,,Intel,Desktop,intel-spec-dataset
Intel Core i3-12100TE Processor,Products formerly Alder Lake,,Intel,,,35.0,4,8,,,,,,,,Intel,Embedded,intel-spec-dataset
Intel Core i3-12300 Processor,Products formerly Alder Lake,,Intel,,,60.0,4,8,,,,,,,,Intel,Desktop,intel-spec-dataset
Intel Core i3-12300HE Processor,Products formerly Alder Lake,,Intel,,1.90 GHz,45.0,8,12,,,,,,,,Intel,Embedded,intel-spec-dataset
Intel Core i3-12300T Processor,Products formerly Alder Lake,,Intel,,,35.0,4,8,,,,,,,,Intel,Desktop,intel-spec-dataset
Intel Core i3-N300 Processor,Products formerly Alder Lake-N,,Intel,,,7.0,8,8,,,,,,,,Intel,Mobile,intel-spec-dataset
Intel Core i3-N305 Processor,Products formerly Alder Lake-N,,Intel,,,15.0,8,8,,,,,,,,Intel,Mobile,intel-spec-dataset
Intel Core i9-11900H Processor,Products formerly Tiger Lake,,Intel,,,45.0,8,16,,,,,,,,Intel,Mobile,intel-spec-dataset
Intel Core i9-11950H Processor,Products formerly Tiger Lake,,Intel,,,45.0,8,16,,,,,,,,Intel,Mobile,intel-spec-dataset
Intel Core i9-11980HK Processor,Products formerly Tiger Lake,,Intel,,,65.0,8,16,,,,,,,,Intel,Mobile,intel-spec-dataset
Intel Core i9-11900 Processor,Products formerly Rocket Lake,,Intel,,2.50 GHz,65.0,8,16,,,,,,,,Intel,Desktop,intel-spec-dataset
Intel Core i9-11900F Processor,Products formerly Rocket Lake,,Intel,,2.50 GHz,65.0,8,16,,,,,,,,Intel,Desktop,intel-spec-dataset
Intel Core i9-11900K Processor,Products formerly Rocket Lake,,Intel,,3.50 GHz,125.0,8,16,,,,,,,,Intel,Desktop,intel-spec-dataset
Intel Core i9-11900KF Processor,Products formerly Rocket Lake,,Intel,,3.50 GHz,125.0,8,16,,,,,,,,Intel,Desktop,intel-spec-dataset
Intel Core i9-11900T Processor,Products formerly Rocket Lake,,Intel,,1.50 GHz,35.0,8,16,,,,,,,,Intel,Desktop,intel-spec-dataset
Intel Core i7-11850HE Processor,Products formerly Tiger Lake,,Intel,,,45.0,8,16,,,,,,,,Intel,Embedded,intel-spec-dataset
Intel Core i7-11600H Processor,Products formerly Tiger Lake,,Intel,,,45.0,6,12,,,,,,,,Intel,Mobile,intel-spec-dataset
Intel Core i7-11390H Processor,Products formerly Tiger Lake,,Intel,,,35.0,4,8,,,,,,,,Intel,Mobile,intel-spec-dataset
Intel Core i7-1195G7 Processor,Products formerly Tiger Lake,,Intel,,,28.0,4,8,,,,,,,,Intel,Mobile,intel-spec-dataset
Intel Core i7-11800H Processor,Products formerly Tiger Lake,,Intel,,,45.0,8,16,,,,,,,,Intel,Mobile,intel-spec-dataset
Intel Core i7-11850H Processor,Products formerly Tiger Lake,,Intel,,,45.0,8,16,,,,,,,,Intel,Mobile,intel-spec-dataset
Intel Core i7-11700 Processor,Products formerly Rocket Lake,,Intel,,2.50 GHz,65.0,8,16,,,,,,,,Intel,Desktop,intel-spec-dataset
Intel Core i7-11700F Processor,Products formerly Rocket Lake,,Intel,,2.50 GHz,65.0,8,16,,,,,,,,Intel,Desktop,intel-spec-dataset
Intel Core i7-11700K Processor,Products formerly Rocket Lake,,Intel,,3.60 GHz,125.0,8,16,,,,,,,,Intel,Desktop,intel-spec-dataset
Intel Core i7-11700KF Processor,Products formerly Rocket Lake,,Intel,,3.60 GHz,125.0,8,16,,,,,,,,Intel,Desktop,intel-spec-dataset
Intel Core i7-11700T Processor,Products formerly Rocket Lake,,Intel,,1.40 GHz,35.0,8,16,,,,,,,,Intel,Desktop,intel-spec-dataset
Intel Core i7-11370H Processor,Products formerly Tiger Lake,,Intel,,,35.0,4,8,,,,,,,,Intel,Mobile,intel-spec-dataset
Intel Core i7-11375H Processor,Products formerly Tiger Lake,,Intel,,,35.0,4,8,,,,,,,,Intel,Mobile,intel-spec-dataset
Intel Core i7-1180G7 Processor,Products formerly Tiger Lake,,Intel,,,15.0,4,8,,,,,,,,Intel,Mobile,intel-spec-dataset
Intel Core i7-1185G7E Processor,Products formerly Tiger Lake,,Intel,,1.80 GHz,15.0,4,8,,,,,,,,Intel,Embedded,intel-spec-dataset
Intel Core i7-1185GRE Processor,Products formerly Tiger Lake,,Intel,,1.80 GHz,15.0,4,8,,,,,,,,Intel,Embedded,intel-spec-dataset
Intel Core i7-1160G7 Processor,Products formerly Tiger Lake,,Intel,,,15.0,4,8,,,,,,,,Intel,Mobile,intel-spec-dataset
Intel Core i7-1165G7 Processor,Products formerly Tiger Lake,,Intel,,,28.0,4,8,,,,,,,,Intel,Mobile,intel-spec-dataset
Intel Core i7-1185G7 Processor,Products formerly Tiger Lake,,Intel,,,28.0,4,8,,,,,,,,Intel,Mobile,intel-spec-dataset
Intel Core i5-11500HE Processor,Products formerly Tiger Lake,,Intel,,,45.0,6,12,,,,,,,,Intel,Embedded,intel-spec-dataset
Intel Core i5-11320H Processor,Products formerly Tiger Lake,,Intel,,,35.0,4,8,,,,,,,,Intel,Mobile,intel-spec-dataset
Intel Core i5-1155G7 Processor,Products formerly Tiger Lake,,Intel,,,28.0,4,8,,,,,,,,Intel,Mobile,intel-spec-dataset
Intel Core i5-11260H Processor,Products formerly Tiger Lake,,Intel,,,45.0,6,12,,,,,,,,Intel,Mobile,intel-spec-dataset
Intel Core i5-11400H Processor,Products formerly Tiger Lake,,Intel,,,45.0,6,12,,,,,,,,Intel,Mobile,intel-spec-dataset
Intel Core i5-11500H Processor,Products formerly Tiger Lake,,Intel,,,45.0,6,12,,,,,,,,Intel,Mobile,intel-spec-dataset
Intel Core i5-11400 Processor,Products formerly Rocket Lake,,Intel,,2.60 GHz,65.0,6,12,,,,,,,,Intel,Desktop,intel-spec-dataset
Intel Core i5-11400F Processor,Products formerly Rocket Lake,,Intel,,2.60 GHz,65.0,6,12,,,,,,,,Intel,Desktop,intel-spec-dataset
Intel Core i5-11400T Processor,Products formerly Rocket Lake,,Intel,,1.30 GHz,35.0,6,12,,,,,,,,Intel,Desktop,intel-spec-dataset
Intel Core i5-11500 Processor,Products formerly Rocket Lake,,Intel,,2.70 GHz,65.0,6,12,,,,,,,,Intel,Desktop,intel-spec-dataset
Intel Core i5-11500T Processor,Products formerly Rocket Lake,,Intel,,1.50 GHz,35.0,6,12,,,,,,,,Intel,Desktop,intel-spec-dataset
Intel Core i5-11600 Processor,Products formerly Rocket Lake,,Intel,,2.80 GHz,65.0,6,12,,,,,,,,Intel,Desktop,intel-spec-dataset
Intel Core i5-11600K Processor,Products formerly Rocket Lake,,Intel,,3.90 GHz,125.0,6,12,,,,,,,,Intel,Desktop,intel-spec-dataset
Intel Core i5-11600KF Processor,Products formerly Rocket Lake,,Intel,,3.90 GHz,125.0,6,12,,,,,,,,Intel,Desktop,intel-spec-dataset
Intel Core i5-11600T Processor,Products formerly Rocket Lake,,Intel,,1.70 GHz,35.0,6,12,,,,,,,,Intel,Desktop,intel-spec-dataset
Intel Core i5-11300H Processor,Products formerly Tiger Lake,,Intel,,,35.0,4,8,,,,,,,,Intel,Mobile,intel-spec-dataset
Intel Core i5-1140G7 Processor,Products formerly Tiger Lake,,Intel,,,15.0,4,8,,,,,,,,Intel,Mobile,intel-spec-dataset
Intel Core i5-1145G7 Processor,Products formerly Tiger Lake,,Intel,,,28.0,4,8,,,,,,,,Intel,Mobile,intel-spec-dataset
Intel Core i5-1145G7E Processor,Products formerly Tiger Lake,,Intel,,1.50 GHz,15.0,4,8,,,,,,,,Intel,Embedded,intel-spec-dataset
Intel Core i5-1145GRE Processor,Products formerly Tiger Lake,,Intel,,1.50 GHz,15.0,4,8,,,,,,,,Intel,Embedded,intel-spec-dataset
Intel Core i5-1130G7 Processor,Products formerly Tiger Lake,,Intel,,,15.0,4,8,,,,,,,,Intel,Mobile,intel-spec-dataset
Intel Core i5-1135G7 Processor,Products formerly Tiger Lake,,Intel,,,28.0,4,8,,,,,,,,Intel,Mobile,intel-spec-dataset
Intel Core i3-11100HE Processor,Products formerly Tiger Lake,,Intel,,,45.0,4,8,,,,,,,,Intel,Embedded,intel-spec-dataset
Intel Core i3-1115G4E Processor,Products formerly Tiger Lake,,Intel,,2.20 GHz,15.0,2,4,,,,,,,,Intel,Embedded,intel-spec-dataset
Intel Core i3-1115GRE Processor,Products formerly Tiger Lake,,Intel,,2.20 GHz,15.0,2,4,,,,,,,,Intel,Embedded,intel-spec-dataset
Intel Core i3-1120G4 Processor,Products formerly Tiger Lake,,Intel,,,15.0,4,8,,,,,,,,Intel,Mobile,intel-spec-dataset
Intel Core i3-1125G4 Processor,Products formerly Tiger Lake,,Intel,,,28.0,4,8,,,,,,,,Intel,Mobile,intel-spec-dataset
Intel Core i3-1110G4 Processor,Products formerly Tiger Lake,,Intel,,,15.0,2,4,,,,,,,,Intel,Mobile,intel-spec-dataset
Intel Core i3-1115G4 Processor,Products formerly Tiger Lake,,Intel,,,28.0,2,4,,,,,,,,Intel,Mobile,intel-spec-dataset
Intel Core i9-10850K Processor,Products formerly Comet Lake,,Intel,,3.60 GHz,125.0,10,20,,,,,,,,Intel,Desktop,intel-spec-dataset
Intel Core i9-10885H Processor,Products formerly Comet Lake,,Intel,,2.40 GHz,45.0,8,16,,,,,,,,Intel,Mobile,intel-spec-dataset
Intel Core i9-10900 Processor,Products formerly Comet Lake,,Intel,,2.80 GHz,65.0,10,20,,,,,,,,Intel,Desktop,intel-spec-dataset
Intel Core i9-10900E Processor,Products formerly Comet Lake,,Intel,,2.80 GHz,65.0,10,20,,,,,,,,Intel,Embedded,intel-spec-dataset
Intel Core i9-10900F Processor,Products formerly Comet Lake,,Intel,,2.80 GHz,65.0,10,20,,,,,,,,Intel,Desktop,intel-spec-dataset
Intel Core i9-10900K Processor,Products formerly Comet Lake,,Intel,,3.70 GHz,125.0,10,20,,,,,,,,Intel,Desktop,intel-spec-dataset
Intel Core i9-10900KF Processor,Products formerly Comet Lake,,Intel,,3.70 GHz,125.0,10,20,,,,,,,,Intel,Desktop,intel-spec-dataset
Intel Core i9-10900T Processor,Products formerly Comet Lake,,Intel,,1.90 GHz,35.0,10,20,,,,,,,,Intel,Desktop,intel-spec-dataset
Intel Core i9-10900TE Processor,Products formerly Comet Lake,,Intel,,1.80 GHz,35.0,10,20,,,,,,,,Intel,Embedded,intel-spec-dataset
Intel Core i9-10980HK Processor,Products formerly Comet Lake,,Intel,,2.40 GHz,45.0,8,16,,,,,,,,Intel,Mobile,intel-spec-dataset
Intel Core i7-10870H Processor,Products formerly Comet Lake,,Intel,,2.20 GHz,45.0,8,16,,,,,,,,Intel,Mobile,intel-spec-dataset
Intel Core i7-10610U Processor,Products formerly Comet Lake,,Intel,,1.80 GHz,15.0,4,8,,,,,,,,Intel,Mobile,intel-spec-dataset
Intel Core i7-10810U Processor,Products formerly Comet Lake,,Intel,,1.10 GHz,15.0,6,12,,,,,,,,Intel,Mobile,intel-spec-dataset
Intel Core i7-10700 Processor,Products formerly Comet Lake,,Intel,,2.90 GHz,65.0,8,16,,,,,,,,Intel,Desktop,intel-spec-dataset
Intel Core i7-10700E Processor,Products formerly Comet Lake,,Intel,,2.90 GHz,65.0,8,16,,,,,,,,Intel,Embedded,intel-spec-dataset
Intel Core i7-10700F Processor,Products formerly Comet Lake,,Intel,,2.90 GHz,65.0,8,16,,,,,,,,Intel,Desktop,intel-spec-dataset
Intel Core i7-10700K Processor,Products formerly Comet Lake,,Intel,,3.80 GHz,125.0,8,16,,,,,,,,Intel,Desktop,intel-spec-dataset
Intel Core i7-10700KF Processor,Products formerly Comet Lake,,Intel,,3.80 GHz,125.0,8,16,,,,,,,,Intel,Desktop,intel-spec-dataset
Intel Core i7-10700T Processor,Products formerly Comet Lake,,Intel,,2.00 GHz,35.0,8,16,,,,,,,,Intel,Desktop,intel-spec-dataset
Intel Core i7-10700TE Processor,Products formerly Comet Lake,,Intel,,2.00 GHz,35.0,8,16,,,,,,,,Intel,Embedded,intel-spec-dataset
Intel Core i7-10750H Processor,Products formerly Comet Lake,,Intel,,2.60 GHz,45.0,6,12,,,,,,,,Intel,Mobile,intel-spec-dataset
Intel Core i7-10850H Processor,Products formerly Comet Lake,,Intel,,2.70 GHz,45.0,6,12,,,,,,,,Intel,Mobile,intel-spec-dataset
Intel Core i7-10875H Processor,Products formerly Comet Lake,,Intel,,2.30 GHz,45.0,8,16,,,,,,,,Intel,Mobile,intel-spec-dataset
Intel Core i7-10510U Processor,Products formerly Comet Lake,,Intel,,1.80 GHz,15.0,4,8,,,,,,,,Intel,Mobile,intel-spec-dataset
Intel Core i7-10510Y Processor,Products formerly Amber Lake Y,,Intel,,1.20 GHz,7.0,4,8,,,,,,,,Intel,Mobile,intel-spec-dataset
Intel Core i7-10710U Processor,Products formerly Comet Lake,,Intel,,1.10 GHz,15.0,6,12,,,,,,,,Intel,Mobile,intel-spec-dataset
Intel Core i7-1065G7 Processor,Products formerly Ice Lake,,Intel,,1.30 GHz,15.0,4,8,,,,,,,,Intel,Mobile,intel-spec-dataset
Intel Core i5-10505 Processor,Products formerly Comet Lake,,Intel,,3.20 GHz,65.0,6,12,,,,,,,,Intel,Desktop,intel-spec-dataset
Intel Core i5-10500H Processor,Products formerly Comet Lake,,Intel,,2.50 GHz,45.0,6,12,,,,,,,,Intel,Mobile,intel-spec-dataset
Intel Core i5-10200H Processor,Products formerly Comet Lake,,Intel,,2.40 GHz,45.0,4,8,,,,,,,,Intel,Mobile,intel-spec-dataset
Intel Core i5-10310U Processor,Products formerly Comet Lake,,Intel,,1.70 GHz,15.0,4,8,,,,,,,,Intel,Mobile,intel-spec-dataset
Intel Core i5-10400 Processor,Products formerly Comet Lake,,Intel,,2.90 GHz,65.0,6,12,,,,,,,,Intel,Desktop,intel-spec-dataset
Intel Core i5-10400F Processor,Products formerly Comet Lake,,Intel,,2.90 GHz,65.0,6,12,,,,,,,,Intel,Desktop,intel-spec-dataset
Intel Core i5-10400T Processor,Products formerly Comet Lake,,Intel,,2.00 GHz,35.0,6,12,,,,,,,,Intel,Desktop,intel-spec-dataset
Intel Core i5-10500 Processor,Products formerly Comet Lake,,Intel,,3.10 GHz,65.0,6,12,,,,,,,,Intel,Desktop,intel-spec-dataset
Intel Core i5-10500E Processor,Products formerly Comet Lake,,Intel,,3.10 GHz,65.0,6,12,,,,,,,,Intel,Embedded,intel-spec-dataset
Intel Core i5-10500T Processor,Products formerly Comet Lake,,Intel,,2.30 GHz,35.0,6,12,,,,,,,,Intel,Desktop,intel-spec-dataset
Intel Core i5-10500TE Processor,Products formerly Comet Lake,,Intel,,2.30 GHz,35.0,6,12,,,,,,,,Intel,Embedded,intel-spec-dataset
Intel Core i5-10600 Processor,Products formerly Comet Lake,,Intel,,3.30 GHz,65.0,6,12,,,,,,,,Intel,Desktop,intel-spec-dataset
Intel Core i5-10600K Processor,Products formerly Comet Lake,,Intel,,4.10 GHz,125.0,6,12,,,,,,,,Intel,Desktop,intel-spec-dataset
Intel Core i5-10600KF Processor,Products formerly Comet Lake,,Intel,,4.10 GHz,125.0,6,12,,,,,,,,Intel,Desktop,intel-spec-dataset
Intel Core i5-10600T Processor,Products formerly Comet Lake,,Intel,,2.40 GHz,35.0,6,12,,,,,,,,Intel,Desktop,intel-spec-dataset
Intel Core i5-10300H Processor,Products formerly Comet Lake,,Intel,,2.50 GHz,45.0,4,8,,,,,,,,Intel,Mobile,intel-spec-dataset
Intel Core i5-10400H Processor,Products formerly Comet Lake,,Intel,,2.60 GHz,45.0,4,8,,,,,,,,Intel,Mobile,intel-spec-dataset
Intel Core i5-10210U Processor,Products formerly Comet Lake,,Intel,,1.60 GHz,15.0,4,8,,,,,,,,Intel,Mobile,intel-spec-dataset
Intel Core i5-10210Y Processor,Products formerly Amber Lake Y,,Intel,,1.00 GHz,7.0,4,8,,,,,,,,Intel,Mobile,intel-spec-dataset
Intel Core i5-10310Y Processor,Products formerly Amber Lake Y,,Intel,,1.10 GHz,7.0,4,8,,,,,,,,Intel,Mobile,intel-spec-dataset
Intel Core i5-1035G1 Processor,Products formerly Ice Lake,,Intel,,1.00 GHz,15.0,4,8,,,,,,,,Intel,Mobile,intel-spec-dataset
Intel Core i5-1035G4 Processor,Products formerly Ice Lake,,Intel,,1.10 GHz,15.0,4,8,,,,,,,,Intel,Mobile,intel-spec-dataset
Intel Core i5-1035G7 Processor,Products formerly Ice Lake,,Intel,,1.20 GHz,15.0,4,8,,,,,,,,Intel,Mobile,intel-spec-dataset
Intel Core i3-10105 Processor,Products formerly Comet Lake,,Intel,,3.70 GHz,65.0,4,8,,,,,,,,Intel,Desktop,intel-spec-dataset
Intel Core i3-10105F Processor,Products formerly Comet Lake,,Intel,,3.70 GHz,65.0,4,8,,,,,,,,Intel,Desktop,intel-spec-dataset
Intel Core i3-10105T Processor,Products formerly Comet Lake,,Intel,,3.00 GHz,35.0,4,8,,,,,,,,Intel,Desktop,intel-spec-dataset
Intel Core i3-10305 Processor,Products formerly Comet Lake,,Intel,,3.80 GHz,65.0,4,8,,,,,,,,Intel,Desktop,intel-spec-dataset
Intel Core i3-10305T Processor,Products formerly Comet Lake,,Intel,,3.00 GHz,35.0,4,8,,,,,,,,Intel,Desktop,intel-spec-dataset
Intel Core i3-10325 Processor,Products formerly Comet Lake,,Intel,,3.90 GHz,65.0,4,8,,,,,,,,Intel,Desktop,intel-spec-dataset
Intel Core i3-10100Y Processor,Products formerly Amber Lake Y,,Intel,,1.30 GHz,5.0,2,4,,,,,,,,Intel,Mobile,intel-spec-dataset
Intel Core i3-10100F Processor,Products formerly Comet Lake,,Intel,,3.60 GHz,65.0,4,8,,,,,,,,Intel,Desktop,intel-spec-dataset
Intel Core i3-10100 Processor,Products formerly Comet Lake,,Intel,,3.60 GHz,65.0,4,8,,,,,,,,Intel,Desktop,intel-spec-dataset
Intel Core i3-10100E Processor,Products formerly Comet Lake,,Intel,,3.20 GHz,65.0,4,8,,,,,,,,Intel,Embedded,intel-spec-dataset
Intel Core i3-10100T Processor,Products formerly Comet Lake,,Intel,,3.00 GHz,35.0,4,8,,,,,,,,Intel,Desktop,intel-spec-dataset
Intel Core i3-10100TE Processor,Products formerly Comet Lake,,Intel,,2.30 GHz,35.0,4,8,,,,,,,,Intel,Embedded,intel-spec-dataset
Intel Core i3-10300 Processor,Products formerly Comet Lake,,Intel,,3.70 GHz,65.0,4,8,,,,,,,,Intel,Desktop,intel-spec-dataset
Intel Core i3-10300T Processor,Products formerly Comet Lake,,Intel,,3.00 GHz,35.0,4,8,,,,,,,,Intel,Desktop,intel-spec-dataset
Intel Core i3-10320 Processor,Products formerly Comet Lake,,Intel,,3.80 GHz,65.0,4,8,,,,,,,,Intel,Desktop,intel-spec-dataset
Intel Core i3-10110U Processor,Products formerly Comet Lake,,Intel,,2.10 GHz,15.0,2,4,,,,,,,,Intel,Mobile,intel-spec-dataset
Intel Core i3-10110Y Processor,Products formerly Amber Lake Y,,Intel,,1.00 GHz,7.0,2,4,,,,,,,,Intel,Mobile,intel-spec-dataset
Intel Core i3-1005G1 Processor,Products formerly Ice Lake,,Intel,,1.20 GHz,15.0,2,4,,,,,,,,Intel,Mobile,intel-spec-dataset
Intel Core i9-9900KS Processor,Products formerly Coffee Lake,,Intel,,4.00 GHz,127.0,8,16,,,,,,,,Intel,Desktop,intel-spec-dataset
Intel Core i9-9880H Processor,Products formerly Coffee Lake,,Intel,,2.30 GHz,45.0,8,16,,,,,,,,Intel,Mobile,intel-spec-dataset
Intel Core i9-9900 Processor,Products formerly Coffee Lake,,Intel,,3.10 GHz,65.0,8,16,,,,,,,,Intel,Desktop,intel-spec-dataset
Intel Core i9-9900T Processor,Products formerly Coffee Lake,,Intel,,2.10 GHz,35.0,8,16,,,,,,,,Intel,Desktop,intel-spec-dataset
Intel Core i9-9980HK Processor,Products formerly Coffee Lake,,Intel,,2.40 GHz,45.0,8,16,,,,,,,,Intel,Mobile,intel-spec-dataset
Intel Core i9-9900KF Processor,Products formerly Coffee Lake,,Intel,,3.60 GHz,95.0,8,16,,,,,,,,Intel,Desktop,intel-spec-dataset
Intel Core i9-9900K Processor,Products formerly Coffee Lake,,Intel,,3.60 GHz,95.0,8,16,,,,,,,,Intel,Desktop,intel-spec-dataset
Intel Core i7-9700E Processor,Products formerly Coffee Lake,,Intel,,2.60 GHz,65.0,8,8,,,,,,,,Intel,Embedded,intel-spec-dataset
Intel Core i7-9700TE Processor,Products formerly Coffee Lake,,Intel,,1.80 GHz,35.0,8,8,,,,,,,,Intel,Embedded,intel-spec-dataset
Intel Core i7-9850HE Processor,Products formerly Coffee Lake,,Intel,,2.70 GHz,45.0,6,12,,,,,,,,Intel,Embedded,intel-spec-dataset
Intel Core i7-9850HL Processor,Products formerly Coffee Lake,,Intel,,1.90 GHz,25.0,6,12,,,,,,,,Intel,Embedded,intel-spec-dataset
Intel Core i7-9700 Processor,Products formerly Coffee Lake,,Intel,,3.00 GHz,65.0,8,8,,,,,,,,Intel,Desktop,intel-spec-dataset
Intel Core i7-9700F Processor,Products formerly Coffee Lake,,Intel,,3.00 GHz,65.0,8,8,,,,,,,,Intel,Desktop,intel-spec-dataset
Intel Core i7-9700T Processor,Products formerly Coffee Lake,,Intel,,2.00 GHz,35.0,8,8,,,,,,,,Intel,Desktop,intel-spec-dataset
Intel Core i7-9750H Processor,Products formerly Coffee Lake,,Intel,,2.60 GHz,45.0,6,12,,,,,,,,Intel,Mobile,intel-spec-dataset
Intel Core i7-9750HF Processor,Products formerly Coffee Lake,,Intel,,2.60 GHz,45.0,6,12,,,,,,,,Intel,Mobile,intel-spec-dataset
Intel Core i7-9850H Processor,Products formerly Coffee Lake,,Intel,,2.60 GHz,45.0,6,12,,,,,,,,Intel,Mobile,intel-spec-dataset
Intel Core i7-9700KF Processor,Products formerly Coffee Lake,,Intel,,3.60 GHz,95.0,8,8,,,,,,,,Intel,Desktop,intel-spec-dataset
Intel Core i7-9700K Processor,Products formerly Coffee Lake,,Intel,,3.60 GHz,95.0,8,8,,,,,,,,Intel,Desktop,intel-spec-dataset
Intel Core i5-9500E Processor,Products formerly Coffee Lake,,Intel,,3.00 GHz,65.0,6,6,,,,,,,,Intel,Embedded,intel-spec-dataset
Intel Core i5-9300H Processor,Products formerly Coffee Lake,,Intel,,2.40 GHz,45.0,4,8,,,,,,,,Intel,Mobile,intel-spec-dataset
Intel Core i5-9400H Processor,Products formerly Coffee Lake,,Intel,,2.50 GHz,45.0,4,8,,,,,,,,Intel,Mobile,intel-spec-dataset
Intel Core i5-9400T Processor,Products formerly Coffee Lake,,Intel,,1.80 GHz,35.0,6,6,,,,,,,,Intel,Desktop,intel-spec-dataset
Intel Core i5-9500 Processor,Products formerly Coffee Lake,,Intel,,3.00 GHz,65.0,6,6,,,,,,,,Intel,Desktop,intel-spec-dataset
Intel Core i5-9500F Processor,Products formerly Coffee Lake,,Intel,,3.00 GHz,65.0,6,6,,,,,,,,Intel,Desktop,intel-spec-dataset
Intel Core i5-9500T Processor,Products formerly Coffee Lake,,Intel,,2.20 GHz,35.0,6,6,,,,,,,,Intel,Desktop,intel-spec-dataset
Intel Core i5-9600 Processor,Products formerly Coffee Lake,,Intel,,3.10 GHz,65.0,6,6,,,,,,,,Intel,Desktop,intel-spec-dataset
Intel Core i5-9600T Processor,Products formerly Coffee Lake,,Intel,,2.30 GHz,35.0,6,6,,,,,,,,Intel,Desktop,intel-spec-dataset
Intel Core i5-9300HF Processor,Products formerly Coffee Lake,,Intel,,2.40 GHz,45.0,4,8,,,,,,,,Intel,Mobile,intel-spec-dataset
Intel Core i5-9400 Processor,Products formerly Coffee Lake,,Intel,,2.90 GHz,65.0,6,6,,,,,,,,Intel,Desktop,intel-spec-dataset
Intel Core i5-9400F Processor,Products formerly Coffee Lake,,Intel,,2.90 GHz,65.0,6,6,,,,,,,,Intel,Desktop,intel-spec-dataset
Intel Core i5-9600KF Processor,Products formerly Coffee Lake,,Intel,,3.70 GHz,95.0,6,6,,,,,,,,Intel,Desktop,intel-spec-dataset
Intel Core i5-9600K Processor,Products formerly Coffee Lake,,Intel,,3.70 GHz,95.0,6,6,,,,,,,,Intel,Desktop,intel-spec-dataset
Intel Core i5-9500TE Processor,Products formerly Coffee Lake,,Intel,,2.20 GHz,35.0,6,6,,,,,,,,Intel,Embedded,intel-spec-dataset
Intel Core i3-9100E Processor,Products formerly Coffee Lake,,Intel,,3.10 GHz,65.0,4,4,,,,,,,,Intel,Embedded,intel-spec-dataset
Intel Core i3-9100HL Processor,Products formerly Coffee Lake,,Intel,,1.60 GHz,25.0,4,4,,,,,,,,Intel,Embedded,intel-spec-dataset
Intel Core i3-9100TE Processor,Products formerly Coffee Lake,,Intel,,2.20 GHz,35.0,4,4,,,,,,,,Intel,Embedded,intel-spec-dataset
Intel Core i3-9100 Processor,Products formerly Coffee Lake,,Intel,,3.60 GHz,65.0,4,4,,,,,,,,Intel,Desktop,intel-spec-dataset
Intel Core i3-9100F Processor,Products formerly Coffee Lake,,Intel,,3.60 GHz,65.0,4,4,,,,,,,,Intel,Desktop,intel-spec-dataset
Intel Core i3-9100T Processor,Products formerly Coffee Lake,,Intel,,3.10 GHz,35.0,4,4,,,,,,,,Intel,Desktop,intel-spec-dataset
Intel Core i3-9300 Processor,Products formerly Coffee Lake,,Intel,,3.70 GHz,62.0,4,4,,,,,,,,Intel,Desktop,intel-spec-dataset
Intel Core i3-9300T Processor,Products formerly Coffee Lake,,Intel,,3.20 GHz,35.0,4,4,,,,,,,,Intel,Desktop,intel-spec-dataset
Intel Core i3-9320 Processor,Products formerly Coffee Lake,,Intel,,3.70 GHz,62.0,4,4,,,,,,,,Intel,Desktop,intel-spec-dataset
Intel Core i3-9350K Processor,Products formerly Coffee Lake,,Intel,,4.00 GHz,91.0,4,4,,,,,,,,Intel,Desktop,intel-spec-dataset
Intel Core i3-9350KF Processor,Products formerly Coffee Lake,,Intel,,4.00 GHz,91.0,4,4,,,,,,,,Intel,Desktop,intel-spec-dataset
Intel Core i9-8950HK Processor,Products formerly Coffee Lake,,Intel,,2.90 GHz,45.0,6,12,,,,,,,,Intel,Mobile,intel-spec-dataset
Intel Core i7-8557U Processor,Products formerly Coffee Lake,,Intel,,1.70 GHz,15.0,4,8,,,,,,,,Intel,Mobile,intel-spec-dataset
Intel Core i7-8569U Processor,Products formerly Coffee Lake,,Intel,,2.80 GHz,28.0,4,8,,,,,,,,Intel,Mobile,intel-spec-dataset
Intel Core i7-8665U Processor,Products formerly Whiskey Lake,,Intel,,1.90 GHz,15.0,4,8,,,,,,,,Intel,Mobile,intel-spec-dataset
Intel Core i7-8665UE Processor,Products formerly Whiskey Lake,,Intel,,1.70 GHz,15.0,4,8,,,,,,,,Intel,Embedded,intel-spec-dataset
Intel Core i7-8500Y Processor,Products formerly Amber Lake Y,,Intel,,1.50 GHz,5.0,2,4,,,,,,,,Intel,Mobile,intel-spec-dataset
Intel Core i7-8565U Processor,Products formerly Whiskey Lake,,Intel,,1.80 GHz,15.0,4,8,,,,,,,,Intel,Mobile,intel-spec-dataset
Intel Core i7-8086K Processor,Products formerly Coffee Lake,,Intel,,4.00 GHz,95.0,6,12,,,,,,,,Intel,Desktop,intel-spec-dataset
Intel Core i7-8559U Processor,Products formerly Coffee Lake,,Intel,,2.70 GHz,28.0,4,8,,,,,,,,Intel,Mobile,intel-spec-dataset
"Intel Core i7+8700 Processor (12M Cache, up to 4.60 GHz) includes Intel Optane Memory",Products formerly Coffee Lake,,Intel,,3.20 GHz,65.0,6,12,,,,,,,,Intel,Desktop,intel-spec-dataset
Intel Core i7-8700B Processor,Products formerly Coffee Lake,,Intel,,3.20 GHz,65.0,6,12,,,,,,,,Intel,Mobile,intel-spec-dataset
Intel Core i7-8700T Processor,Products formerly Coffee Lake,,Intel,,2.40 GHz,35.0,6,12,,,,,,,,Intel,Desktop,intel-spec-dataset
Intel Core i7-8750H Processor,Products formerly Coffee Lake,,Intel,,2.20 GHz,45.0,6,12,,,,,,,,Intel,Mobile,intel-spec-dataset
Intel Core i7-8850H Processor,Products formerly Coffee Lake,,Intel,,2.60 GHz,45.0,6,12,,,,,,,,Intel,Mobile,intel-spec-dataset
Intel Core i7-8700 Processor,Products formerly Coffee Lake,,Intel,,3.20 GHz,65.0,6,12,,,,,,,,Intel,Desktop,intel-spec-dataset
Intel Core i7-8700K Processor,Products formerly Coffee Lake,,Intel,,3.70 GHz,95.0,6,12,,,,,,,,Intel,Desktop,intel-spec-dataset
Intel Core i7-8550U Processor,Products formerly Kaby Lake R,,Intel,,1.80 GHz,15.0,4,8,,,,,,,,Intel,Mobile,intel-spec-dataset
Intel Core i7-8650U Processor,Products formerly Kaby Lake R,,Intel,,1.90 GHz,15.0,4,8,,,,,,,,Intel,Mobile,intel-spec-dataset
Intel Core i5-8260U Processor,Products formerly Coffee Lake,,Intel,,1.60 GHz,15.0,4,8,,,,,,,,Intel,Mobile,intel-spec-dataset
Intel Core i5-8257U Processor,Products formerly Coffee Lake,,Intel,,1.40 GHz,15.0,4,8,,,,,,,,Intel,Mobile,intel-spec-dataset
Intel Core i5-8279U Processor,Products formerly Coffee Lake,,Intel,,2.40 GHz,28.0,4,8,,,,,,,,Intel,Mobile,intel-spec-dataset
Intel Core i5-8365U Processor,Products formerly Whiskey Lake,,Intel,,1.60 GHz,15.0,4,8,,,,,,,,Intel,Mobile,intel-spec-dataset
Intel Core i5-8310Y Processor,Products formerly Amber Lake Y,,Intel,,1.60 GHz,7.0,2,4,,,,,,,,Intel,Mobile,intel-spec-dataset
Intel Core i5-8365UE Processor,Products formerly Whiskey Lake,,Intel,,1.60 GHz,15.0,4,8,,,,,,,,Intel,Embedded,intel-spec-dataset
Intel Core i5-8210Y Processor,Products formerly Amber Lake Y,,Intel,,1.60 GHz,7.0,2,4,,,,,,,,Intel,Mobile,intel-spec-dataset
Intel Core i5-8200Y Processor,Products formerly Amber Lake Y,,Intel,,1.30 GHz,5.0,2,4,,,,,,,,Intel,Mobile,intel-spec-dataset
Intel Core i5-8265U Processor,Products formerly Whiskey Lake,,Intel,,1.60 GHz,15.0,4,8,,,,,,,,Intel,Mobile,intel-spec-dataset
Intel Core i5-8259U Processor,Products formerly Coffee Lake,,Intel,,2.30 GHz,28.0,4,8,,,,,,,,Intel,Mobile,intel-spec-dataset
Intel Core i5-8269U Processor,Products formerly Coffee Lake,,Intel,,2.60 GHz,28.0,4,8,,,,,,,,Intel,Mobile,intel-spec-dataset
Intel Core i5-8300H Processor,Products formerly Coffee Lake,,Intel,,2.30 GHz,45.0,4,8,,,,,,,,Intel,Mobile,intel-spec-dataset
"Intel Core i5+8400 Processor (9M Cache, up to 4.00 GHz) includes Intel Optane Memory",Products formerly Coffee Lake,,Intel,,2.80 GHz,65.0,6,6,,,,,,,,Intel,Desktop,intel-spec-dataset
Intel Core i5-8400B Processor,Products formerly Coffee Lake,,Intel,,2.80 GHz,65.0,6,6,,,,,,,,Intel,Mobile,intel-spec-dataset
Intel Core i5-8400H Processor,Products formerly Coffee Lake,,Intel,,2.50 GHz,45.0,4,8,,,,,,,,Intel,Mobile,intel-spec-dataset
Intel Core i5-8400T Processor,Products formerly Coffee Lake,,Intel,,1.70 GHz,35.0,6,6,,,,,,,,Intel,Desktop,intel-spec-dataset
Intel Core i5-8500 Processor,Products formerly Coffee Lake,,Intel,,3.00 GHz,65.0,6,6,,,,,,,,Intel,Desktop,intel-spec-dataset
"Intel Core i5+8500 Processor (9M Cache, up to 4.10 GHz) includes Intel Optane Memory",Products formerly Coffee Lake,,Intel,,3.00 GHz,65.0,6,6,,,,,,,,Intel,Desktop,intel-spec-dataset
Intel Core i5-8500B Processor,Products formerly Coffee Lake,,Intel,,3.00 GHz,65.0,6,6,,,,,,,,Intel,Mobile,intel-spec-dataset
Intel Core i5-8500T Processor,Products formerly Coffee Lake,,Intel,,2.10 GHz,35.0,6,6,,,,,,,,Intel,Desktop,intel-spec-dataset
Intel Core i5-8600 Processor,Products formerly Coffee Lake,,Intel,,3.10 GHz,65.0,6,6,,,,,,,,Intel,Desktop,intel-spec-dataset
Intel Core i5-8600T Processor,Products formerly Coffee Lake,,Intel,,2.30 GHz,35.0,6,6,,,,,,,,Intel,Desktop,intel-spec-dataset
Intel Core i5-8400 Processor,Products formerly Coffee Lake,,Intel,,2.80 GHz,65.0,6,6,,,,,,,,Intel,Desktop,intel-spec-dataset
Intel Core i5-8600K Processor,Products formerly Coffee Lake,,Intel,,3.60 GHz,95.0,6,6,,,,,,,,Intel,Desktop,intel-spec-dataset
Intel Core i5-8250U Processor,Products formerly Kaby Lake R,,Intel,,1.60 GHz,15.0,4,8,,,,,,,,Intel,Mobile,intel-spec-dataset
Intel Core i5-8350U Processor,Products formerly Kaby Lake R,,Intel,,1.70 GHz,15.0,4,8,,,,,,,,Intel,Mobile,intel-spec-dataset
Intel Core i3-8140U Processor,Products formerly Coffee Lake,,Intel,,2.10 GHz,15.0,2,4,,,,,,,,Intel,Mobile,intel-spec-dataset
Intel Core i3-8145UE Processor,Products formerly Whiskey Lake,,Intel,,2.20 GHz,15.0,2,4,,,,,,,,Intel,Embedded,intel-spec-dataset
Intel Core i3-8100B Processor,Products formerly Coffee Lake,,Intel,,3.60 GHz,65.0,4,4,,,,,,,,Intel,Mobile,intel-spec-dataset
Intel Core i3-8145U Processor,Products formerly Whiskey Lake,,Intel,,2.10 GHz,15.0,2,4,,,,,,,,Intel,Mobile,intel-spec-dataset
Intel Core i3-8100T Processor,Products formerly Coffee Lake,,Intel,,3.10 GHz,35.0,4,4,,,,,,,,Intel,Desktop,intel-spec-dataset
Intel Core i3-8109U Processor,Products formerly Coffee Lake,,Intel,,3.00 GHz,28.0,2,4,,,,,,,,Intel,Mobile,intel-spec-dataset
Intel Core i3-8300 Processor,Products formerly Coffee Lake,,Intel,,3.70 GHz,62.0,4,4,,,,,,,,Intel,Desktop,intel-spec-dataset
Intel Core i3-8300T Processor,Products formerly Coffee Lake,,Intel,,3.20 GHz,35.0,4,4,,,,,,,,Intel,Desktop,intel-spec-dataset
Intel Core i3-8130U Processor,Products formerly Kaby Lake R,,Intel,,2.20 GHz,15.0,2,4,,,,,,,,Intel,Mobile,intel-spec-dataset
Intel Core i3-8100H Processor,Products formerly Coffee Lake,,Intel,,3.00 GHz,45.0,4,4,,,,,,,,Intel,Mobile,intel-spec-dataset
Intel Core i3-8100 Processor,Products formerly Coffee Lake,,Intel,,3.60 GHz,65.0,4,4,,,,,,,,Intel,Desktop,intel-spec-dataset
Intel Core i3-8350K Processor,Products formerly Coffee Lake,,Intel,,4.00 GHz,91.0,4,4,,,,,,,,Intel,Desktop,intel-spec-dataset
Intel Core m3-8100Y Processor,Products formerly Amber Lake Y,,Intel,,1.10 GHz,5.0,2,4,,,,,,,,Intel,Mobile,intel-spec-dataset
Intel Core i7-7560U Processor,Products formerly Kaby Lake,,Intel,,2.40 GHz,15.0,2,4,,,,,,,,Intel,Mobile,intel-spec-dataset
Intel Core i7-7567U Processor,Products formerly Kaby Lake,,Intel,,3.50 GHz,28.0,2,4,,,,,,,,Intel,Mobile,intel-spec-dataset
Intel Core i7-7660U Processor,Products formerly Kaby Lake,,Intel,,2.50 GHz,15.0,2,4,,,,,,,,Intel,Mobile,intel-spec-dataset
Intel Core i7-7700 Processor,Products formerly Kaby Lake,,Intel,,3.60 GHz,65.0,4,8,,,,,,,,Intel,Desktop,intel-spec-dataset
Intel Core i7-7700HQ Processor,Products formerly Kaby Lake,,Intel,,2.80 GHz,45.0,4,8,,,,,,,,Intel,Mobile,intel-spec-dataset
Intel Core i7-7700K Processor,Products formerly Kaby Lake,,Intel,,4.20 GHz,91.0,4,8,,,,,,,,Intel,Desktop,intel-spec-dataset
Intel Core i7-7700T Processor,Products formerly Kaby Lake,,Intel,,2.90 GHz,35.0,4,8,,,,,,,,Intel,Desktop,intel-spec-dataset
Intel Core i7-7820EQ Processor,Products formerly Kaby Lake,,Intel,,3.00 GHz,45.0,4,8,,,,,,,,Intel,Embedded,intel-spec-dataset
Intel Core i7-7820HQ Processor,Products formerly Kaby Lake,,Intel,,2.90 GHz,45.0,4,8,,,,,,,,Intel,Mobile,intel-spec-dataset
Intel Core i7-7920HQ Processor,Products formerly Kaby Lake,,Intel,,3.10 GHz,45.0,4,8,,,,,,,,Intel,Mobile,intel-spec-dataset
Intel Core i7-7600U Processor,Products formerly Kaby Lake,,Intel,,2.80 GHz,15.0,2,4,,,,,,,,Intel,Mobile,intel-spec-dataset
Intel Core i7-7500U Processor,Products formerly Kaby Lake,,Intel,,2.70 GHz,15.0,2,4,,,,,,,,Intel,Mobile,intel-spec-dataset
Intel Core i7-7Y75 Processor,Products formerly Kaby Lake,,Intel,,1.30 GHz,4.5,2,4,,,,,,,,Intel,Mobile,intel-spec-dataset
Intel Core i5-7260U Processor,Products formerly Kaby Lake,,Intel,,2.20 GHz,15.0,2,4,,,,,,,,Intel,Mobile,intel-spec-dataset
Intel Core i5-7267U Processor,Products formerly Kaby Lake,,Intel,,3.10 GHz,28.0,2,4,,,,,,,,Intel,Mobile,intel-spec-dataset
Intel Core i5-7287U Processor,Products formerly Kaby Lake,,Intel,,3.30 GHz,28.0,2,4,,,,,,,,Intel,Mobile,intel-spec-dataset
Intel Core i5-7300HQ Processor,Products formerly Kaby Lake,,Intel,,2.50 GHz,45.0,4,4,,,,,,,,Intel,Mobile,intel-spec-dataset
Intel Core i5-7300U Processor,Products formerly Kaby Lake,,Intel,,2.60 GHz,15.0,2,4,,,,,,,,Intel,Mobile,intel-spec-dataset
Intel Core i5-7360U Processor,Products formerly Kaby Lake,,Intel,,2.30 GHz,15.0,2,4,,,,,,,,Intel,Mobile,intel-spec-dataset
Intel Core i5-7400 Processor,Products formerly Kaby Lake,,Intel,,3.00 GHz,65.0,4,4,,,,,,,,Intel,Desktop,intel-spec-dataset
Intel Core i5-7400T Processor,Products formerly Kaby Lake,,Intel,,2.40 GHz,35.0,4,4,,,,,,,,Intel,Desktop,intel-spec-dataset
Intel Core i5-7440EQ Processor,Products formerly Kaby Lake,,Intel,,2.90 GHz,45.0,4,4,,,,,,,,Intel,Embedded,intel-spec-dataset
Intel Core i5-7440HQ Processor,Products formerly Kaby Lake,,Intel,,2.80 GHz,45.0,4,4,,,,,,,,Intel,Mobile,intel-spec-dataset
Intel Core i5-7442EQ Processor,Products formerly Kaby Lake,,Intel,,2.10 GHz,25.0,4,4,,,,,,,,Intel,Embedded,intel-spec-dataset
Intel Core i5-7500 Processor,Products formerly Kaby Lake,,Intel,,3.40 GHz,65.0,4,4,,,,,,,,Intel,Desktop,intel-spec-dataset
Intel Core i5-7500T Processor,Products formerly Kaby Lake,,Intel,,2.70 GHz,35.0,4,4,,,,,,,,Intel,Desktop,intel-spec-dataset
Intel Core i5-7600 Processor,Products formerly Kaby Lake,,Intel,,3.50 GHz,65.0,4,4,,,,,,,,Intel,Desktop,intel-spec-dataset
Intel Core i5-7600K Processor,Products formerly Kaby Lake,,Intel,,3.80 GHz,91.0,4,4,,,,,,,,Intel,Desktop,intel-spec-dataset
Intel Core i5-7600T Processor,Products formerly Kaby Lake,,Intel,,2.80 GHz,35.0,4,4,,,,,,,,Intel,Desktop,intel-spec-dataset
Intel Core i5-7Y57 Processor,Products formerly Kaby Lake,,Intel,,1.20 GHz,4.5,2,4,,,,,,,,Intel,Mobile,intel-spec-dataset
Intel Core i5-7200U Processor,Products formerly Kaby Lake,,Intel,,2.50 GHz,15.0,2,4,,,,,,,,Intel,Mobile,intel-spec-dataset
Intel Core i5-7Y54 Processor,Products formerly Kaby Lake,,Intel,,1.20 GHz,4.5,2,4,,,,,,,,Intel,Mobile,intel-spec-dataset
Intel Core i3-7020U Processor,Products formerly Kaby Lake,,Intel,,2.30 GHz,15.0,2,4,,,,,,,,Intel,Mobile,intel-spec-dataset
Intel Core i3-7130U Processor,Products formerly Kaby Lake,,Intel,,2.70 GHz,15.0,2,4,,,,,,,,Intel,Mobile,intel-spec-dataset
Intel Core i3-7100 Processor,Products formerly Kaby Lake,,Intel,,3.90 GHz,51.0,2,4,,,,,,,,Intel,Desktop,intel-spec-dataset
Intel Core i3-7100E Processor,Products formerly Kaby Lake,,Intel,,2.90 GHz,35.0,2,4,,,,,,,,Intel,Embedded,intel-spec-dataset
Intel Core i3-7100H Processor,Products formerly Kaby Lake,,Intel,,3.00 GHz,35.0,2,4,,,,,,,,Intel,Mobile,intel-spec-dataset
Intel Core i3-7100T Processor,Products formerly Kaby Lake,,Intel,,3.40 GHz,35.0,2,4,,,,,,,,Intel,Desktop,intel-spec-dataset
Intel Core i3-7101E Processor,Products formerly Kaby Lake,,Intel,,3.90 GHz,54.0,2,4,,,,,,,,Intel,Desktop,intel-spec-dataset
Intel Core i3-7101TE Processor,Products formerly Kaby Lake,,Intel,,3.40 GHz,35.0,2,4,,,,,,,,Intel,Desktop,intel-spec-dataset
Intel Core i3-7102E Processor,Products formerly Kaby Lake,,Intel,,2.10 GHz,25.0,2,4,,,,,,,,Intel,Embedded,intel-spec-dataset
Intel Core i3-7167U Processor,Products formerly Kaby Lake,,Intel,,2.80 GHz,28.0,2,4,,,,,,,,Intel,Mobile,intel-spec-dataset
Intel Core i3-7300 Processor,Products formerly Kaby Lake,,Intel,,4.00 GHz,51.0,2,4,,,,,,,,Intel,Desktop,intel-spec-dataset
Intel Core i3-7300T Processor,Products formerly Kaby Lake,,Intel,,3.50 GHz,35.0,2,4,,,,,,,,Intel,Desktop,intel-spec-dataset
Intel Core i3-7320 Processor,Products formerly Kaby Lake,,Intel,,4.10 GHz,51.0,2,4,,,,,,,,Intel,Desktop,intel-spec-dataset
Intel Core i3-7350K Processor,Products formerly Kaby Lake,,Intel,,4.20 GHz,60.0,2,4,,,,,,,,Intel,Desktop,intel-spec-dataset
Intel Core i3-7100U Processor,Products formerly Kaby Lake,,Intel,,2.40 GHz,15.0,2,4,,,,,,,,Intel,Mobile,intel-spec-dataset
Intel Core m3-7Y32 Processor,Products formerly Kaby Lake,,Intel,,1.10 GHz,4.5,2,4,,,,,,,,Intel,Mobile,intel-spec-dataset
Intel Core m3-7Y30 Processor,Products formerly Kaby Lake,,Intel,,1.00 GHz,4.5,2,4,,,,,,,,Intel,Mobile,intel-spec-dataset
Intel Core i7-6785R Processor,Products formerly Skylake,,Intel,,3.30 GHz,65.0,4,8,,,,,,,,Intel,Desktop,intel-spec-dataset
Intel Core i7-6660U Processor,Products formerly Skylake,,Intel,,2.40 GHz,15.0,2,4,,,,,,,,Intel,Mobile,intel-spec-dataset
Intel Core i7-6770HQ Processor,Products formerly Skylake,,Intel,,2.60 GHz,45.0,4,8,,,,,,,,Intel,Mobile,intel-spec-dataset
Intel Core i7-6870HQ Processor,Products formerly Skylake,,Intel,,2.70 GHz,45.0,4,8,,,,,,,,Intel,Mobile,intel-spec-dataset
Intel Core i7-6970HQ Processor,Products formerly Skylake,,Intel,,2.80 GHz,45.0,4,8,,,,,,,,Intel,Mobile,intel-spec-dataset
Intel Core i7-6700TE Processor,Products formerly Skylake,,Intel,,2.40 GHz,35.0,4,8,,,,,,,,Intel,Embedded,intel-spec-dataset
Intel Core i7-6820EQ Processor,Products formerly Skylake,,Intel,,2.80 GHz,45.0,4,8,,,,,,,,Intel,Embedded,intel-spec-dataset
Intel Core i7-6822EQ Processor,Products formerly Skylake,,Intel,,2.00 GHz,25.0,4,8,,,,,,,,Intel,Embedded,intel-spec-dataset
Intel Core i7-6500U Processor,Products formerly Skylake,,Intel,,2.50 GHz,15.0,2,4,,,,,,,,Intel,Mobile,intel-spec-dataset
Intel Core i7-6560U Processor,Products formerly Skylake,,Intel,,2.20 GHz,15.0,2,4,,,,,,,,Intel,Mobile,intel-spec-dataset
Intel Core i7-6600U Processor,Products formerly Skylake,,Intel,,2.60 GHz,15.0,2,4,,,,,,,,Intel,Mobile,intel-spec-dataset
Intel Core i7-6650U Processor,Products formerly Skylake,,Intel,,2.20 GHz,15.0,2,4,,,,,,,,Intel,Mobile,intel-spec-dataset
Intel Core i7-6700 Processor,Products formerly Skylake,,Intel,,3.40 GHz,65.0,4,8,,,,,,,,Intel,Desktop,intel-spec-dataset
Intel Core i7-6700HQ Processor,Products formerly Skylake,,Intel,,2.60 GHz,45.0,4,8,,,,,,,,Intel,Mobile,intel-spec-dataset
Intel Core i7-6700T Processor,Products formerly Skylake,,Intel,,2.80 GHz,35.0,4,8,,,,,,,,Intel,Desktop,intel-spec-dataset
Intel Core i7-6820HK Processor,Products formerly Skylake,,Intel,,2.70 GHz,45.0,4,8,,,,,,,,Intel,Mobile,intel-spec-dataset
Intel Core i7-6820HQ Processor,Products formerly Skylake,,Intel,,2.70 GHz,45.0,4,8,,,,,,,,Intel,Mobile,intel-spec-dataset
Intel Core i7-6920HQ Processor,Products formerly Skylake,,Intel,,2.90 GHz,45.0,4,8,,,,,,,,Intel,Mobile,intel-spec-dataset
Intel Core i7-6700K Processor,Products formerly Skylake,,Intel,,4.00 GHz,91.0,4,8,,,,,,,,Intel,Desktop,intel-spec-dataset
Intel Core i7-6567U Processor,Products formerly Skylake,,Intel,,3.30 GHz,28.0,2,4,,,,,,,,Intel,Mobile,intel-spec-dataset
Intel Core i5-6585R Processor,Products formerly Skylake,,Intel,,2.80 GHz,65.0,4,4,,,,,,,,Intel,Desktop,intel-spec-dataset
Intel Core i5-6685R Processor,Products formerly Skylake,,Intel,,3.20 GHz,65.0,4,4,,,,,,,,Intel,Desktop,intel-spec-dataset
Intel Core i5-6350HQ Processor,Products formerly Skylake,,Intel,,2.30 GHz,45.0,4,4,,,,,,,,Intel,Mobile,intel-spec-dataset
Intel Core i5-6402P Processor,Products formerly Skylake,,Intel,,2.80 GHz,65.0,4,4,,,,,,,,Intel,Desktop,intel-spec-dataset
Intel Core i5-6440EQ Processor,Products formerly Skylake,,Intel,,2.70 GHz,45.0,4,4,,,,,,,,Intel,Embedded,intel-spec-dataset
Intel Core i5-6442EQ Processor,Products formerly Skylake,,Intel,,1.90 GHz,25.0,4,4,,,,,,,,Intel,Embedded,intel-spec-dataset
Intel Core i5-6500TE Processor,Products formerly Skylake,,Intel,,2.30 GHz,35.0,4,4,,,,,,,,Intel,Embedded,intel-spec-dataset
Intel Core i5-6200U Processor,Products formerly Skylake,,Intel,,2.30 GHz,15.0,2,4,,,,,,,,Intel,Mobile,intel-spec-dataset
Intel Core i5-6260U Processor,Products formerly Skylake,,Intel,,1.80 GHz,15.0,2,4,,,,,,,,Intel,Mobile,intel-spec-dataset
Intel Core i5-6267U Processor,Products formerly Skylake,,Intel,,2.90 GHz,28.0,2,4,,,,,,,,Intel,Mobile,intel-spec-dataset
Intel Core i5-6287U Processor,Products formerly Skylake,,Intel,,3.10 GHz,28.0,2,4,,,,,,,,Intel,Mobile,intel-spec-dataset
Intel Core i5-6300HQ Processor,Products formerly Skylake,,Intel,,2.30 GHz,45.0,4,4,,,,,,,,Intel,Mobile,intel-spec-dataset
Intel Core i5-6300U Processor,Products formerly Skylake,,Intel,,2.40 GHz,15.0,2,4,,,,,,,,Intel,Mobile,intel-spec-dataset
Intel Core i5-6360U Processor,Products formerly Skylake,,Intel,,2.00 GHz,15.0,2,4,,,,,,,,Intel,Mobile,intel-spec-dataset
Intel Core i5-6400 Processor,Products formerly Skylake,,Intel,,2.70 GHz,65.0,4,4,,,,,,,,Intel,Desktop,intel-spec-dataset
Intel Core i5-6400T Processor,Products formerly Skylake,,Intel,,2.20 GHz,35.0,4,4,,,,,,,,Intel,Desktop,intel-spec-dataset
Intel Core i5-6440HQ Processor,Products formerly Skylake,,Intel,,2.60 GHz,45.0,4,4,,,,,,,,Intel,Mobile,intel-spec-dataset
Intel Core i5-6500 Processor,Products formerly Skylake,,Intel,,3.20 GHz,65.0,4,4,,,,,,,,Intel,Desktop,intel-spec-dataset
Intel Core i5-6500T Processor,Products formerly Skylake,,Intel,,2.50 GHz,35.0,4,4,,,,,,,,Intel,Desktop,intel-spec-dataset
Intel Core i5-6600 Processor,Products formerly Skylake,,Intel,,3.30 GHz,65.0,4,4,,,,,,,,Intel,Desktop,intel-spec-dataset
Intel Core i5-6600T Processor,Products formerly Skylake,,Intel,,2.70 GHz,35.0,4,4,,,,,,,,Intel,Desktop,intel-spec-dataset
Intel Core i5-6600K Processor,Products formerly Skylake,,Intel,,3.50 GHz,91.0,4,4,,,,,,,,Intel,Desktop,intel-spec-dataset
Intel Core i3-6006U Processor,Products formerly Skylake,,Intel,,2.00 GHz,15.0,2,4,,,,,,,,Intel,Mobile,intel-spec-dataset
Intel Core i3-6157U Processor,Products formerly Skylake,,Intel,,2.40 GHz,28.0,2,4,,,,,,,,Intel,Mobile,intel-spec-dataset
Intel Core i3-6098P Processor,Products formerly Skylake,,Intel,,3.60 GHz,54.0,2,4,,,,,,,,Intel,Desktop,intel-spec-dataset
Intel Core i3-6100E Processor,Products formerly Skylake,,Intel,,2.70 GHz,35.0,2,4,,,,,,,,Intel,Embedded,intel-spec-dataset
Intel Core i3-6100TE Processor,Products formerly Skylake,,Intel,,2.70 GHz,35.0,2,4,,,,,,,,Intel,Embedded,intel-spec-dataset
Intel Core i3-6102E Processor,Products formerly Skylake,,Intel,,1.90 GHz,25.0,2,4,,,,,,,,Intel,Embedded,intel-spec-dataset
Intel Core i3-6100 Processor,Products formerly Skylake,,Intel,,3.70 GHz,51.0,2,4,,,,,,,,Intel,Desktop,intel-spec-dataset
Intel Core i3-6100H Processor,Products formerly Skylake,,Intel,,2.70 GHz,35.0,2,4,,,,,,,,Intel,Mobile,intel-spec-dataset
Intel Core i3-6100T Processor,Products formerly Skylake,,Intel,,3.20 GHz,35.0,2,4,,,,,,,,Intel,Desktop,intel-spec-dataset
Intel Core i3-6100U Processor,Products formerly Skylake,,Intel,,2.30 GHz,15.0,2,4,,,,,,,,Intel,Mobile,intel-spec-dataset
Intel Core i3-6167U Processor,Products formerly Skylake,,Intel,,2.70 GHz,28.0,2,4,,,,,,,,Intel,Mobile,intel-spec-dataset
Intel Core i3-6300 Processor,Products formerly Skylake,,Intel,,3.80 GHz,51.0,2,4,,,,,,,,Intel,Desktop,intel-spec-dataset
Intel Core i3-6300T Processor,Products formerly Skylake,,Intel,,3.30 GHz,35.0,2,4,,,,,,,,Intel,Desktop,intel-spec-dataset
Intel Core i3-6320 Processor,Products formerly Skylake,,Intel,,3.90 GHz,51.0,2,4,,,,,,,,Intel,Desktop,intel-spec-dataset
Intel Core m3-6Y30 Processor,Products formerly Skylake,,Intel,,900 MHz,4.5,2,4,,,,,,,,Intel,Mobile,intel-spec-dataset
Intel Core m5-6Y54 Processor,Products formerly Skylake,,Intel,,1.10 GHz,4.5,2,4,,,,,,,,Intel,Mobile,intel-spec-dataset
Intel Core m5-6Y57 Processor,Products formerly Skylake,,Intel,,1.10 GHz,4.5,2,4,,,,,,,,Intel,Mobile,intel-spec-dataset
Intel Core m7-6Y75 Processor,Products formerly Skylake,,Intel,,1.20 GHz,4.5,2,4,,,,,,,,Intel,Mobile,intel-spec-dataset
Intel Core i7-5700EQ Processor,Products formerly Broadwell,,Intel,,2.60 GHz,47.0,4,8,,,,,,,,Intel,Embedded,intel-spec-dataset
Intel Core i7-5700HQ Processor,Products formerly Broadwell,,Intel,,2.70 GHz,47.0,4,8,,,,,,,,Intel,Mobile,intel-spec-dataset
Intel Core i7-5750HQ Processor,Products formerly Broadwell,,Intel,,2.50 GHz,47.0,4,8,,,,,,,,Intel,Mobile,intel-spec-dataset
Intel Core i7-5775C Processor,Products formerly Broadwell,,Intel,,3.30 GHz,65.0,4,8,,,,,,,,Intel,Desktop,intel-spec-dataset
Intel Core i7-5775R Processor,Products formerly Broadwell,,Intel,,3.30 GHz,65.0,4,8,,,,,,,,Intel,Desktop,intel-spec-dataset
Intel Core i7-5850EQ Processor,Products formerly Broadwell,,Intel,,2.70 GHz,47.0,4,8,,,,,,,,Intel,Embedded,intel-spec-dataset
Intel Core i7-5850HQ Processor,Products formerly Broadwell,,Intel,,2.70 GHz,47.0,4,8,,,,,,,,Intel,Mobile,intel-spec-dataset
Intel Core i7-5950HQ Processor,Products formerly Broadwell,,Intel,,2.90 GHz,47.0,4,8,,,,,,,,Intel,Mobile,intel-spec-dataset
Intel Core i7-5500U Processor,Products formerly Broadwell,,Intel,,2.40 GHz,15.0,2,4,,,,,,,,Intel,Mobile,intel-spec-dataset
Intel Core i7-5550U Processor,Products formerly Broadwell,,Intel,,2.00 GHz,15.0,2,4,,,,,,,,Intel,Mobile,intel-spec-dataset
Intel Core i7-5557U Processor,Products formerly Broadwell,,Intel,,3.10 GHz,28.0,2,4,,,,,,,,Intel,Mobile,intel-spec-dataset
Intel Core i7-5600U Processor,Products formerly Broadwell,,Intel,,2.60 GHz,15.0,2,4,,,,,,,,Intel,Mobile,intel-spec-dataset
Intel Core i7-5650U Processor,Products formerly Broadwell,,Intel,,2.20 GHz,15.0,2,4,,,,,,,,Intel,Mobile,intel-spec-dataset
Intel Core i5-5350H Processor,Products formerly Broadwell,,Intel,,3.10 GHz,47.0,2,4,,,,,,,,Intel,Mobile,intel-spec-dataset
Intel Core i5-5575R Processor,Products formerly Broadwell,,Intel,,2.80 GHz,65.0,4,,,,,,,,,Intel,Desktop,intel-spec-dataset
Intel Core i5-5675C Processor,Products formerly Broadwell,,Intel,,3.10 GHz,65.0,4,,,,,,,,,Intel,Desktop,intel-spec-dataset
Intel Core i5-5675R Processor,Products formerly Broadwell,,Intel,,3.10 GHz,65.0,4,,,,,,,,,Intel,Desktop,intel-spec-dataset
Intel Core i5-5200U Processor,Products formerly Broadwell,,Intel,,2.20 GHz,15.0,2,4,,,,,,,,Intel,Mobile,intel-spec-dataset
Intel Core i5-5250U Processor,Products formerly Broadwell,,Intel,,1.60 GHz,15.0,2,4,,,,,,,,Intel,Mobile,intel-spec-dataset
Intel Core i5-5257U Processor,Products formerly Broadwell,,Intel,,2.70 GHz,28.0,2,4,,,,,,,,Intel,Mobile,intel-spec-dataset
Intel Core i5-5287U Processor,Products formerly Broadwell,,Intel,,2.90 GHz,28.0,2,4,,,,,,,,Intel,Mobile,intel-spec-dataset
Intel Core i5-5300U Processor,Products formerly Broadwell,,Intel,,2.30 GHz,15.0,2,4,,,,,,,,Intel,Mobile,intel-spec-dataset
Intel Core i5-5350U Processor,Products formerly Broadwell,,Intel,,1.80 GHz,15.0,2,4,,,,,,,,Intel,Mobile,intel-spec-dataset
Intel Core i3-5015U Processor,Products formerly Broadwell,,Intel,,2.10 GHz,15.0,2,4,,,,,,,,Intel,Mobile,intel-spec-dataset
Intel Core i3-5020U Processor,Products formerly Broadwell,,Intel,,2.20 GHz,15.0,2,4,,,,,,,,Intel,Mobile,intel-spec-dataset
Intel Core i3-5005U Processor,Products formerly Broadwell,,Intel,,2.00 GHz,15.0,2,4,,,,,,,,Intel,Mobile,intel-spec-dataset
Intel Core i3-5010U Processor,Products formerly Broadwell,,Intel,,2.10 GHz,15.0,2,4,,,,,,,,Intel,Mobile,intel-spec-dataset
Intel Core i3-5157U Processor,Products formerly Broadwell,,Intel,,2.50 GHz,28.0,2,4,,,,,,,,Intel,Mobile,intel-spec-dataset
Intel Core M-5Y10c Processor,Products formerly Broadwell,,Intel,,800 MHz,4.5,2,4,,,,,,,,Intel,Mobile,intel-spec-dataset
Intel Core M-5Y31 Processor,Products formerly Broadwell,,Intel,,900 MHz,4.5,2,4,,,,,,,,Intel,Mobile,intel-spec-dataset
Intel Core M-5Y51 Processor,Products formerly Broadwell,,Intel,,1.10 GHz,4.5,2,4,,,,,,,,Intel,Mobile,intel-spec-dataset
Intel Core M-5Y71 Processor,Products formerly Broadwell,,Intel,,1.20 GHz,4.5,2,4,,,,,,,,Intel,Mobile,intel-spec-dataset
Intel Core M-5Y10 Processor,Products formerly Broadwell,,Intel,,800 MHz,4.5,2,4,,,,,,,,Intel,Mobile,intel-spec-dataset
Intel Core M-5Y10a Processor,Products formerly Broadwell,,Intel,,800 MHz,4.5,2,4,,,,,,,,Intel,Mobile,intel-spec-dataset
Intel Core M-5Y70 Processor,Products formerly Broadwell,,Intel,,1.10 GHz,4.5,2,4,,,,,,,,Intel,Mobile,intel-spec-dataset
Intel Core i7-4720HQ Processor,Products formerly Haswell,,Intel,,2.60 GHz,47.0,4,8,,,,,,,,Intel,Mobile,intel-spec-dataset
Intel Core i7-4722HQ Processor,Products formerly Haswell,,Intel,,2.40 GHz,37.0,4,8,,,,,,,,Intel,Mobile,intel-spec-dataset
Intel Core i7-4578U Processor,Products formerly Haswell,,Intel,,3.00 GHz,28.0,2,4,,,,,,,,Intel,Mobile,intel-spec-dataset
Intel Core i7-4770HQ Processor,Products formerly Crystal Well,,Intel,,2.20 GHz,47.0,4,8,,,,,,,,Intel,Mobile,intel-spec-dataset
Intel Core i7-4870HQ Processor,Products formerly Crystal Well,,Intel,,2.50 GHz,47.0,4,8,,,,,,,,Intel,Mobile,intel-spec-dataset
Intel Core i7-4980HQ Processor,Products formerly Crystal Well,,Intel,,2.80 GHz,47.0,4,8,,,,,,,,Intel,Mobile,intel-spec-dataset
Intel Core i7-4790K Processor,Products formerly Devil's Canyon,,Intel,,4.00 GHz,88.0,4,8,,,,,,,,Intel,Desktop,intel-spec-dataset
Intel Core i7-4785T Processor,Products formerly Haswell,,Intel,,2.20 GHz,35.0,4,8,,,,,,,,Intel,Desktop,intel-spec-dataset
Intel Core i7-4790 Processor,Products formerly Haswell,,Intel,,3.60 GHz,84.0,4,8,,,,,,,,Intel,Desktop,intel-spec-dataset
Intel Core i7-4790S Processor,Products formerly Haswell,,Intel,,3.20 GHz,65.0,4,8,,,,,,,,Intel,Desktop,intel-spec-dataset
Intel Core i7-4790T Processor,Products formerly Haswell,,Intel,,2.70 GHz,45.0,4,8,,,,,,,,Intel,Desktop,intel-spec-dataset
Intel Core i7-4510U Processor,Products formerly Haswell,,Intel,,2.00 GHz,15.0,2,4,,,,,,,,Intel,Mobile,intel-spec-dataset
Intel Core i7-4710HQ Processor,Products formerly Haswell,,Intel,,2.50 GHz,47.0,4,8,,,,,,,,Intel,Mobile,intel-spec-dataset
Intel Core i7-4710MQ Processor,Products formerly Haswell,,Intel,,2.50 GHz,47.0,4,8,,,,,,,,Intel,Mobile,intel-spec-dataset
Intel Core i7-4712HQ Processor,Products formerly Haswell,,Intel,,2.30 GHz,37.0,4,8,,,,,,,,Intel,Mobile,intel-spec-dataset
Intel Core i7-4712MQ Processor,Products formerly Haswell,,Intel,,2.30 GHz,37.0,4,8,,,,,,,,Intel,Mobile,intel-spec-dataset
Intel Core i7-4760HQ Processor,Products formerly Crystal Well,,Intel,,2.10 GHz,47.0,4,8,,,,,,,,Intel,Mobile,intel-spec-dataset
Intel Core i7-4700EC Processor,Products formerly Haswell,,Intel,,2.70 GHz,43.0,4,8,,,,,,,,Intel,Embedded,intel-spec-dataset
Intel Core i7-4702EC Processor,Products formerly Haswell,,Intel,,2.00 GHz,27.0,4,8,,,,,,,,Intel,Embedded,intel-spec-dataset
Intel Core i7-4610M Processor,Products formerly Haswell,,Intel,,3.00 GHz,37.0,2,4,,,,,,,,Intel,Mobile,intel-spec-dataset
Intel Core i7-4810MQ Processor,Products formerly Haswell,,Intel,,2.80 GHz,47.0,4,8,,,,,,,,Intel,Mobile,intel-spec-dataset
Intel Core i7-4860HQ Processor,Products formerly Crystal Well,,Intel,,2.40 GHz,47.0,4,8,,,,,,,,Intel,Mobile,intel-spec-dataset
Intel Core i7-4910MQ Processor,Products formerly Haswell,,Intel,,2.90 GHz,47.0,4,8,,,,,,,,Intel,Mobile,intel-spec-dataset
Intel Core i7-4600M Processor,Products formerly Haswell,,Intel,,2.90 GHz,37.0,2,4,,,,,,,,Intel,Mobile,intel-spec-dataset
Intel Core i7-4600U Processor,Products formerly Haswell,,Intel,,2.10 GHz,15.0,2,4,,,,,,,,Intel,Mobile,intel-spec-dataset
Intel Core i7-4610Y Processor,Products formerly Haswell,,Intel,,1.70 GHz,11.5,2,4,,,,,,,,Intel,Mobile,intel-spec-dataset
Intel Core i7-4771 Processor,Products formerly Haswell,,Intel,,3.50 GHz,84.0,4,8,,,,,,,,Intel,Desktop,intel-spec-dataset
Intel Core i7-4960HQ Processor,Products formerly Crystal Well,,Intel,,2.60 GHz,47.0,4,8,,,,,,,,Intel,Mobile,intel-spec-dataset
Intel Core i7-4750HQ Processor,Products formerly Crystal Well,,Intel,,2.00 GHz,47.0,4,8,,,,,,,,Intel,Mobile,intel-spec-dataset
Intel Core i7-4850HQ Processor,Products formerly Crystal Well,,Intel,,2.30 GHz,47.0,4,8,,,,,,,,Intel,Mobile,intel-spec-dataset
Intel Core i7-4950HQ Processor,Products formerly Crystal Well,,Intel,,2.40 GHz,47.0,4,8,,,,,,,,Intel,Mobile,intel-spec-dataset
Intel Core i7-4500U Processor,Products formerly Haswell,,Intel,,1.80 GHz,15.0,2,4,,,,,,,,Intel,Mobile,intel-spec-dataset
Intel Core i7-4550U Processor,Products formerly Haswell,,Intel,,1.50 GHz,15.0,2,4,,,,,,,,Intel,Mobile,intel-spec-dataset
Intel Core i7-4558U Processor,Products formerly Haswell,,Intel,,2.80 GHz,28.0,2,4,,,,,,,,Intel,Mobile,intel-spec-dataset
Intel Core i7-4650U Processor,Products formerly Haswell,,Intel,,1.70 GHz,15.0,2,4,,,,,,,,Intel,Mobile,intel-spec-dataset
Intel Core i7-4770R Processor,Products formerly Crystal Well,,Intel,,3.20 GHz,65.0,4,8,,,,,,,,Intel,Desktop,intel-spec-dataset
Intel Core i7-4700EQ Processor,Products formerly Haswell,,Intel,,2.40 GHz,47.0,4,8,,,,,,,,Intel,Embedded,intel-spec-dataset
Intel Core i7-4700HQ Processor,Products formerly Haswell,,Intel,,2.40 GHz,47.0,4,8,,,,,,,,Intel,Mobile,intel-spec-dataset
Intel Core i7-4700MQ Processor,Products formerly Haswell,,Intel,,2.40 GHz,47.0,4,8,,,,,,,,Intel,Mobile,intel-spec-dataset
Intel Core i7-4702HQ Processor,Products formerly Haswell,,Intel,,2.20 GHz,37.0,4,8,,,,,,,,Intel,Mobile,intel-spec-dataset
Intel Core i7-4702MQ Processor,Products formerly Haswell,,Intel,,2.20 GHz,37.0,4,8,,,,,,,,Intel,Mobile,intel-spec-dataset
Intel Core i7-4765T Processor,Products formerly Haswell,,Intel,,2.00 GHz,35.0,4,8,,,,,,,,Intel,Desktop,intel-spec-dataset
Intel Core i7-4770 Processor,Products formerly Haswell,,Intel,,3.40 GHz,84.0,4,8,,,,,,,,Intel,Desktop,intel-spec-dataset
Intel Core i7-4770K Processor,Products formerly Haswell,,Intel,,3.50 GHz,84.0,4,8,,,,,,,,Intel,Desktop,intel-spec-dataset
Intel Core i7-4770S Processor,Products formerly Haswell,,Intel,,3.10 GHz,65.0,4,8,,,,,,,,Intel,Desktop,intel-spec-dataset
Intel Core i7-4770T Processor,Products formerly Haswell,,Intel,,2.50 GHz,45.0,4,8,,,,,,,,Intel,Desktop,intel-spec-dataset
Intel Core i7-4770TE Processor,Products formerly Haswell,,Intel,,2.30 GHz,45.0,4,8,,,,,,,,Intel,Embedded,intel-spec-dataset
Intel Core i7-4800MQ Processor,Products formerly Haswell,,Intel,,2.70 GHz,47.0,4,8,,,,,,,,Intel,Mobile,intel-spec-dataset
Intel Core i7-4900MQ Processor,Products formerly Haswell,,Intel,,2.80 GHz,47.0,4,8,,,,,,,,Intel,Mobile,intel-spec-dataset
Intel Core i5-4210H Processor,Products formerly Haswell,,Intel,,2.90 GHz,47.0,2,4,,,,,,,,Intel,Mobile,intel-spec-dataset
Intel Core i5-4278U Processor,Products formerly Haswell,,Intel,,2.60 GHz,28.0,2,4,,,,,,,,Intel,Mobile,intel-spec-dataset
Intel Core i5-4308U Processor,Products formerly Haswell,,Intel,,2.80 GHz,28.0,2,4,,,,,,,,Intel,Mobile,intel-spec-dataset
Intel Core i5-4690K Processor,Products formerly Devil's Canyon,,Intel,,3.50 GHz,88.0,4,4,,,,,,,,Intel,Desktop,intel-spec-dataset
Intel Core i5-4460 Processor,Products formerly Haswell,,Intel,,3.20 GHz,84.0,4,4,,,,,,,,Intel,Desktop,intel-spec-dataset
Intel Core i5-4460S Processor,Products formerly Haswell,,Intel,,2.90 GHz,65.0,4,4,,,,,,,,Intel,Desktop,intel-spec-dataset
Intel Core i5-4460T Processor,Products formerly Haswell,,Intel,,1.90 GHz,35.0,4,4,,,,,,,,Intel,Desktop,intel-spec-dataset
Intel Core i5-4590 Processor,Products formerly Haswell,,Intel,,3.30 GHz,84.0,4,4,,,,,,,,Intel,Desktop,intel-spec-dataset
Intel Core i5-4590S Processor,Products formerly Haswell,,Intel,,3.00 GHz,65.0,4,4,,,,,,,,Intel,Desktop,intel-spec-dataset
Intel Core i5-4590T Processor,Products formerly Haswell,,Intel,,2.00 GHz,35.0,4,4,,,,,,,,Intel,Desktop,intel-spec-dataset
Intel Core i5-4690 Processor,Products formerly Haswell,,Intel,,3.50 GHz,84.0,4,4,,,,,,,,Intel,Desktop,intel-spec-dataset
Intel Core i5-4690S Processor,Products formerly Haswell,,Intel,,3.20 GHz,65.0,4,4,,,,,,,,Intel,Desktop,intel-spec-dataset
Intel Core i5-4690T Processor,Products formerly Haswell,,Intel,,2.50 GHz,45.0,4,4,,,,,,,,Intel,Desktop,intel-spec-dataset
Intel Core i5-4210M Processor,Products formerly Haswell,,Intel,,2.60 GHz,37.0,2,4,,,,,,,,Intel,Mobile,intel-spec-dataset
Intel Core i5-4210U Processor,Products formerly Haswell,,Intel,,1.70 GHz,15.0,2,4,,,,,,,,Intel,Mobile,intel-spec-dataset
Intel Core i5-4220Y Processor,Products formerly Haswell,,Intel,,1.60 GHz,11.5,2,4,,,,,,,,Intel,Mobile,intel-spec-dataset
Intel Core i5-4260U Processor,Products formerly Haswell,,Intel,,1.40 GHz,15.0,2,4,,,,,,,,Intel,Mobile,intel-spec-dataset
Intel Core i5-4410E Processor,Products formerly Haswell,,Intel,,2.90 GHz,37.0,2,4,,,,,,,,Intel,Embedded,intel-spec-dataset
Intel Core i5-4422E Processor,Products formerly Haswell,,Intel,,1.80 GHz,25.0,2,4,,,,,,,,Intel,Embedded,intel-spec-dataset
Intel Core i5-4402EC Processor,Products formerly Haswell,,Intel,,2.50 GHz,27.0,2,4,,,,,,,,Intel,Embedded,intel-spec-dataset
Intel Core i5-4310M Processor,Products formerly Haswell,,Intel,,2.70 GHz,37.0,2,4,,,,,,,,Intel,Mobile,intel-spec-dataset
Intel Core i5-4310U Processor,Products formerly Haswell,,Intel,,2.00 GHz,15.0,2,4,,,,,,,,Intel,Mobile,intel-spec-dataset
Intel Core i5-4340M Processor,Products formerly Haswell,,Intel,,2.90 GHz,37.0,2,4,,,,,,,,Intel,Mobile,intel-spec-dataset
Intel Core i5-4360U Processor,Products formerly Haswell,,Intel,,1.50 GHz,15.0,2,4,,,,,,,,Intel,Mobile,intel-spec-dataset
Intel Core i5-4200H Processor,Products formerly Haswell,,Intel,,2.80 GHz,47.0,2,4,,,,,,,,Intel,Mobile,intel-spec-dataset
Intel Core i5-4200M Processor,Products formerly Haswell,,Intel,,2.50 GHz,37.0,2,4,,,,,,,,Intel,Mobile,intel-spec-dataset
Intel Core i5-4202Y Processor,Products formerly Haswell,,Intel,,1.60 GHz,11.5,2,4,,,,,,,,Intel,Mobile,intel-spec-dataset
Intel Core i5-4210Y Processor,Products formerly Haswell,,Intel,,1.50 GHz,11.5,2,4,,,,,,,,Intel,Mobile,intel-spec-dataset
Intel Core i5-4300M Processor,Products formerly Haswell,,Intel,,2.60 GHz,37.0,2,4,,,,,,,,Intel,Mobile,intel-spec-dataset
Intel Core i5-4300U Processor,Products formerly Haswell,,Intel,,1.90 GHz,15.0,2,4,,,,,,,,Intel,Mobile,intel-spec-dataset
Intel Core i5-4300Y Processor,Products formerly Haswell,,Intel,,1.60 GHz,11.5,2,4,,,,,,,,Intel,Mobile,intel-spec-dataset
Intel Core i5-4302Y Processor,Products formerly Haswell,,Intel,,1.60 GHz,11.5,2,4,,,,,,,,Intel,Mobile,intel-spec-dataset
Intel Core i5-4330M Processor,Products formerly Haswell,,Intel,,2.80 GHz,37.0,2,4,,,,,,,,Intel,Mobile,intel-spec-dataset
Intel Core i5-4400E Processor,Products formerly Haswell,,Intel,,2.70 GHz,37.0,2,4,,,,,,,,Intel,Embedded,intel-spec-dataset
Intel Core i5-4402E Processor,Products formerly Haswell,,Intel,,1.60 GHz,25.0,2,4,,,,,,,,Intel,Embedded,intel-spec-dataset
Intel Core i5-4440 Processor,Products formerly Haswell,,Intel,,3.10 GHz,84.0,4,4,,,,,,,,Intel,Desktop,intel-spec-dataset
Intel Core i5-4440S Processor,Products formerly Haswell,,Intel,,2.80 GHz,65.0,4,4,,,,,,,,Intel,Desktop,intel-spec-dataset
Intel Core i5-4200U Processor,Products formerly Haswell,,Intel,,1.60 GHz,15.0,2,4,,,,,,,,Intel,Mobile,intel-spec-dataset
Intel Core i5-4200Y Processor,Products formerly Haswell,,Intel,,1.40 GHz,11.5,2,4,,,,,,,,Intel,Mobile,intel-spec-dataset
Intel Core i5-4250U Processor,Products formerly Haswell,,Intel,,1.30 GHz,15.0,2,4,,,,,,,,Intel,Mobile,intel-spec-dataset
Intel Core i5-4258U Processor,Products formerly Haswell,,Intel,,2.40 GHz,28.0,2,4,,,,,,,,Intel,Mobile,intel-spec-dataset
Intel Core i5-4288U Processor,Products formerly Haswell,,Intel,,2.60 GHz,28.0,2,4,,,,,,,,Intel,Mobile,intel-spec-dataset
Intel Core i5-4350U Processor,Products formerly Haswell,,Intel,,1.40 GHz,15.0,2,4,,,,,,,,Intel,Mobile,intel-spec-dataset
Intel Core i5-4570R Processor,Products formerly Crystal Well,,Intel,,2.70 GHz,65.0,4,4,,,,,,,,Intel,Desktop,intel-spec-dataset
Intel Core i5-4670R Processor,Products formerly Crystal Well,,Intel,,3.00 GHz,65.0,4,4,,,,,,,,Intel,Desktop,intel-spec-dataset
Intel Core i5-4430 Processor,Products formerly Haswell,,Intel,,3.00 GHz,84.0,4,4,,,,,,,,Intel,Desktop,intel-spec-dataset
Intel Core i5-4430S Processor,Products formerly Haswell,,Intel,,2.70 GHz,65.0,4,4,,,,,,,,Intel,Desktop,intel-spec-dataset
Intel Core i5-4570 Processor,Products formerly Haswell,,Intel,,3.20 GHz,84.0,4,4,,,,,,,,Intel,Desktop,intel-spec-dataset
Intel Core i5-4570S Processor,Products formerly Haswell,,Intel,,2.90 GHz,65.0,4,4,,,,,,,,Intel,Desktop,intel-spec-dataset
Intel Core i5-4570T Processor,Products formerly Haswell,,Intel,,2.90 GHz,35.0,2,4,,,,,,,,Intel,Desktop,intel-spec-dataset
Intel Core i5-4570TE Processor,Products formerly Haswell,,Intel,,2.70 GHz,35.0,2,4,,,,,,,,Intel,Embedded,intel-spec-dataset
Intel Core i5-4670 Processor,Products formerly Haswell,,Intel,,3.40 GHz,84.0,4,4,,,,,,,,Intel,Desktop,intel-spec-dataset
Intel Core i5-4670K Processor,Products formerly Haswell,,Intel,,3.40 GHz,84.0,4,4,,,,,,,,Intel,Desktop,intel-spec-dataset
Intel Core i5-4670S Processor,Products formerly Haswell,,Intel,,3.10 GHz,65.0,4,4,,,,,,,,Intel,Desktop,intel-spec-dataset
Intel Core i5-4670T Processor,Products formerly Haswell,,Intel,,2.30 GHz,45.0,4,4,,,,,,,,Intel,Desktop,intel-spec-dataset
Intel Core i3-4170 Processor,Products formerly Haswell,,Intel,,3.70 GHz,54.0,2,4,,,,,,,,Intel,Desktop,intel-spec-dataset
Intel Core i3-4170T Processor,Products formerly Haswell,,Intel,,3.20 GHz,35.0,2,4,,,,,,,,Intel,Desktop,intel-spec-dataset
Intel Core i3-4370T Processor,Products formerly Haswell,,Intel,,3.30 GHz,35.0,2,4,,,,,,,,Intel,Desktop,intel-spec-dataset
Intel Core i3-4160 Processor,Products formerly Haswell,,Intel,,3.60 GHz,54.0,2,4,,,,,,,,Intel,Desktop,intel-spec-dataset
Intel Core i3-4160T Processor,Products formerly Haswell,,Intel,,3.10 GHz,35.0,2,4,,,,,,,,Intel,Desktop,intel-spec-dataset
Intel Core i3-4360T Processor,Products formerly Haswell,,Intel,,3.20 GHz,35.0,2,4,,,,,,,,Intel,Desktop,intel-spec-dataset
Intel Core i3-4370 Processor,Products formerly Haswell,,Intel,,3.80 GHz,54.0,2,4,,,,,,,,Intel,Desktop,intel-spec-dataset
Intel Core i3-4150 Processor,Products formerly Haswell,,Intel,,3.50 GHz,54.0,2,4,,,,,,,,Intel,Desktop,intel-spec-dataset
Intel Core i3-4150T Processor,Products formerly Haswell,,Intel,,3.00 GHz,35.0,2,4,,,,,,,,Intel,Desktop,intel-spec-dataset
Intel Core i3-4340TE Processor,Products formerly Haswell,,Intel,,2.60 GHz,35.0,2,4,,,,,,,,Intel,Embedded,intel-spec-dataset
Intel Core i3-4350 Processor,Products formerly Haswell,,Intel,,3.60 GHz,54.0,2,4,,,,,,,,Intel,Desktop,intel-spec-dataset
Intel Core i3-4350T Processor,Products formerly Haswell,,Intel,,3.10 GHz,35.0,2,4,,,,,,,,Intel,Desktop,intel-spec-dataset
Intel Core i3-4360 Processor,Products formerly Haswell,,Intel,,3.70 GHz,54.0,2,4,,,,,,,,Intel,Desktop,intel-spec-dataset
Intel Core i3-4025U Processor,Products formerly Haswell,,Intel,,1.90 GHz,15.0,2,4,,,,,,,,Intel,Mobile,intel-spec-dataset
Intel Core i3-4030U Processor,Products formerly Haswell,,Intel,,1.90 GHz,15.0,2,4,,,,,,,,Intel,Mobile,intel-spec-dataset
Intel Core i3-4030Y Processor,Products formerly Haswell,,Intel,,1.60 GHz,11.5,2,4,,,,,,,,Intel,Mobile,intel-spec-dataset
Intel Core i3-4110E Processor,Products formerly Haswell,,Intel,,2.60 GHz,37.0,2,4,,,,,,,,Intel,Embedded,intel-spec-dataset
Intel Core i3-4110M Processor,Products formerly Haswell,,Intel,,2.60 GHz,37.0,2,4,,,,,,,,Intel,Mobile,intel-spec-dataset
Intel Core i3-4112E Processor,Products formerly Haswell,,Intel,,1.80 GHz,25.0,2,4,,,,,,,,Intel,Embedded,intel-spec-dataset
Intel Core i3-4120U Processor,Products formerly Haswell,,Intel,,2.00 GHz,15.0,2,4,,,,,,,,Intel,Mobile,intel-spec-dataset
Intel Core i3-4000M Processor,Products formerly Haswell,,Intel,,2.40 GHz,37.0,2,4,,,,,,,,Intel,Mobile,intel-spec-dataset
Intel Core i3-4005U Processor,Products formerly Haswell,,Intel,,1.70 GHz,15.0,2,4,,,,,,,,Intel,Mobile,intel-spec-dataset
Intel Core i3-4012Y Processor,Products formerly Haswell,,Intel,,1.50 GHz,11.5,2,4,,,,,,,,Intel,Mobile,intel-spec-dataset
Intel Core i3-4020Y Processor,Products formerly Haswell,,Intel,,1.50 GHz,11.5,2,4,,,,,,,,Intel,Mobile,intel-spec-dataset
Intel Core i3-4100E Processor,Products formerly Haswell,,Intel,,2.40 GHz,37.0,2,4,,,,,,,,Intel,Embedded,intel-spec-dataset
Intel Core i3-4100M Processor,Products formerly Haswell,,Intel,,2.50 GHz,37.0,2,4,,,,,,,,Intel,Mobile,intel-spec-dataset
Intel Core i3-4102E Processor,Products formerly Haswell,,Intel,,1.60 GHz,25.0,2,4,,,,,,,,Intel,Embedded,intel-spec-dataset
Intel Core i3-4130 Processor,Products formerly Haswell,,Intel,,3.40 GHz,54.0,2,4,,,,,,,,Intel,Desktop,intel-spec-dataset
Intel Core i3-4130T Processor,Products formerly Haswell,,Intel,,2.90 GHz,35.0,2,4,,,,,,,,Intel,Desktop,intel-spec-dataset
Intel Core i3-4330 Processor,Products formerly Haswell,,Intel,,3.50 GHz,54.0,2,4,,,,,,,,Intel,Desktop,intel-spec-dataset
Intel Core i3-4330T Processor,Products formerly Haswell,,Intel,,3.00 GHz,35.0,2,4,,,,,,,,Intel,Desktop,intel-spec-dataset
Intel Core i3-4330TE Processor,Products formerly Haswell,,Intel,,2.40 GHz,35.0,2,4,,,,,,,,Intel,Embedded,intel-spec-dataset
Intel Core i3-4340 Processor,Products formerly Haswell,,Intel,,3.60 GHz,54.0,2,4,,,,,,,,Intel,Desktop,intel-spec-dataset
Intel Core i3-4010U Processor,Products formerly Haswell,,Intel,,1.70 GHz,15.0,2,4,,,,,,,,Intel,Mobile,intel-spec-dataset
Intel Core i3-4010Y Processor,Products formerly Haswell,,Intel,,1.30 GHz,11.5,2,4,,,,,,,,Intel,Mobile,intel-spec-dataset
Intel Core i3-4100U Processor,Products formerly Haswell,,Intel,,1.80 GHz,15.0,2,4,,,,,,,,Intel,Mobile,intel-spec-dataset
Intel Core i3-4158U Processor,Products formerly Haswell,,Intel,,2.00 GHz,28.0,2,4,,,,,,,,Intel,Mobile,intel-spec-dataset
Intel Core i3-3115C Processor,Products formerly Gladden,,Intel,,2.50 GHz,25.0,2,4,,,,,,,,Intel,Embedded,intel-spec-dataset
Intel Core i5-3340 Processor,Products formerly Ivy Bridge,,Intel,,3.10 GHz,77.0,4,4,,,,,,,,Intel,Desktop,intel-spec-dataset
Intel Core i5-3340S Processor,Products formerly Ivy Bridge,,Intel,,2.80 GHz,65.0,4,4,,,,,,,,Intel,Desktop,intel-spec-dataset
Intel Core i3-3245 Processor,Products formerly Ivy Bridge,,Intel,,3.40 GHz,55.0,2,4,,,,,,,,Intel,Desktop,intel-spec-dataset
Intel Core i3-3250 Processor,Products formerly Ivy Bridge,,Intel,,3.50 GHz,55.0,2,4,,,,,,,,Intel,Desktop,intel-spec-dataset
Intel Core i3-3250T Processor,Products formerly Ivy Bridge,,Intel,,3.00 GHz,35.0,2,4,,,,,,,,Intel,Desktop,intel-spec-dataset
Intel Core i3-3130M Processor,Products formerly Ivy Bridge,,Intel,,2.60 GHz,35.0,2,4,,,,,,,,Intel,Mobile,intel-spec-dataset
Intel Core i3-3210 Processor,Products formerly Ivy Bridge,,Intel,,3.20 GHz,55.0,2,4,,,,,,,,Intel,Desktop,intel-spec-dataset
Intel Core i3-3227U Processor,Products formerly Ivy Bridge,,Intel,,1.90 GHz,17.0,2,4,,,,,,,,Intel,Mobile,intel-spec-dataset
Intel Core i5-3230M Processor,Products formerly Ivy Bridge,,Intel,,2.60 GHz,35.0,2,4,,,,,,,,Intel,Mobile,intel-spec-dataset
Intel Core i5-3337U Processor,Products formerly Ivy Bridge,,Intel,,1.80 GHz,17.0,2,4,,,,,,,,Intel,Mobile,intel-spec-dataset
Intel Core i5-3340M Processor,Products formerly Ivy Bridge,,Intel,,2.70 GHz,35.0,2,4,,,,,,,,Intel,Mobile,intel-spec-dataset
Intel Core i5-3380M Processor,Products formerly Ivy Bridge,,Intel,,2.90 GHz,35.0,2,4,,,,,,,,Intel,Mobile,intel-spec-dataset
Intel Core i5-3437U Processor,Products formerly Ivy Bridge,,Intel,,1.90 GHz,17.0,2,4,,,,,,,,Intel,Mobile,intel-spec-dataset
Intel Core i7-3537U Processor,Products formerly Ivy Bridge,,Intel,,2.00 GHz,17.0,2,4,,,,,,,,Intel,Mobile,intel-spec-dataset
Intel Core i7-3540M Processor,Products formerly Ivy Bridge,,Intel,,3.00 GHz,35.0,2,4,,,,,,,,Intel,Mobile,intel-spec-dataset
Intel Core i7-3687U Processor,Products formerly Ivy Bridge,,Intel,,2.10 GHz,17.0,2,4,,,,,,,,Intel,Mobile,intel-spec-dataset
Intel Core i3-3229Y Processor,Products formerly Ivy Bridge,,Intel,,1.40 GHz,13.0,2,4,,,,,,,,Intel,Mobile,intel-spec-dataset
Intel Core i5-3339Y Processor,Products formerly Ivy Bridge,,Intel,,1.50 GHz,13.0,2,4,,,,,,,,Intel,Mobile,intel-spec-dataset
Intel Core i5-3439Y Processor,Products formerly Ivy Bridge,,Intel,,1.50 GHz,13.0,2,4,,,,,,,,Intel,Mobile,intel-spec-dataset
Intel Core i7-3689Y Processor,Products formerly Ivy Bridge,,Intel,,1.50 GHz,13.0,2,4,,,,,,,,Intel,Mobile,intel-spec-dataset
Intel Core i3-2348M Processor,Products formerly Sandy Bridge,,Intel,,2.30 GHz,35.0,2,4,,,,,,,,Intel,Mobile,intel-spec-dataset
Intel Core i3-2375M Processor,Products formerly Sandy Bridge,,Intel,,1.50 GHz,17.0,2,4,,,,,,,,Intel,Mobile,intel-spec-dataset
Intel Core i3-3120M Processor,Products formerly Ivy Bridge,,Intel,,2.50 GHz,35.0,2,4,,,,,,,,Intel,Mobile,intel-spec-dataset
Intel Core i7-3630QM Processor,Products formerly Ivy Bridge,,Intel,,2.40 GHz,45.0,4,8,,,,,,,,Intel,Mobile,intel-spec-dataset
Intel Core i7-3632QM Processor,Products formerly Ivy Bridge,,Intel,,2.20 GHz,35.0,4,8,,,,,,,,Intel,Mobile,intel-spec-dataset
Intel Core i7-3635QM Processor,Products formerly Ivy Bridge,,Intel,,2.40 GHz,45.0,4,8,,,,,,,,Intel,Mobile,intel-spec-dataset
Intel Core i7-3740QM Processor,Products formerly Ivy Bridge,,Intel,,2.70 GHz,45.0,4,8,,,,,,,,Intel,Mobile,intel-spec-dataset
Intel Core i7-3840QM Processor,Products formerly Ivy Bridge,,Intel,,2.80 GHz,45.0,4,8,,,,,,,,Intel,Mobile,intel-spec-dataset
Intel Core i3-3220 Processor,Products formerly Ivy Bridge,,Intel,,3.30 GHz,55.0,2,4,,,,,,,,Intel,Desktop,intel-spec-dataset
Intel Core i3-3220T Processor,Products formerly Ivy Bridge,,Intel,,2.80 GHz,35.0,2,4,,,,,,,,Intel,Desktop,intel-spec-dataset
Intel Core i3-3225 Processor,Products formerly Ivy Bridge,,Intel,,3.30 GHz,55.0,2,4,,,,,,,,Intel,Desktop,intel-spec-dataset
Intel Core i3-3240 Processor,Products formerly Ivy Bridge,,Intel,,3.40 GHz,55.0,2,4,,,,,,,,Intel,Desktop,intel-spec-dataset
Intel Core i3-3240T Processor,Products formerly Ivy Bridge,,Intel,,2.90 GHz,35.0,2,4,,,,,,,,Intel,Desktop,intel-spec-dataset
Intel Core i5-3330 Processor,Products formerly Ivy Bridge,,Intel,,3.00 GHz,77.0,4,4,,,,,,,,Intel,Desktop,intel-spec-dataset
Intel Core i5-3330S Processor,Products formerly Ivy Bridge,,Intel,,2.70 GHz,65.0,4,4,,,,,,,,Intel,Desktop,intel-spec-dataset
Intel Core i5-3350P Processor,Products formerly Ivy Bridge,,Intel,,3.10 GHz,69.0,4,4,,,,,,,,Intel,Desktop,intel-spec-dataset
Intel Core i3-2328M Processor,Products formerly Sandy Bridge,,Intel,,2.20 GHz,35.0,2,4,,,,,,,,Intel,Mobile,intel-spec-dataset
Intel Core i3-2365M Processor,Products formerly Sandy Bridge,,Intel,,1.40 GHz,17.0,2,4,,,,,,,,Intel,Mobile,intel-spec-dataset
Intel Core i3-3120ME Processor,Products formerly Ivy Bridge,,Intel,,2.40 GHz,35.0,2,4,,,,,,,,Intel,Embedded,intel-spec-dataset
Intel Core i3-3217UE Processor,Products formerly Ivy Bridge,,Intel,,1.60 GHz,17.0,2,4,,,,,,,,Intel,Embedded,intel-spec-dataset
Intel Core i3-2377M Processor,Products formerly Sandy Bridge,,Intel,,1.50 GHz,17.0,2,4,,,,,,,,Intel,Mobile,intel-spec-dataset
Intel Core i3-3110M Processor,Products formerly Ivy Bridge,,Intel,,2.40 GHz,35.0,2,4,,,,,,,,Intel,Mobile,intel-spec-dataset
Intel Core i3-3217U Processor,Products formerly Ivy Bridge,,Intel,,1.80 GHz,17.0,2,4,,,,,,,,Intel,Mobile,intel-spec-dataset
Intel Core i5-3610ME Processor,Products formerly Ivy Bridge,,Intel,,2.70 GHz,35.0,2,4,,,,,,,,Intel,Embedded,intel-spec-dataset
Intel Core i7-3517UE Processor,Products formerly Ivy Bridge,,Intel,,1.70 GHz,17.0,2,4,,,,,,,,Intel,Embedded,intel-spec-dataset
Intel Core i7-3555LE Processor,Products formerly Ivy Bridge,,Intel,,2.50 GHz,25.0,2,4,,,,,,,,Intel,Embedded,intel-spec-dataset
Intel Core i5-3210M Processor,Products formerly Ivy Bridge,,Intel,,2.50 GHz,35.0,2,4,,,,,,,,Intel,Mobile,intel-spec-dataset
Intel Core i5-3317U Processor,Products formerly Ivy Bridge,,Intel,,1.70 GHz,17.0,2,4,,,,,,,,Intel,Mobile,intel-spec-dataset
Intel Core i5-3320M Processor,Products formerly Ivy Bridge,,Intel,,2.60 GHz,35.0,2,4,,,,,,,,Intel,Mobile,intel-spec-dataset
Intel Core i5-3360M Processor,Products formerly Ivy Bridge,,Intel,,2.80 GHz,35.0,2,4,,,,,,,,Intel,Mobile,intel-spec-dataset
Intel Core i5-3427U Processor,Products formerly Ivy Bridge,,Intel,,1.80 GHz,17.0,2,4,,,,,,,,Intel,Mobile,intel-spec-dataset
Intel Core i5-3470 Processor,Products formerly Ivy Bridge,,Intel,,3.20 GHz,77.0,4,4,,,,,,,,Intel,Desktop,intel-spec-dataset
Intel Core i5-3470S Processor,Products formerly Ivy Bridge,,Intel,,2.90 GHz,65.0,4,4,,,,,,,,Intel,Desktop,intel-spec-dataset
Intel Core i5-3470T Processor,Products formerly Ivy Bridge,,Intel,,2.90 GHz,35.0,2,4,,,,,,,,Intel,Desktop,intel-spec-dataset
Intel Core i5-3475S Processor,Products formerly Ivy Bridge,,Intel,,2.90 GHz,65.0,4,4,,,,,,,,Intel,Desktop,intel-spec-dataset
Intel Core i5-3570 Processor,Products formerly Ivy Bridge,,Intel,,3.40 GHz,77.0,4,4,,,,,,,,Intel,Desktop,intel-spec-dataset
Intel Core i5-3570S Processor,Products formerly Ivy Bridge,,Intel,,3.10 GHz,65.0,4,4,,,,,,,,Intel,Desktop,intel-spec-dataset
Intel Core i7-3517U Processor,Products formerly Ivy Bridge,,Intel,,1.90 GHz,17.0,2,4,,,,,,,,Intel,Mobile,intel-spec-dataset
Intel Core i7-3520M Processor,Products formerly Ivy Bridge,,Intel,,2.90 GHz,35.0,2,4,,,,,,,,Intel,Mobile,intel-spec-dataset
Intel Core i7-3667U Processor,Products formerly Ivy Bridge,,Intel,,2.00 GHz,17.0,2,4,,,,,,,,Intel,Mobile,intel-spec-dataset
Intel Core i3-2115C Processor,Products formerly Gladden,,Intel,,2.00 GHz,25.0,2,4,,,,,,,,Intel,Embedded,intel-spec-dataset
Intel Core i5-3450 Processor,Products formerly Ivy Bridge,,Intel,,3.10 GHz,77.0,4,4,,,,,,,,Intel,Desktop,intel-spec-dataset
Intel Core i5-3450S Processor,Products formerly Ivy Bridge,,Intel,,2.80 GHz,65.0,4,4,,,,,,,,Intel,Desktop,intel-spec-dataset
Intel Core i5-3550 Processor,Products formerly Ivy Bridge,,Intel,,3.30 GHz,77.0,4,4,,,,,,,,Intel,Desktop,intel-spec-dataset
Intel Core i5-3550S Processor,Products formerly Ivy Bridge,,Intel,,3.00 GHz,65.0,4,4,,,,,,,,Intel,Desktop,intel-spec-dataset
Intel Core i5-3570K Processor,Products formerly Ivy Bridge,,Intel,,3.40 GHz,77.0,4,4,,,,,,,,Intel,Desktop,intel-spec-dataset
Intel Core i5-3570T Processor,Products formerly Ivy Bridge,,Intel,,2.30 GHz,45.0,4,4,,,,,,,,Intel,Desktop,intel-spec-dataset
Intel Core i7-3610QE Processor,Products formerly Ivy Bridge,,Intel,,2.30 GHz,45.0,4,8,,,,,,,,Intel,Embedded,intel-spec-dataset
Intel Core i7-3610QM Processor,Products formerly Ivy Bridge,,Intel,,2.30 GHz,45.0,4,8,,,,,,,,Intel,Mobile,intel-spec-dataset
Intel Core i7-3612QE Processor,Products formerly Ivy Bridge,,Intel,,2.10 GHz,35.0,4,8,,,,,,,,Intel,Embedded,intel-spec-dataset
Intel Core i7-3612QM Processor,Products formerly Ivy Bridge,,Intel,,2.10 GHz,35.0,4,8,,,,,,,,Intel,Mobile,intel-spec-dataset
Intel Core i7-3615QE Processor,Products formerly Ivy Bridge,,Intel,,2.30 GHz,45.0,4,8,,,,,,,,Intel,Embedded,intel-spec-dataset
Intel Core i7-3615QM Processor,Products formerly Ivy Bridge,,Intel,,2.30 GHz,45.0,4,8,,,,,,,,Intel,Mobile,intel-spec-dataset
Intel Core i7-3720QM Processor,Products formerly Ivy Bridge,,Intel,,2.60 GHz,45.0,4,8,,,,,,,,Intel,Mobile,intel-spec-dataset
Intel Core i7-3770 Processor,Products formerly Ivy Bridge,,Intel,,3.40 GHz,77.0,4,8,,,,,,,,Intel,Desktop,intel-spec-dataset
Intel Core i7-3770K Processor,Products formerly Ivy Bridge,,Intel,,3.50 GHz,77.0,4,8,,,,,,,,Intel,Desktop,intel-spec-dataset
Intel Core i7-3770S Processor,Products formerly Ivy Bridge,,Intel,,3.10 GHz,65.0,4,8,,,,,,,,Intel,Desktop,intel-spec-dataset
Intel Core i7-3770T Processor,Products formerly Ivy Bridge,,Intel,,2.50 GHz,45.0,4,8,,,,,,,,Intel,Desktop,intel-spec-dataset
Intel Core i7-3820QM Processor,Products formerly Ivy Bridge,,Intel,,2.70 GHz,45.0,4,8,,,,,,,,Intel,Mobile,intel-spec-dataset
Intel Core i5-2380P Processor,Products formerly Sandy Bridge,,Intel,,3.10 GHz,95.0,4,4,,,,,,,,Intel,Desktop,intel-spec-dataset
Intel Core i5-2450P Processor,Products formerly Sandy Bridge,,Intel,,3.20 GHz,95.0,4,4,,,,,,,,Intel,Desktop,intel-spec-dataset
Intel Core i5-2550K Processor,Products formerly Sandy Bridge,,Intel,,3.40 GHz,95.0,4,4,,,,,,,,Intel,Desktop,intel-spec-dataset
Intel Core i3-2370M Processor,Products formerly Sandy Bridge,,Intel,,2.40 GHz,35.0,2,4,,,,,,,,Intel,Mobile,intel-spec-dataset
Intel Core i5-2450M Processor,Products formerly Sandy Bridge,,Intel,,2.50 GHz,35.0,2,4,,,,,,,,Intel,Mobile,intel-spec-dataset
Intel Core i7-2700K Processor,Products formerly Sandy Bridge,,Intel,,3.50 GHz,95.0,4,8,,,,,,,,Intel,Desktop,intel-spec-dataset
Intel Core i3-2350M Processor,Products formerly Sandy Bridge,,Intel,,2.30 GHz,35.0,2,4,,,,,,,,Intel,Mobile,intel-spec-dataset
Intel Core i3-2367M Processor,Products formerly Sandy Bridge,,Intel,,1.40 GHz,17.0,2,4,,,,,,,,Intel,Mobile,intel-spec-dataset
Intel Core i5-2430M Processor,Products formerly Sandy Bridge,,Intel,,2.40 GHz,35.0,2,4,,,,,,,,Intel,Mobile,intel-spec-dataset
Intel Core i5-2435M Processor,Products formerly Sandy Bridge,,Intel,,2.40 GHz,35.0,2,4,,,,,,,,Intel,Mobile,intel-spec-dataset
Intel Core i7-2670QM Processor,Products formerly Sandy Bridge,,Intel,,2.20 GHz,45.0,4,8,,,,,,,,Intel,Mobile,intel-spec-dataset
Intel Core i7-2675QM Processor,Products formerly Sandy Bridge,,Intel,,2.20 GHz,45.0,4,8,,,,,,,,Intel,Mobile,intel-spec-dataset
Intel Core i3-2120T Processor,Products formerly Sandy Bridge,,Intel,,2.60 GHz,35.0,2,4,,,,,,,,Intel,Desktop,intel-spec-dataset
Intel Core i3-2125 Processor,Products formerly Sandy Bridge,,Intel,,3.30 GHz,65.0,2,4,,,,,,,,Intel,Desktop,intel-spec-dataset
Intel Core i3-2130 Processor,Products formerly Sandy Bridge,,Intel,,3.40 GHz,65.0,2,4,,,,,,,,Intel,Desktop,intel-spec-dataset
Intel Core i5-2320 Processor,Products formerly Sandy Bridge,,Intel,,3.00 GHz,95.0,4,4,,,,,,,,Intel,Desktop,intel-spec-dataset
Intel Core i7-2640M Processor,Products formerly Sandy Bridge,,Intel,,2.80 GHz,35.0,2,4,,,,,,,,Intel,Mobile,intel-spec-dataset
Intel Core i7-2760QM Processor,Products formerly Sandy Bridge,,Intel,,2.40 GHz,45.0,4,8,,,,,,,,Intel,Mobile,intel-spec-dataset
Intel Core i7-2860QM Processor,Products formerly Sandy Bridge,,Intel,,2.50 GHz,45.0,4,8,,,,,,,,Intel,Mobile,intel-spec-dataset
Intel Core i7-2960XM Processor Extreme Edition,Products formerly Sandy Bridge,,Intel,,2.70 GHz,55.0,4,8,,,,,,,,Intel,Mobile,intel-spec-dataset
Intel Core i7-980 Processor,Products formerly Gulftown,,Intel,,3.33 GHz,130.0,6,12,,,,,,,,Intel,Desktop,intel-spec-dataset
Intel Core i3-2330E Processor,Products formerly Sandy Bridge,,Intel,,2.20 GHz,35.0,2,4,,,,,,,,Intel,Mobile,intel-spec-dataset
Intel Core i3-2330M Processor,Products formerly Sandy Bridge,,Intel,,2.20 GHz,35.0,2,4,,,,,,,,Intel,Mobile,intel-spec-dataset
Intel Core i3-2340UE Processor,Products formerly Sandy Bridge,,Intel,,1.30 GHz,17.0,2,4,,,,,,,,Intel,Embedded,intel-spec-dataset
Intel Core i3-2357M Processor,Products formerly Sandy Bridge,,Intel,,1.30 GHz,17.0,2,4,,,,,,,,Intel,Mobile,intel-spec-dataset
Intel Core i5-2467M Processor,Products formerly Sandy Bridge,,Intel,,1.60 GHz,17.0,2,4,,,,,,,,Intel,Mobile,intel-spec-dataset
Intel Core i5-2557M Processor,Products formerly Sandy Bridge,,Intel,,1.70 GHz,17.0,2,4,,,,,,,,Intel,Mobile,intel-spec-dataset
Intel Core i7-2637M Processor,Products formerly Sandy Bridge,,Intel,,1.70 GHz,17.0,2,4,,,,,,,,Intel,Mobile,intel-spec-dataset
Intel Core i7-2677M Processor,Products formerly Sandy Bridge,,Intel,,1.80 GHz,17.0,2,4,,,,,,,,Intel,Mobile,intel-spec-dataset
Intel Core i5-2310 Processor,Products formerly Sandy Bridge,,Intel,,2.90 GHz,95.0,4,4,,,,,,,,Intel,Desktop,intel-spec-dataset
Intel Core i5-2405S Processor,Products formerly Sandy Bridge,,Intel,,2.50 GHz,65.0,4,4,,,,,,,,Intel,Desktop,intel-spec-dataset
Intel Core i3-2102 Processor,Products formerly Sandy Bridge,,Intel,,3.10 GHz,65.0,2,4,,,,,,,,Intel,Desktop,intel-spec-dataset
Intel Core i3-2105 Processor,Products formerly Sandy Bridge,,Intel,,3.10 GHz,65.0,2,4,,,,,,,,Intel,Desktop,intel-spec-dataset
Intel Core i3-2312M Processor,Products formerly Sandy Bridge,,Intel,,2.10 GHz,35.0,2,4,,,,,,,,Intel,Mobile,intel-spec-dataset
Intel Core i7-2610UE Processor,Products formerly Sandy Bridge,,Intel,,1.50 GHz,17.0,2,4,,,,,,,,Intel,Embedded,intel-spec-dataset
Intel Core i7-2655LE Processor,Products formerly Sandy Bridge,,Intel,,2.20 GHz,25.0,2,4,,,,,,,,Intel,Embedded,intel-spec-dataset
Intel Core i3-2100 Processor,Products formerly Sandy Bridge,,Intel,,3.10 GHz,65.0,2,4,,,,,,,,Intel,Desktop,intel-spec-dataset
Intel Core i3-2100T Processor,Products formerly Sandy Bridge,,Intel,,2.50 GHz,35.0,2,4,,,,,,,,Intel,Desktop,intel-spec-dataset
Intel Core i3-2120 Processor,Products formerly Sandy Bridge,,Intel,,3.30 GHz,65.0,2,4,,,,,,,,Intel,Desktop,intel-spec-dataset
Intel Core i3-2310M Processor,Products formerly Sandy Bridge,,Intel,,2.10 GHz,35.0,2,4,,,,,,,,Intel,Mobile,intel-spec-dataset
Intel Core i5-2390T Processor,Products formerly Sandy Bridge,,Intel,,2.70 GHz,35.0,2,4,,,,,,,,Intel,Desktop,intel-spec-dataset
Intel Core i5-2410M Processor,Products formerly Sandy Bridge,,Intel,,2.30 GHz,35.0,2,4,,,,,,,,Intel,Mobile,intel-spec-dataset
Intel Core i5-2510E Processor,Products formerly Sandy Bridge,,Intel,,2.50 GHz,35.0,2,4,,,,,,,,Intel,Mobile,intel-spec-dataset
Intel Core i5-2515E Processor,Products formerly Sandy Bridge,,Intel,,2.50 GHz,35.0,2,4,,,,,,,,Intel,Embedded,intel-spec-dataset
Intel Core i5-2520M Processor,Products formerly Sandy Bridge,,Intel,,2.50 GHz,35.0,2,4,,,,,,,,Intel,Mobile,intel-spec-dataset
Intel Core i5-2537M Processor,Products formerly Sandy Bridge,,Intel,,1.40 GHz,17.0,2,4,,,,,,,,Intel,Mobile,intel-spec-dataset
Intel Core i5-2540M Processor,Products formerly Sandy Bridge,,Intel,,2.60 GHz,35.0,2,4,,,,,,,,Intel,Mobile,intel-spec-dataset
Intel Core i7-2617M Processor,Products formerly Sandy Bridge,,Intel,,1.50 GHz,17.0,2,4,,,,,,,,Intel,Mobile,intel-spec-dataset
Intel Core i7-2620M Processor,Products formerly Sandy Bridge,,Intel,,2.70 GHz,35.0,2,4,,,,,,,,Intel,Mobile,intel-spec-dataset
Intel Core i7-2629M Processor,Products formerly Sandy Bridge,,Intel,,2.10 GHz,25.0,2,4,,,,,,,,Intel,Mobile,intel-spec-dataset
Intel Core i7-2649M Processor,Products formerly Sandy Bridge,,Intel,,2.30 GHz,25.0,2,4,,,,,,,,Intel,Mobile,intel-spec-dataset
Intel Core i7-2657M Processor,Products formerly Sandy Bridge,,Intel,,1.60 GHz,17.0,2,4,,,,,,,,Intel,Mobile,intel-spec-dataset
Intel Core i7-990X Processor Extreme Edition,Products formerly Gulftown,,Intel,,3.46 GHz,130.0,6,12,,,,,,,,Intel,Desktop,intel-spec-dataset
Intel Core i5-2300 Processor,Products formerly Sandy Bridge,,Intel,,2.80 GHz,95.0,4,4,,,,,,,,Intel,Desktop,intel-spec-dataset
Intel Core i5-2400 Processor,Products formerly Sandy Bridge,,Intel,,3.10 GHz,95.0,4,4,,,,,,,,Intel,Desktop,intel-spec-dataset
Intel Core i5-2400S Processor,Products formerly Sandy Bridge,,Intel,,2.50 GHz,65.0,4,4,,,,,,,,Intel,Desktop,intel-spec-dataset
Intel Core i5-2500 Processor,Products formerly Sandy Bridge,,Intel,,3.30 GHz,95.0,4,4,,,,,,,,Intel,Desktop,intel-spec-dataset
Intel Core i5-2500K Processor,Products formerly Sandy Bridge,,Intel,,3.30 GHz,95.0,4,4,,,,,,,,Intel,Desktop,intel-spec-dataset
Intel Core i5-2500S Processor,Products formerly Sandy Bridge,,Intel,,2.70 GHz,65.0,4,4,,,,,,,,Intel,Desktop,intel-spec-dataset
Intel Core i5-2500T Processor,Products formerly Sandy Bridge,,Intel,,2.30 GHz,45.0,4,4,,,,,,,,Intel,Desktop,intel-spec-dataset
Intel Core i7-2600 Processor,Products formerly Sandy Bridge,,Intel,,3.40 GHz,95.0,4,8,,,,,,,,Intel,Desktop,intel-spec-dataset
Intel Core i7-2600K Processor,Products formerly Sandy Bridge,,Intel,,3.40 GHz,95.0,4,8,,,,,,,,Intel,Desktop,intel-spec-dataset
Intel Core i7-2600S Processor,Products formerly Sandy Bridge,,Intel,,2.80 GHz,65.0,4,8,,,,,,,,Intel,Desktop,intel-spec-dataset
Intel Core i7-2630QM Processor,Products formerly Sandy Bridge,,Intel,,2.00 GHz,45.0,4,8,,,,,,,,Intel,Mobile,intel-spec-dataset
Intel Core i7-2635QM Processor,Products formerly Sandy Bridge,,Intel,,2.00 GHz,45.0,4,8,,,,,,,,Intel,Mobile,intel-spec-dataset
Intel Core i7-2710QE Processor,Products formerly Sandy Bridge,,Intel,,2.10 GHz,45.0,4,8,,,,,,,,Intel,Mobile,intel-spec-dataset
Intel Core i7-2715QE Processor,Products formerly Sandy Bridge,,Intel,,2.10 GHz,45.0,4,8,,,,,,,,Intel,Embedded,intel-spec-dataset
Intel Core i7-2720QM Processor,Products formerly Sandy Bridge,,Intel,,2.20 GHz,45.0,4,8,,,,,,,,Intel,Mobile,intel-spec-dataset
Intel Core i7-2820QM Processor,Products formerly Sandy Bridge,,Intel,,2.30 GHz,45.0,4,8,,,,,,,,Intel,Mobile,intel-spec-dataset
Intel Core i7-2920XM Processor Extreme Edition,Products formerly Sandy Bridge,,Intel,,2.50 GHz,55.0,4,8,,,,,,,,Intel,Mobile,intel-spec-dataset
Intel Core i3-2310E Processor,Products formerly Sandy Bridge,,Intel,,2.10 GHz,35.0,2,4,,,,,,,,Intel,Embedded,intel-spec-dataset
Intel Core i3-390M Processor,Products formerly Arrandale,,Intel,,2.66 GHz,35.0,2,4,,,,,,,,Intel,Mobile,intel-spec-dataset
Intel Core i5-480M Processor,Products formerly Arrandale,,Intel,,2.66 GHz,35.0,2,4,,,,,,,,Intel,Mobile,intel-spec-dataset
Intel Core i3-380UM Processor,Products formerly Arrandale,,Intel,,1.33 GHz,18.0,2,4,,,,,,,,Intel,Mobile,intel-spec-dataset
Intel Core i5-470UM Processor,Products formerly Arrandale,,Intel,,1.33 GHz,18.0,2,4,,,,,,,,Intel,Mobile,intel-spec-dataset
Intel Core i3-560 Processor,Products formerly Clarkdale,,Intel,,3.33 GHz,73.0,2,4,,,,,,,,Intel,Desktop,intel-spec-dataset
Intel Core i5-760 Processor,Products formerly Lynnfield,,Intel,,2.80 GHz,95.0,4,4,,,,,,,,Intel,Desktop,intel-spec-dataset
Intel Core i3-370M Processor,Products formerly Arrandale,,Intel,,2.40 GHz,35.0,2,4,,,,,,,,Intel,Mobile,intel-spec-dataset
Intel Core i3-380M Processor,Products formerly Arrandale,,Intel,,2.53 GHz,35.0,2,4,,,,,,,,Intel,Mobile,intel-spec-dataset
Intel Core i5-460M Processor,Products formerly Arrandale,,Intel,,2.53 GHz,35.0,2,4,,,,,,,,Intel,Mobile,intel-spec-dataset
Intel Core i5-560M Processor,Products formerly Arrandale,,Intel,,2.66 GHz,35.0,2,4,,,,,,,,Intel,Mobile,intel-spec-dataset
Intel Core i5-560UM Processor,Products formerly Arrandale,,Intel,,1.33 GHz,18.0,2,4,,,,,,,,Intel,Mobile,intel-spec-dataset
Intel Core i5-580M Processor,Products formerly Arrandale,,Intel,,2.66 GHz,35.0,2,4,,,,,,,,Intel,Mobile,intel-spec-dataset
Intel Core i7-640M Processor,Products formerly Arrandale,,Intel,,2.80 GHz,35.0,2,4,,,,,,,,Intel,Mobile,intel-spec-dataset
Intel Core i7-660LM Processor,Products formerly Arrandale,,Intel,,2.26 GHz,25.0,2,4,,,,,,,,Intel,Mobile,intel-spec-dataset
Intel Core i7-680UM Processor,Products formerly Arrandale,,Intel,,1.46 GHz,18.0,2,4,,,,,,,,Intel,Mobile,intel-spec-dataset
Intel Core i7-740QM Processor,Products formerly Clarksfield,,Intel,,1.73 GHz,45.0,4,8,,,,,,,,Intel,Mobile,intel-spec-dataset
Intel Core i7-840QM Processor,Products formerly Clarksfield,,Intel,,1.86 GHz,45.0,4,8,,,,,,,,Intel,Mobile,intel-spec-dataset
Intel Core i7-940XM Processor Extreme Edition,Products formerly Clarksfield,,Intel,,2.13 GHz,55.0,4,8,,,,,,,,Intel,Mobile,intel-spec-dataset
Intel Core i7-970 Processor,Products formerly Gulftown,,Intel,,3.20 GHz,130.0,6,12,,,,,,,,Intel,Desktop,intel-spec-dataset
Intel Core i3-550 Processor,Products formerly Clarkdale,,Intel,,3.20 GHz,73.0,2,4,,,,,,,,Intel,Desktop,intel-spec-dataset
Intel Core i5-655K Processor,Products formerly Clarkdale,,Intel,,3.20 GHz,73.0,2,4,,,,,,,,Intel,Desktop,intel-spec-dataset
Intel Core i7-875K Processor,Products formerly Lynnfield,,Intel,,2.93 GHz,95.0,4,8,,,,,,,,Intel,Desktop,intel-spec-dataset
Intel Core i7-880 Processor,Products formerly Lynnfield,,Intel,,3.06 GHz,95.0,4,8,,,,,,,,Intel,Desktop,intel-spec-dataset
Intel Core i3-330UM Processor,Products formerly Arrandale,,Intel,,1.20 GHz,18.0,2,4,,,,,,,,Intel,Mobile,intel-spec-dataset
Intel Core i5-430UM Processor,Products formerly Arrandale,,Intel,,1.20 GHz,18.0,2,4,,,,,,,,Intel,Mobile,intel-spec-dataset
Intel Core i5-540UM Processor,Products formerly Arrandale,,Intel,,1.20 GHz,18.0,2,4,,,,,,,,Intel,Mobile,intel-spec-dataset
Intel Core i7-660UM Processor,Products formerly Arrandale,,Intel,,1.33 GHz,18.0,2,4,,,,,,,,Intel,Mobile,intel-spec-dataset
Intel Core i5-450M Processor,Products formerly Arrandale,,Intel,,2.40 GHz,35.0,2,4,,,,,,,,Intel,Mobile,intel-spec-dataset
Intel Core i5-680 Processor,Products formerly Clarkdale,,Intel,,3.60 GHz,73.0,2,4,,,,,,,,Intel,Desktop,intel-spec-dataset
Intel Core i7-870S Processor,Products formerly Lynnfield,,Intel,,2.66 GHz,82.0,4,8,,,,,,,,Intel,Desktop,intel-spec-dataset
Intel Core i7-980X Processor Extreme Edition,Products formerly Gulftown,,Intel,,3.33 GHz,130.0,6,12,,,,,,,,Intel,Desktop,intel-spec-dataset
Intel Core i3-530 Processor,Products formerly Clarkdale,,Intel,,2.93 GHz,73.0,2,4,,,,,,,,Intel,Desktop,intel-spec-dataset
Intel Core i3-540 Processor,Products formerly Clarkdale,,Intel,,3.06 GHz,73.0,2,4,,,,,,,,Intel,Desktop,intel-spec-dataset
Intel Core i5-520E Processor,Products formerly Arrandale,,Intel,,2.40 GHz,35.0,2,4,,,,,,,,Intel,Embedded,intel-spec-dataset
Intel Core i5-520M Processor,Products formerly Arrandale,,Intel,,2.40 GHz,35.0,2,4,,,,,,,,Intel,Mobile,intel-spec-dataset
Intel Core i5-520UM Processor,Products formerly Arrandale,,Intel,,1.07 GHz,18.0,2,4,,,,,,,,Intel,Mobile,intel-spec-dataset
Intel Core i5-540M Processor,Products formerly Arrandale,,Intel,,2.53 GHz,35.0,2,4,,,,,,,,Intel,Mobile,intel-spec-dataset
Intel Core i5-650 Processor,Products formerly Clarkdale,,Intel,,3.20 GHz,73.0,2,4,,,,,,,,Intel,Desktop,intel-spec-dataset
Intel Core i5-660 Processor,Products formerly Clarkdale,,Intel,,3.33 GHz,73.0,2,4,,,,,,,,Intel,Desktop,intel-spec-dataset
Intel Core i5-661 Processor,Products formerly Clarkdale,,Intel,,3.33 GHz,87.0,2,4,,,,,,,,Intel,Desktop,intel-spec-dataset
Intel Core i5-670 Processor,Products formerly Clarkdale,,Intel,,3.46 GHz,73.0,2,4,,,,,,,,Intel,Desktop,intel-spec-dataset
Intel Core i5-750S Processor,Products formerly Lynnfield,,Intel,,2.40 GHz,82.0,4,4,,,,,,,,Intel,Desktop,intel-spec-dataset
Intel Core i7-610E Processor,Products formerly Arrandale,,Intel,,2.53 GHz,35.0,2,4,,,,,,,,Intel,Mobile,intel-spec-dataset
Intel Core i7-620LE Processor,Products formerly Arrandale,,Intel,,2.00 GHz,25.0,2,4,,,,,,,,Intel,Embedded,intel-spec-dataset
Intel Core i7-620LM Processor,Products formerly Arrandale,,Intel,,2.00 GHz,25.0,2,4,,,,,,,,Intel,Mobile,intel-spec-dataset
Intel Core i7-620M Processor,Products formerly Arrandale,,Intel,,2.66 GHz,35.0,2,4,,,,,,,,Intel,Mobile,intel-spec-dataset
Intel Core i7-620UE Processor,Products formerly Arrandale,,Intel,,1.06 GHz,18.0,2,4,,,,,,,,Intel,Embedded,intel-spec-dataset
Intel Core i7-620UM Processor,Products formerly Arrandale,,Intel,,1.06 GHz,18.0,2,4,,,,,,,,Intel,Mobile,intel-spec-dataset
Intel Core i7-640LM Processor,Products formerly Arrandale,,Intel,,2.13 GHz,25.0,2,4,,,,,,,,Intel,Mobile,intel-spec-dataset
Intel Core i7-640UM Processor,Products formerly Arrandale,,Intel,,1.20 GHz,18.0,2,4,,,,,,,,Intel,Mobile,intel-spec-dataset
Intel Core i7-860S Processor,Products formerly Lynnfield,,Intel,,2.53 GHz,82.0,4,8,,,,,,,,Intel,Desktop,intel-spec-dataset
Intel Core i3-330E Processor,Products formerly Arrandale,,Intel,,2.13 GHz,35.0,2,4,,,,,,,,Intel,Mobile,intel-spec-dataset
Intel Core i3-330M Processor,Products formerly Arrandale,,Intel,,2.13 GHz,35.0,2,4,,,,,,,,Intel,Mobile,intel-spec-dataset
Intel Core i3-350M Processor,Products formerly Arrandale,,Intel,,2.26 GHz,35.0,2,4,,,,,,,,Intel,Mobile,intel-spec-dataset
Intel Core i5-430M Processor,Products formerly Arrandale,,Intel,,2.26 GHz,35.0,2,4,,,,,,,,Intel,Mobile,intel-spec-dataset
Intel Core i7-660UE Processor,Products formerly Arrandale,,Intel,,1.33 GHz,18.0,2,4,,,,,,,,Intel,Mobile,intel-spec-dataset
Intel Core i7-930 Processor,Products formerly Bloomfield,,Intel,,2.80 GHz,130.0,4,8,,,,,,,,Intel,Desktop,intel-spec-dataset
Intel Core i7-960 Processor,Products formerly Bloomfield,,Intel,,3.20 GHz,130.0,4,8,,,,,,,,Intel,Desktop,intel-spec-dataset
Intel Core i7-720QM Processor,Products formerly Clarksfield,,Intel,,1.60 GHz,45.0,4,8,,,,,,,,Intel,Mobile,intel-spec-dataset
Intel Core i7-820QM Processor,Products formerly Clarksfield,,Intel,,1.73 GHz,45.0,4,8,,,,,,,,Intel,Mobile,intel-spec-dataset
Intel Core i7-920XM Processor Extreme Edition,Products formerly Clarksfield,,Intel,,2.00 GHz,55.0,4,8,,,,,,,,Intel,Mobile,intel-spec-dataset
Intel Core i5-750 Processor,Products formerly Lynnfield,,Intel,,2.66 GHz,95.0,4,4,,,,,,,,Intel,Desktop,intel-spec-dataset
Intel Core i7-860 Processor,Products formerly Lynnfield,,Intel,,2.80 GHz,95.0,4,8,,,,,,,,Intel,Desktop,intel-spec-dataset
Intel Core i7-870 Processor,Products formerly Lynnfield,,Intel,,2.93 GHz,95.0,4,8,,,,,,,,Intel,Desktop,intel-spec-dataset
Intel Core2 Quad Processor Q9505,Products formerly Yorkfield,,Intel,,2.83 GHz,95.0,4,,,,,,,,,Intel,Desktop,intel-spec-dataset
Intel Core2 Quad Processor Q9505S,Products formerly Yorkfield,,Intel,,2.83 GHz,65.0,4,,,,,,,,,Intel,Desktop,intel-spec-dataset
Intel Core2 Duo Processor P7570,Products formerly Penryn,,Intel,,2.26 GHz,25.0,2,,,,,,,,,Intel,Mobile,intel-spec-dataset
Intel Core2 Duo Processor T6670,Products formerly Penryn,,Intel,,2.20 GHz,35.0,2,,,,,,,,,Intel,Mobile,intel-spec-dataset
Intel Core2 Duo Processor P7550,Products formerly Penryn,,Intel,,2.26 GHz,25.0,2,,,,,,,,,Intel,Mobile,intel-spec-dataset
Intel Core2 Duo Processor T6500,Products formerly Penryn,,Intel,,2.10 GHz,35.0,2,,,,,,,,,Intel,Mobile,intel-spec-dataset
Intel Core i7-950 Processor,Products formerly Bloomfield,,Intel,,3.06 GHz,130.0,4,8,,,,,,,,Intel,Desktop,intel-spec-dataset
Intel Core i7-975 Processor Extreme Edition,Products formerly Bloomfield,,Intel,,3.33 GHz,130.0,4,8,,,,,,,,Intel,Desktop,intel-spec-dataset
Intel Core2 Duo Processor E7600,Products formerly Wolfdale,,Intel,,3.06 GHz,65.0,2,,,,,,,,,Intel,Desktop,intel-spec-dataset
Intel Core2 Duo Processor P8800,Products formerly Penryn,,Intel,,2.66 GHz,25.0,2,,,,,,,,,Intel,Mobile,intel-spec-dataset
Intel Core2 Duo Processor P9700,Products formerly Penryn,,Intel,,2.80 GHz,28.0,2,,,,,,,,,Intel,Mobile,intel-spec-dataset
Intel Core2 Duo Processor T9900,Products formerly Penryn,,Intel,,3.06 GHz,35.0,2,,,,,,,,,Intel,Mobile,intel-spec-dataset
Intel Core2 Quad Processor Q8400,Products formerly Yorkfield,,Intel,,2.66 GHz,95.0,4,,,,,,,,,Intel,Desktop,intel-spec-dataset
Intel Core2 Quad Processor Q8400S,Products formerly Yorkfield,,Intel,,2.66 GHz,65.0,4,,,,,,,,,Intel,Desktop,intel-spec-dataset
Intel Core2 Solo Processor SU3500,Products formerly Penryn,,Intel,,1.30 GHz,5.5,1,,,,,,,,,Intel,Mobile,intel-spec-dataset
Intel Core2 Duo Processor SL9600,Products formerly Penryn,,Intel,,2.13 GHz,17.0,2,,,,,,,,,Intel,Mobile,intel-spec-dataset
Intel Core2 Duo Processor SP9600,Products formerly Penryn,,Intel,,2.53 GHz,25.0,2,,,,,,,,,Intel,Mobile,intel-spec-dataset
Intel Core2 Duo Processor SU9600,Products formerly Penryn,,Intel,,1.60 GHz,10.0,2,,,,,,,,,Intel,Mobile,intel-spec-dataset
Intel Core2 Solo Processor ULV SU3500,Products formerly Penryn,,Intel,,1.40 GHz,5.5,1,,,,,,,,,Intel,Mobile,intel-spec-dataset
Intel Core2 Duo Processor E7500,Products formerly Wolfdale,,Intel,,2.93 GHz,65.0,2,,,,,,,,,Intel,Desktop,intel-spec-dataset
Intel Core2 Quad Processor Q8200S,Products formerly Yorkfield,,Intel,,2.33 GHz,65.0,4,,,,,,,,,Intel,Desktop,intel-spec-dataset
Intel Core2 Quad Processor Q9400S,Products formerly Yorkfield,,Intel,,2.66 GHz,65.0,4,,,,,,,,,Intel,Desktop,intel-spec-dataset
Intel Core2 Quad Processor Q9550S,Products formerly Yorkfield,,Intel,,2.83 GHz,65.0,4,,,,,,,,,Intel,Desktop,intel-spec-dataset
Intel Core2 Duo Processor P7450,Products formerly Penryn,,Intel,,2.13 GHz,25.0,2,,,,,,,,,Intel,Mobile,intel-spec-dataset
Intel Core2 Duo Processor T6400,Products formerly Penryn,,Intel,,2.00 GHz,35.0,2,,,,,,,,,Intel,Mobile,intel-spec-dataset
Intel Core2 Duo Processor T6600,Products formerly Penryn,,Intel,,2.20 GHz,35.0,2,,,,,,,,,Intel,Mobile,intel-spec-dataset
Intel Core2 Duo Processor SL9380,Products formerly Penryn,,Intel,,1.80 GHz,17.0,2,,,,,,,,,Intel,Mobile,intel-spec-dataset
Intel Core2 Duo Processor P8700,Products formerly Penryn,,Intel,,2.53 GHz,25.0,2,,,,,,,,,Intel,Mobile,intel-spec-dataset
Intel Core2 Duo Processor P9600,Products formerly Penryn,,Intel,,2.66 GHz,25.0,2,,,,,,,,,Intel,Mobile,intel-spec-dataset
Intel Core2 Duo Processor T9550,Products formerly Penryn,,Intel,,2.66 GHz,35.0,2,,,,,,,,,Intel,Mobile,intel-spec-dataset
Intel Core2 Duo Processor T9800,Products formerly Penryn,,Intel,,2.93 GHz,35.0,2,,,,,,,,,Intel,Mobile,intel-spec-dataset
Intel Core2 Quad Processor Q9000,Products formerly Penryn,,Intel,,2.00 GHz,45.0,4,,,,,,,,,Intel,Mobile,intel-spec-dataset
Intel Core2 Quad Processor Q8300,Products formerly Yorkfield,,Intel,,2.50 GHz,95.0,4,,,,,,,,,Intel,Desktop,intel-spec-dataset
Intel Core i7-920 Processor,Products formerly Bloomfield,,Intel,,2.66 GHz,130.0,4,8,,,,,,,,Intel,Desktop,intel-spec-dataset
Intel Pentium Gold Processor 8500,Products formerly Alder Lake,,Intel,,,9.0,5,6,,,,,,,,Intel,Mobile,intel-spec-dataset
Intel Pentium Gold Processor 8505,Products formerly Alder Lake,,Intel,,,15.0,5,6,,,,,,,,Intel,Mobile,intel-spec-dataset
Intel Pentium Gold G7400 Processor,Products formerly Alder Lake,,Intel,,,46.0,2,4,,,,,,,,Intel,Desktop,intel-spec-dataset
Intel Pentium Gold G7400E Processor,Products formerly Alder Lake,,Intel,,,46.0,2,4,,,,,,,,Intel,Embedded,intel-spec-dataset
Intel Pentium Gold G7400T Processor,Products formerly Alder Lake,,Intel,,,35.0,2,4,,,,,,,,Intel,Desktop,intel-spec-dataset
Intel Pentium Gold G7400TE Processor,Products formerly Alder Lake,,Intel,,,35.0,2,4,,,,,,,,Intel,Embedded,intel-spec-dataset
Intel Pentium Gold G6405 Processor,Products formerly Comet Lake,,Intel,,4.10 GHz,58.0,2,4,,,,,,,,Intel,Desktop,intel-spec-dataset
Intel Pentium Gold G6405T Processor,Products formerly Comet Lake,,Intel,,3.50 GHz,35.0,2,4,,,,,,,,Intel,Desktop,intel-spec-dataset
Intel Pentium Gold G6505 Processor,Products formerly Comet Lake,,Intel,,4.20 GHz,58.0,2,4,,,,,,,,Intel,Desktop,intel-spec-dataset
Intel Pentium Gold G6505T Processor,Products formerly Comet Lake,,Intel,,3.60 GHz,35.0,2,4,,,,,,,,Intel,Desktop,intel-spec-dataset
Intel Pentium Gold G6605 Processor,Products formerly Comet Lake,,Intel,,4.30 GHz,58.0,2,4,,,,,,,,Intel,Desktop,intel-spec-dataset
Intel Pentium Gold 6500Y Processor,Products formerly Amber Lake Y,,Intel,,1.10 GHz,5.0,2,4,,,,,,,,Intel,Mobile,intel-spec-dataset
Intel Pentium Gold 7505 Processor,Products formerly Tiger Lake,,Intel,,,15.0,2,4,,,,,,,,Intel,Mobile,intel-spec-dataset
Intel Pentium Gold G6400 Processor,Products formerly Comet Lake,,Intel,,4.00 GHz,58.0,2,4,,,,,,,,Intel,Desktop,intel-spec-dataset
Intel Pentium Gold G6400E Processor,Products formerly Comet Lake,,Intel,,3.80 GHz,58.0,2,4,,,,,,,,Intel,Embedded,intel-spec-dataset
Intel Pentium Gold G6400T Processor,Products formerly Comet Lake,,Intel,,3.40 GHz,35.0,2,4,,,,,,,,Intel,Desktop,intel-spec-dataset
Intel Pentium Gold G6400TE Processor,Products formerly Comet Lake,,Intel,,3.20 GHz,35.0,2,4,,,,,,,,Intel,Embedded,intel-spec-dataset
Intel Pentium Gold G6500 Processor,Products formerly Comet Lake,,Intel,,4.10 GHz,58.0,2,4,,,,,,,,Intel,Desktop,intel-spec-dataset
Intel Pentium Gold G6500T Processor,Products formerly Comet Lake,,Intel,,3.50 GHz,35.0,2,4,,,,,,,,Intel,Desktop,intel-spec-dataset
Intel Pentium Gold G6600 Processor,Products formerly Comet Lake,,Intel,,4.20 GHz,58.0,2,4,,,,,,,,Intel,Desktop,intel-spec-dataset
Intel Pentium Gold 6405U Processor,Products formerly Comet Lake,,Intel,,2.40 GHz,15.0,2,4,,,,,,,,Intel,Mobile,intel-spec-dataset
Intel Pentium Gold G5420 Processor,Products formerly Coffee Lake,,Intel,,3.80 GHz,54.0,2,4,,,,,,,,Intel,Desktop,intel-spec-dataset
Intel Pentium Gold G5420T Processor,Products formerly Coffee Lake,,Intel,,3.20 GHz,35.0,2,4,,,,,,,,Intel,Desktop,intel-spec-dataset
Intel Pentium Gold G5600T Processor,Products formerly Coffee Lake,,Intel,,3.30 GHz,35.0,2,4,,,,,,,,Intel,Desktop,intel-spec-dataset
Intel Pentium Gold G5620 Processor,Products formerly Coffee Lake,,Intel,,4.00 GHz,54.0,2,4,,,,,,,,Intel,Desktop,intel-spec-dataset
Intel Pentium Gold 5405U Processor,Products formerly Whiskey Lake,,Intel,,2.30 GHz,15.0,2,4,,,,,,,,Intel,Mobile,intel-spec-dataset
Intel Pentium Gold Processor 4417U,Products formerly Kaby Lake R,,Intel,,2.30 GHz,15.0,2,4,,,,,,,,Intel,Mobile,intel-spec-dataset
Intel Pentium Gold Processor 4425Y,Products formerly Amber Lake,,Intel,,1.70 GHz,6.0,2,4,,,,,,,,Intel,Mobile,intel-spec-dataset
Intel Pentium Gold G5400 Processor,Products formerly Coffee Lake,,Intel,,3.70 GHz,58.0,2,4,,,,,,,,Intel,Desktop,intel-spec-dataset
Intel Pentium Gold G5400T Processor,Products formerly Coffee Lake,,Intel,,3.10 GHz,35.0,2,4,,,,,,,,Intel,Desktop,intel-spec-dataset
Intel Pentium Gold G5500 Processor,Products formerly Coffee Lake,,Intel,,3.80 GHz,54.0,2,4,,,,,,,,Intel,Desktop,intel-spec-dataset
Intel Pentium Gold G5500T Processor,Products formerly Coffee Lake,,Intel,,3.20 GHz,35.0,2,4,,,,,,,,Intel,Desktop,intel-spec-dataset
Intel Pentium Gold G5600 Processor,Products formerly Coffee Lake,,Intel,,3.90 GHz,54.0,2,4,,,,,,,,Intel,Desktop,intel-spec-dataset
Intel Pentium Gold Processor 4415Y,Products formerly Kaby Lake,,Intel,,1.60 GHz,6.0,2,4,,,,,,,,Intel,Mobile,intel-spec-dataset
Intel Pentium Gold Processor 4410Y,Products formerly Kaby Lake,,Intel,,1.50 GHz,6.0,2,4,,,,,,,,Intel,Mobile,intel-spec-dataset
Intel Pentium Gold Processor 4415U,Products formerly Kaby Lake,,Intel,,2.30 GHz,15.0,2,4,,,,,,,,Intel,Mobile,intel-spec-dataset
Intel Pentium Silver N6000 Processor,Products formerly Jasper Lake,,Intel,,1.10 GHz,6.0,4,4,,,,,,,,Intel,Mobile,intel-spec-dataset
Intel Pentium Silver N6005 Processor,Products formerly Jasper Lake,,Intel,,2.00 GHz,10.0,4,4,,,,,,,,Intel,Mobile,intel-spec-dataset
Intel Pentium Silver J5040 Processor,Products formerly Gemini Lake Refresh,,Intel,,2.00 GHz,10.0,4,4,,,,,,,,Intel,Mobile,intel-spec-dataset
Intel Pentium Silver N5030 Processor,Products formerly Gemini Lake Refresh,,Intel,,1.10 GHz,6.0,4,4,,,,,,,,Intel,Mobile,intel-spec-dataset
Intel Pentium Silver J5005 Processor,Products formerly Gemini Lake,,Intel,,1.50 GHz,10.0,4,4,,,,,,,,Intel,Mobile,intel-spec-dataset
Intel Pentium Silver N5000 Processor,Products formerly Gemini Lake,,Intel,,1.10 GHz,6.0,4,4,,,,,,,,Intel,Mobile,intel-spec-dataset
Intel Pentium Processor D1519,Products formerly Broadwell,,Intel,,1.50 GHz,25.0,4,8,,,,,,,,Intel,Server,intel-spec-dataset
Intel Pentium Processor D1507,Products formerly Broadwell,,Intel,,1.20 GHz,20.0,2,2,,,,,,,,Intel,Server,intel-spec-dataset
Intel Pentium Processor D1508,Products formerly Broadwell,,Intel,,2.20 GHz,25.0,2,4,,,,,,,,Intel,Server,intel-spec-dataset
Intel Pentium Processor D1509,Products formerly Broadwell,,Intel,,1.50 GHz,19.0,2,2,,,,,,,,Intel,Server,intel-spec-dataset
Intel Pentium Processor D1517,Products formerly Broadwell,,Intel,,1.60 GHz,25.0,4,8,,,,,,,,Intel,Server,intel-spec-dataset
Intel Pentium Processor G4560,Products formerly Kaby Lake,,Intel,,3.50 GHz,54.0,2,4,,,,,,,,Intel,Desktop,intel-spec-dataset
Intel Pentium Processor G4560T,Products formerly Kaby Lake,,Intel,,2.90 GHz,35.0,2,4,,,,,,,,Intel,Desktop,intel-spec-dataset
Intel Pentium Processor G4600,Products formerly Kaby Lake,,Intel,,3.60 GHz,51.0,2,4,,,,,,,,Intel,Desktop,intel-spec-dataset
Intel Pentium Processor G4600T,Products formerly Kaby Lake,,Intel,,3.00 GHz,35.0,2,4,,,,,,,,Intel,Desktop,intel-spec-dataset
Intel Pentium Processor G4620,Products formerly Kaby Lake,,Intel,,3.70 GHz,51.0,2,4,,,,,,,,Intel,Desktop,intel-spec-dataset
Intel Pentium Processor G4400TE,Products formerly Skylake,,Intel,,2.40 GHz,35.0,2,2,,,,,,,,Intel,Embedded,intel-spec-dataset
Intel Pentium Processor G4400,Products formerly Skylake,,Intel,,3.30 GHz,54.0,2,2,,,,,,,,Intel,Desktop,intel-spec-dataset
Intel Pentium Processor G4400T,Products formerly Skylake,,Intel,,2.90 GHz,35.0,2,2,,,,,,,,Intel,Desktop,intel-spec-dataset
Intel Pentium Processor G4500,Products formerly Skylake,,Intel,,3.50 GHz,51.0,2,2,,,,,,,,Intel,Desktop,intel-spec-dataset
Intel Pentium Processor G4500T,Products formerly Skylake,,Intel,,3.00 GHz,35.0,2,2,,,,,,,,Intel,Desktop,intel-spec-dataset
Intel Pentium Processor G4520,Products formerly Skylake,,Intel,,3.60 GHz,51.0,2,2,,,,,,,,Intel,Desktop,intel-spec-dataset
Intel Pentium Processor G3260,Products formerly Haswell,,Intel,,3.30 GHz,53.0,2,2,,,,,,,,Intel,Desktop,intel-spec-dataset
Intel Pentium Processor G3260T,Products formerly Haswell,,Intel,,2.90 GHz,35.0,2,2,,,,,,,,Intel,Desktop,intel-spec-dataset
Intel Pentium Processor G3460T,Products formerly Haswell,,Intel,,3.00 GHz,35.0,2,2,,,,,,,,Intel,Desktop,intel-spec-dataset
Intel Pentium Processor G3470,Products formerly Haswell,,Intel,,3.60 GHz,53.0,2,2,,,,,,,,Intel,Desktop,intel-spec-dataset
Intel Pentium Processor G3250,Products formerly Haswell,,Intel,,3.20 GHz,53.0,2,2,,,,,,,,Intel,Desktop,intel-spec-dataset
Intel Pentium Processor G3250T,Products formerly Haswell,,Intel,,2.80 GHz,35.0,2,2,,,,,,,,Intel,Desktop,intel-spec-dataset
Intel Pentium Processor G3450T,Products formerly Haswell,,Intel,,2.90 GHz,35.0,2,2,,,,,,,,Intel,Desktop,intel-spec-dataset
Intel Pentium Processor G3460,Products formerly Haswell,,Intel,,3.50 GHz,53.0,2,2,,,,,,,,Intel,Desktop,intel-spec-dataset
Intel Pentium Processor G3258,Products formerly Haswell,,Intel,,3.20 GHz,53.0,2,2,,,,,,,,Intel,Desktop,intel-spec-dataset
Intel Pentium Processor G3240,Products formerly Haswell,,Intel,,3.10 GHz,53.0,2,2,,,,,,,,Intel,Desktop,intel-spec-dataset
Intel Pentium Processor G3240T,Products formerly Haswell,,Intel,,2.70 GHz,35.0,2,2,,,,,,,,Intel,Desktop,intel-spec-dataset
Intel Pentium Processor G3440,Products formerly Haswell,,Intel,,3.30 GHz,53.0,2,2,,,,,,,,Intel,Desktop,intel-spec-dataset
Intel Pentium Processor G3440T,Products formerly Haswell,,Intel,,2.80 GHz,35.0,2,2,,,,,,,,Intel,Desktop,intel-spec-dataset
Intel Pentium Processor G3450,Products formerly Haswell,,Intel,,3.40 GHz,53.0,2,2,,,,,,,,Intel,Desktop,intel-spec-dataset
Intel Pentium Processor G3220,Products formerly Haswell,,Intel,,3.00 GHz,53.0,2,2,,,,,,,,Intel,Desktop,intel-spec-dataset
Intel Pentium Processor G3220T,Products formerly Haswell,,Intel,,2.60 GHz,35.0,2,2,,,,,,,,Intel,Desktop,intel-spec-dataset
Intel Pentium Processor G3320TE,Products formerly Haswell,,Intel,,2.30 GHz,35.0,2,2,,,,,,,,Intel,Embedded,intel-spec-dataset
Intel Pentium Processor G3420,Products formerly Haswell,,Intel,,3.20 GHz,53.0,2,2,,,,,,,,Intel,Desktop,intel-spec-dataset
Intel Pentium Processor G3420T,Products formerly Haswell,,Intel,,2.70 GHz,35.0,2,2,,,,,,,,Intel,Desktop,intel-spec-dataset
Intel Pentium Processor G3430,Products formerly Haswell,,Intel,,3.30 GHz,53.0,2,2,,,,,,,,Intel,Desktop,intel-spec-dataset
Intel Pentium Processor G2030,Products formerly Ivy Bridge,,Intel,,3.00 GHz,55.0,2,2,,,,,,,,Intel,Desktop,intel-spec-dataset
Intel Pentium Processor G2030T,Products formerly Ivy Bridge,,Intel,,2.60 GHz,35.0,2,2,,,,,,,,Intel,Desktop,intel-spec-dataset
Intel Pentium Processor G2120T,Products formerly Ivy Bridge,,Intel,,2.70 GHz,35.0,2,2,,,,,,,,Intel,Desktop,intel-spec-dataset
Intel Pentium Processor G2140,Products formerly Ivy Bridge,,Intel,,3.30 GHz,55.0,2,2,,,,,,,,Intel,Desktop,intel-spec-dataset
Intel Pentium Processor G2010,Products formerly Ivy Bridge,,Intel,,2.80 GHz,55.0,2,2,,,,,,,,Intel,Desktop,intel-spec-dataset
Intel Pentium Processor G2020,Products formerly Ivy Bridge,,Intel,,2.90 GHz,55.0,2,2,,,,,,,,Intel,Desktop,intel-spec-dataset
Intel Pentium Processor G2020T,Products formerly Ivy Bridge,,Intel,,2.50 GHz,35.0,2,2,,,,,,,,Intel,Desktop,intel-spec-dataset
Intel Pentium Processor G2130,Products formerly Ivy Bridge,,Intel,,3.20 GHz,55.0,2,2,,,,,,,,Intel,Desktop,intel-spec-dataset
Intel Pentium Processor G2100T,Products formerly Ivy Bridge,,Intel,,2.60 GHz,35.0,2,2,,,,,,,,Intel,Desktop,intel-spec-dataset
Intel Pentium Processor G2120,Products formerly Ivy Bridge,,Intel,,3.10 GHz,55.0,2,2,,,,,,,,Intel,Desktop,intel-spec-dataset
Intel Pentium Processor J6426,Products formerly Elkhart Lake,,Intel,,2.00 GHz,10.0,4,4,,,,,,,,Intel,Embedded,intel-spec-dataset
Intel Pentium Processor J4205,Products formerly Apollo Lake,,Intel,,1.50 GHz,10.0,4,4,,,,,,,,Intel,Desktop,intel-spec-dataset
Intel Pentium Processor J3710,Products formerly Braswell,,Intel,,1.60 GHz,6.5,4,4,,,,,,,,Intel,Desktop,intel-spec-dataset
Intel Pentium Processor J2900,Products formerly Bay Trail,,Intel,,2.41 GHz,10.0,4,4,,,,,,,,Intel,Desktop,intel-spec-dataset
Intel Pentium Processor J2850,Products formerly Bay Trail,,Intel,,2.41 GHz,10.0,4,4,,,,,,,,Intel,Desktop,intel-spec-dataset
Intel Pentium Processor N6415,Products formerly Elkhart Lake,,Intel,,1.20 GHz,6.5,4,4,,,,,,,,Intel,Embedded,intel-spec-dataset
Intel Pentium Processor N4200E,Products formerly Apollo Lake,,Intel,,1.10 GHz,6.0,4,4,,,,,,,,Intel,Mobile,intel-spec-dataset
Intel Pentium Processor N4200,Products formerly Apollo Lake,,Intel,,1.10 GHz,6.0,4,4,,,,,,,,Intel,Mobile,intel-spec-dataset
Intel Pentium Processor N3710,Products formerly Braswell,,Intel,,1.60 GHz,6.0,4,4,,,,,,,,Intel,Mobile,intel-spec-dataset
Intel Pentium Processor N3700,Products formerly Braswell,,Intel,,1.60 GHz,6.0,4,4,,,,,,,,Intel,Mobile,intel-spec-dataset
Intel Pentium Processor N3540,Products formerly Bay Trail,,Intel,,2.16 GHz,7.5,4,4,,,,,,,,Intel,Mobile,intel-spec-dataset
Intel Pentium Processor N3530,Products formerly Bay Trail,,Intel,,2.16 GHz,7.5,4,4,,,,,,,,Intel,Mobile,intel-spec-dataset
Intel Pentium Processor N3520,Products formerly Bay Trail,,Intel,,2.17 GHz,7.5,4,4,,,,,,,,Intel,Mobile,intel-spec-dataset
Intel Pentium Processor N3510,Products formerly Bay Trail,,Intel,,2.00 GHz,7.5,4,4,,,,,,,,Intel,Mobile,intel-spec-dataset
Intel Pentium Processor 6805,Products formerly Ice Lake,,Intel,,1.10 GHz,15.0,2,4,,,,,,,,Intel,Mobile,intel-spec-dataset
Intel Pentium Processor 4405U,Products formerly Skylake,,Intel,,2.10 GHz,15.0,2,4,,,,,,,,Intel,Mobile,intel-spec-dataset
Intel Pentium Processor 4405Y,Products formerly Skylake,,Intel,,1.50 GHz,6.0,2,4,,,,,,,,Intel,Mobile,intel-spec-dataset
Intel Pentium Processor 3825U,Products formerly Broadwell,,Intel,,1.90 GHz,15.0,2,4,,,,,,,,Intel,Mobile,intel-spec-dataset
Intel Pentium Processor 3805U,Products formerly Broadwell,,Intel,,1.90 GHz,15.0,2,2,,,,,,,,Intel,Mobile,intel-spec-dataset
Intel Pentium Processor 3560M,Products formerly Haswell,,Intel,,2.40 GHz,37.0,2,2,,,,,,,,Intel,Mobile,intel-spec-dataset
Intel Pentium Processor 3558U,Products formerly Haswell,,Intel,,1.70 GHz,15.0,2,2,,,,,,,,Intel,Mobile,intel-spec-dataset
Intel Pentium Processor 3561Y,Products formerly Haswell,,Intel,,1.20 GHz,11.5,2,2,,,,,,,,Intel,Mobile,intel-spec-dataset
Intel Pentium Processor 3550M,Products formerly Haswell,,Intel,,2.30 GHz,37.0,2,2,,,,,,,,Intel,Mobile,intel-spec-dataset
Intel Pentium Processor 3556U,Products formerly Haswell,,Intel,,1.70 GHz,15.0,2,2,,,,,,,,Intel,Mobile,intel-spec-dataset
Intel Pentium Processor 3560Y,Products formerly Haswell,,Intel,,1.20 GHz,11.5,2,2,,,,,,,,Intel,Mobile,intel-spec-dataset
Intel Pentium Processor 2127U,Products formerly Ivy Bridge,,Intel,,1.90 GHz,17.0,2,2,,,,,,,,Intel,Mobile,intel-spec-dataset
Intel Pentium Processor 2030M,Products formerly Ivy Bridge,,Intel,,2.50 GHz,35.0,2,2,,,,,,,,Intel,Mobile,intel-spec-dataset
Intel Pentium Processor 2129Y,Products formerly Ivy Bridge,,Intel,,1.10 GHz,10.0,2,2,,,,,,,,Intel,Mobile,intel-spec-dataset
Intel Pentium Processor 2020M,Products formerly Ivy Bridge,,Intel,,2.40 GHz,35.0,2,2,,,,,,,,Intel,Mobile,intel-spec-dataset
Intel Pentium Processor 2117U,Products formerly Ivy Bridge,,Intel,,1.80 GHz,17.0,2,2,,,,,,,,Intel,Mobile,intel-spec-dataset
Intel Pentium Processor A1020,Products formerly Bay Trail,,Intel,,2.41 GHz,10.0,4,4,,,,,,,,Intel,Mobile,intel-spec-dataset
Intel Pentium Processor 1405 v2,Products formerly Ivy Bridge,,Intel,,1.40 GHz,40.0,2,,,,,,,,,Intel,Embedded,intel-spec-dataset
Intel Pentium Processor A1018,Products formerly Ivy Bridge,,Intel,,2.10 GHz,35.0,2,2,,,,,,,,Intel,Mobile,intel-spec-dataset
Intel Pentium Processor 1405,Products formerly Sandy Bridge EN,,Intel,,1.20 GHz,40.0,2,2,,,,,,,,Intel,Server,intel-spec-dataset
Intel Pentium Processor B925C,Products formerly Gladden,,Intel,,2.00 GHz,15.0,2,4,,,,,,,,Intel,Embedded,intel-spec-dataset
Intel Pentium Processor 987,Products formerly Sandy Bridge,,Intel,,1.50 GHz,17.0,2,2,,,,,,,,Intel,Mobile,intel-spec-dataset
Intel Pentium Processor 997,Products formerly Sandy Bridge,,Intel,,1.60 GHz,17.0,2,2,,,,,,,,Intel,Mobile,intel-spec-dataset
Intel Pentium Processor G645,Products formerly Sandy Bridge,,Intel,,2.90 GHz,65.0,2,2,,,,,,,,Intel,Desktop,intel-spec-dataset
Intel Pentium Processor G645T,Products formerly Sandy Bridge,,Intel,,2.50 GHz,35.0,2,2,,,,,,,,Intel,Desktop,intel-spec-dataset
Intel Pentium Processor B980,Products formerly Sandy Bridge,,Intel,,2.40 GHz,35.0,2,2,,,,,,,,Intel,Mobile,intel-spec-dataset
Intel Pentium Processor G640,Products formerly Sandy Bridge,,Intel,,2.80 GHz,65.0,2,2,,,,,,,,Intel,Desktop,intel-spec-dataset
Intel Pentium Processor G640T,Products formerly Sandy Bridge,,Intel,,2.40 GHz,35.0,2,2,,,,,,,,Intel,Desktop,intel-spec-dataset
Intel Pentium Processor G860T,Products formerly Sandy Bridge,,Intel,,2.60 GHz,35.0,2,2,,,,,,,,Intel,Desktop,intel-spec-dataset
Intel Pentium Processor G870,Products formerly Sandy Bridge,,Intel,,3.10 GHz,65.0,2,2,,,,,,,,Intel,Desktop,intel-spec-dataset
Intel Pentium Processor B915C,Products formerly Gladden,,Intel,,1.50 GHz,15.0,2,4,,,,,,,,Intel,Embedded,intel-spec-dataset
Intel Pentium Processor 977,Products formerly Sandy Bridge,,Intel,,1.40 GHz,17.0,2,2,,,,,,,,Intel,Mobile,intel-spec-dataset
Intel Pentium Processor B970,Products formerly Sandy Bridge,,Intel,,2.30 GHz,35.0,2,2,,,,,,,,Intel,Mobile,intel-spec-dataset
Intel Pentium Processor 967,Products formerly Sandy Bridge,,Intel,,1.30 GHz,17.0,2,2,,,,,,,,Intel,Mobile,intel-spec-dataset
Intel Pentium Processor B960,Products formerly Sandy Bridge,,Intel,,2.20 GHz,35.0,2,2,,,,,,,,Intel,Mobile,intel-spec-dataset
Intel Pentium Processor G630,Products formerly Sandy Bridge,,Intel,,2.70 GHz,65.0,2,2,,,,,,,,Intel,Desktop,intel-spec-dataset
Intel Pentium Processor G630T,Products formerly Sandy Bridge,,Intel,,2.30 GHz,35.0,2,2,,,,,,,,Intel,Desktop,intel-spec-dataset
Intel Pentium Processor G632,Products formerly Sandy Bridge,,Intel,,2.70 GHz,65.0,2,2,,,,,,,,Intel,Desktop,intel-spec-dataset
Intel Pentium Processor G6951,Products formerly Clarkdale,,Intel,,2.80 GHz,73.0,2,2,,,,,,,,Intel,Desktop,intel-spec-dataset
Intel Pentium Processor G860,Products formerly Sandy Bridge,,Intel,,3.00 GHz,65.0,2,2,,,,,,,,Intel,Desktop,intel-spec-dataset
Intel Pentium Processor 957,Products formerly Sandy Bridge,,Intel,,1.20 GHz,17.0,2,2,,,,,,,,Intel,Mobile,intel-spec-dataset
Intel Pentium Processor B940,Products formerly Sandy Bridge,,Intel,,2.00 GHz,35.0,2,2,,,,,,,,Intel,Mobile,intel-spec-dataset
Intel Pentium Processor B950,Products formerly Sandy Bridge,,Intel,,2.10 GHz,35.0,2,2,,,,,,,,Intel,Mobile,intel-spec-dataset
Intel Pentium Processor G620,Products formerly Sandy Bridge,,Intel,,2.60 GHz,65.0,2,2,,,,,,,,Intel,Desktop,intel-spec-dataset
Intel Pentium Processor G620T,Products formerly Sandy Bridge,,Intel,,2.20 GHz,35.0,2,2,,,,,,,,Intel,Desktop,intel-spec-dataset
Intel Pentium Processor G622,Products formerly Sandy Bridge,,Intel,,2.60 GHz,65.0,2,2,,,,,,,,Intel,Desktop,intel-spec-dataset
Intel Pentium Processor G840,Products formerly Sandy Bridge,,Intel,,2.80 GHz,65.0,2,2,,,,,,,,Intel,Desktop,intel-spec-dataset
Intel Pentium Processor G850,Products formerly Sandy Bridge,,Intel,,2.90 GHz,65.0,2,2,,,,,,,,Intel,Desktop,intel-spec-dataset
Intel Pentium Processor G6960,Products formerly Clarkdale,,Intel,,2.93 GHz,73.0,2,2,,,,,,,,Intel,Desktop,intel-spec-dataset
Intel Pentium Processor U5600,Products formerly Arrandale,,Intel,,1.33 GHz,18.0,2,2,,,,,,,,Intel,Mobile,intel-spec-dataset
Intel Pentium Processor P6300,Products formerly Arrandale,,Intel,,2.27 GHz,35.0,2,2,,,,,,,,Intel,Mobile,intel-spec-dataset
Intel Pentium Processor E5800,Products formerly Wolfdale,,Intel,,3.20 GHz,65.0,2,,,,,,,,,Intel,Desktop,intel-spec-dataset
Intel Pentium Processor E5700,Products formerly Wolfdale,,Intel,,3.00 GHz,65.0,2,,,,,,,,,Intel,Desktop,intel-spec-dataset
Intel Pentium Processor E6800,Products formerly Wolfdale,,Intel,,3.33 GHz,65.0,2,,,,,,,,,Intel,Desktop,intel-spec-dataset
Intel Pentium Processor P6100,Products formerly Arrandale,,Intel,,2.00 GHz,35.0,2,2,,,,,,,,Intel,Mobile,intel-spec-dataset
Intel Pentium Processor P6200,Products formerly Arrandale,,Intel,,2.13 GHz,35.0,2,2,,,,,,,,Intel,Mobile,intel-spec-dataset
Intel Pentium Processor E6700,Products formerly Wolfdale,,Intel,,3.20 GHz,65.0,2,,,,,,,,,Intel,Desktop,intel-spec-dataset
Intel Pentium Processor U5400,Products formerly Arrandale,,Intel,,1.20 GHz,18.0,2,2,,,,,,,,Intel,Mobile,intel-spec-dataset
Intel Pentium Processor E5500,Products formerly Wolfdale,,Intel,,2.80 GHz,65.0,2,,,,,,,,,Intel,Desktop,intel-spec-dataset
Intel Pentium Processor P6000,Products formerly Arrandale,,Intel,,1.86 GHz,35.0,2,2,,,,,,,,Intel,Mobile,intel-spec-dataset
Intel Pentium Processor G6950,Products formerly Clarkdale,,Intel,,2.80 GHz,73.0,2,2,,,,,,,,Intel,Desktop,intel-spec-dataset
Intel Pentium Processor E6600,Products formerly Wolfdale,,Intel,,3.06 GHz,65.0,2,,,,,,,,,Intel,Desktop,intel-spec-dataset
Intel Pentium Processor T4500,Products formerly Penryn,,Intel,,2.30 GHz,35.0,2,,,,,,,,,Intel,Mobile,intel-spec-dataset
Intel Pentium Processor T4400,Products formerly Penryn,,Intel,,2.20 GHz,35.0,2,,,,,,,,,Intel,Mobile,intel-spec-dataset
Intel Pentium Processor E6500,Products formerly Wolfdale,,Intel,,2.93 GHz,65.0,2,,,,,,,,,Intel,Desktop,intel-spec-dataset
Intel Pentium Processor E6500K,Products formerly Wolfdale,,Intel,,2.93 GHz,65.0,2,,,,,,,,,Intel,Desktop,intel-spec-dataset
Intel Pentium Processor E6300,Products formerly Wolfdale,,Intel,,2.80 GHz,65.0,2,,,,,,,,,Intel,Desktop,intel-spec-dataset
Intel Pentium Processor E5400,Products formerly Wolfdale,,Intel,,2.70 GHz,65.0,2,,,,,,,,,Intel,Desktop,intel-spec-dataset
Intel Pentium Processor T4200,Products formerly Penryn,,Intel,,2.00 GHz,35.0,2,,,,,,,,,Intel,Mobile,intel-spec-dataset
Intel Pentium Processor E5300,Products formerly Wolfdale,,Intel,,2.60 GHz,65.0,2,,,,,,,,,Intel,Desktop,intel-spec-dataset
Intel Pentium Processor T3400,Products formerly Merom,,Intel,,2.16 GHz,35.0,2,,,,,,,,,Intel,Mobile,intel-spec-dataset
Intel Pentium Processor E5200,Products formerly Wolfdale,,Intel,,2.50 GHz,65.0,2,,,,,,,,,Intel,Desktop,intel-spec-dataset
Intel Pentium Processor T2370,Products formerly Merom,,Intel,,1.73 GHz,35.0,2,,,,,,,,,Intel,Mobile,intel-spec-dataset
Intel Pentium Processor E2200,Products formerly Conroe,,Intel,,2.20 GHz,65.0,2,,,,,,,,,Intel,Desktop,intel-spec-dataset
Intel Pentium Processor T2310,Products formerly Merom,,Intel,,1.46 GHz,35.0,2,,,,,,,,,Intel,Mobile,intel-spec-dataset
Intel Pentium Processor T2330,Products formerly Merom,,Intel,,1.60 GHz,35.0,2,,,,,,,,,Intel,Mobile,intel-spec-dataset
Intel Pentium Processor E2180,Products formerly Conroe,,Intel,,2.00 GHz,65.0,2,,,,,,,,,Intel,Desktop,intel-spec-dataset
Intel Pentium Processor E2140,Products formerly Conroe,,Intel,,1.60 GHz,65.0,2,,,,,,,,,Intel,Desktop,intel-spec-dataset
Intel Pentium Processor T2080,Products formerly Yonah,,Intel,,1.73 GHz,31.0,2,,,,,,,,,Intel,Mobile,intel-spec-dataset
Intel Pentium Processor T2130,Products formerly Yonah,,Intel,,1.86 GHz,31.0,2,,,,,,,,,Intel,Mobile,intel-spec-dataset
Intel Pentium D Processor 935,Products formerly Presler,,Intel,,3.20 GHz,95.0,2,,,,,,,,,Intel,Desktop,intel-spec-dataset
Intel Pentium Processor T2060,Products formerly Yonah,,Intel,,1.60 GHz,31.0,2,,,,,,,,,Intel,Mobile,intel-spec-dataset
Intel Pentium 4 Processor 651 supporting HT Technology,Products formerly Cedarmill,,Intel,,3.40 GHz,86.0,1,,,,,,,,,Intel,Desktop,intel-spec-dataset
Intel Pentium D Processor 915,Products formerly Presler,,Intel,,2.80 GHz,95.0,2,,,,,,,,,Intel,Desktop,intel-spec-dataset
Intel Pentium D Processor 925,Products formerly Presler,,Intel,,3.00 GHz,95.0,2,,,,,,,,,Intel,Desktop,intel-spec-dataset
Intel Pentium D Processor 945,Products formerly Presler,,Intel,,3.40 GHz,95.0,2,,,,,,,,,Intel,Desktop,intel-spec-dataset
Intel Pentium Processor E2160,Products formerly Conroe,,Intel,,1.80 GHz,65.0,2,,,,,,,,,Intel,Desktop,intel-spec-dataset
Intel Pentium 4 Processor 524 supporting HT Technology,Products formerly Prescott,,Intel,,3.06 GHz,84.0,1,,,,,,,,,Intel,Desktop,intel-spec-dataset
Intel Pentium D Processor 960,Products formerly Presler,,Intel,,3.60 GHz,130.0,2,,,,,,,,,Intel,Desktop,intel-spec-dataset
Intel Pentium 4 Processor 631 supporting HT Technology,Products formerly Cedarmill,,Intel,,3.00 GHz,86.0,1,,,,,,,,,Intel,Desktop,intel-spec-dataset
Intel Pentium 4 Processor 641 supporting HT Technology,Products formerly Cedarmill,,Intel,,3.20 GHz,86.0,1,,,,,,,,,Intel,Desktop,intel-spec-dataset
Intel Pentium 4 Processor 661 supporting HT Technology,Products formerly Cedarmill,,Intel,,3.60 GHz,86.0,1,,,,,,,,,Intel,Desktop,intel-spec-dataset
Intel Pentium D Processor 920,Products formerly Presler,,Intel,,2.80 GHz,95.0,2,,,,,,,,,Intel,Desktop,intel-spec-dataset
Intel Pentium D Processor 930,Products formerly Presler,,Intel,,3.00 GHz,95.0,2,,,,,,,,,Intel,Desktop,intel-spec-dataset
Intel Pentium D Processor 940,Products formerly Presler,,Intel,,3.20 GHz,130.0,2,,,,,,,,,Intel,Desktop,intel-spec-dataset
Intel Pentium D Processor 950,Products formerly Presler,,Intel,,3.40 GHz,130.0,2,,,,,,,,,Intel,Desktop,intel-spec-dataset
Intel Pentium Processor Extreme Edition 955,Products formerly Presler,,Intel,,3.46 GHz,130.0,2,,,,,,,,,Intel,Desktop,intel-spec-dataset
Intel Pentium Processor Extreme Edition 965,Products formerly Presler,,Intel,,3.73 GHz,130.0,2,,,,,,,,,Intel,Desktop,intel-spec-dataset
Intel Pentium 4 Processor 511,Products formerly Prescott,,Intel,,2.80 GHz,84.0,1,,,,,,,,,Intel,Desktop,intel-spec-dataset
Intel Pentium 4 Processor 516,Products formerly Prescott,,Intel,,2.93 GHz,84.0,1,,,,,,,,,Intel,Desktop,intel-spec-dataset
Intel Pentium 4 Processor 540J supporting HT Technology,Products formerly Prescott,,Intel,,3.20 GHz,84.0,1,,,,,,,,,Intel,Desktop,intel-spec-dataset
Intel Pentium 4 Processor 630 supporting HT Technology,Products formerly Prescott,,Intel,,3.00 GHz,84.0,1,,,,,,,,,Intel,Desktop,intel-spec-dataset
Intel Pentium 4 Processor 662 supporting HT Technology,Products formerly Prescott,,Intel,,3.60 GHz,115.0,1,,,,,,,,,Intel,Desktop,intel-spec-dataset
Intel Pentium 4 Processor 672 supporting HT Technology,Products formerly Prescott,,Intel,,3.80 GHz,115.0,1,,,,,,,,,Intel,Desktop,intel-spec-dataset
Intel Pentium 4 Processor 515/515J,Products formerly Prescott,,Intel,,2.93 GHz,84.0,1,,,,,,,,,Intel,Desktop,intel-spec-dataset
Intel Pentium 4 Processor 517 supporting HT Technology,Products formerly Prescott,,Intel,,2.93 GHz,84.0,1,,,,,,,,,Intel,Desktop,intel-spec-dataset
Intel Pentium 4 Processor 521 supporting HT Technology,Products formerly Prescott,,Intel,,2.80 GHz,84.0,1,,,,,,,,,Intel,Desktop,intel-spec-dataset
Intel Pentium 4 Processor 561 supporting HT Technology,Products formerly Prescott,,Intel,,3.60 GHz,115.0,1,,,,,,,,,Intel,Desktop,intel-spec-dataset
Intel Pentium 4 Processor 571 supporting HT Technology,Products formerly Prescott,,Intel,,3.80 GHz,115.0,1,,,,,,,,,Intel,Desktop,intel-spec-dataset
Intel Pentium 4 Processor 506,Products formerly Prescott,,Intel,,2.66 GHz,84.0,1,,,,,,,,,Intel,Desktop,intel-spec-dataset
Intel Pentium 4 Processor 670 supporting HT Technology,Products formerly Prescott,,Intel,,3.80 GHz,115.0,1,,,,,,,,,Intel,Desktop,intel-spec-dataset
Intel Pentium D Processor 820,Products formerly Smithfield,,Intel,,2.80 GHz,95.0,2,,,,,,,,,Intel,Desktop,intel-spec-dataset
Intel Pentium D Processor 830,Products formerly Smithfield,,Intel,,3.00 GHz,130.0,2,,,,,,,,,Intel,Desktop,intel-spec-dataset
Intel Pentium D Processor 840,Products formerly Smithfield,,Intel,,3.20 GHz,130.0,2,,,,,,,,,Intel,Desktop,intel-spec-dataset
Intel Pentium Processor Extreme Edition 840,Products formerly Smithfield,,Intel,,3.20 GHz,130.0,2,,,,,,,,,Intel,Desktop,intel-spec-dataset
Intel Pentium 4 Processor 505/505J,Products formerly Prescott,,Intel,,2.66 GHz,84.0,1,,,,,,,,,Intel,Desktop,intel-spec-dataset
Intel Pentium 4 Processor 640 supporting HT Technology,Products formerly Prescott,,Intel,,3.20 GHz,84.0,1,,,,,,,,,Intel,Desktop,intel-spec-dataset
Intel Pentium 4 Processor 650 supporting HT Technology,Products formerly Prescott,,Intel,,3.40 GHz,84.0,1,,,,,,,,,Intel,Desktop,intel-spec-dataset
Intel Pentium 4 Processor 660 supporting HT Technology,Products formerly Prescott,,Intel,,3.60 GHz,115.0,1,,,,,,,,,Intel,Desktop,intel-spec-dataset
Intel Pentium D Processor 805,Products formerly Smithfield,,Intel,,2.66 GHz,95.0,2,,,,,,,,,Intel,Desktop,intel-spec-dataset
Intel Pentium M Processor 760,Products formerly Dothan,,Intel,,2.00 GHz,27.0,1,,,,,,,,,Intel,Mobile,intel-spec-dataset
Intel Pentium 4 Processor 519K,Products formerly Prescott,,Intel,,3.06 GHz,84.0,1,,,,,,,,,Intel,Desktop,intel-spec-dataset
Intel Pentium 4 Processor 520J supporting HT Technology,Products formerly Prescott,,Intel,,2.80 GHz,84.0,1,,,,,,,,,Intel,Desktop,intel-spec-dataset
Intel Pentium 4 Processor 530J supporting HT Technology,Products formerly Prescott,,Intel,,3.00 GHz,84.0,1,,,,,,,,,Intel,Desktop,intel-spec-dataset
Intel Pentium 4 Processor 550J supporting HT Technology,Products formerly Prescott,,Intel,,3.40 GHz,84.0,1,,,,,,,,,Intel,Desktop,intel-spec-dataset
Intel Pentium 4 Processor 570J supporting HT Technology,Products formerly Prescott,,Intel,,3.80 GHz,115.0,1,,,,,,,,,Intel,Desktop,intel-spec-dataset
"Pentium 4 Processor Extreme Edition supporting HT Technology 3.46 GHz, 2M Cache, 1066 MHz FSB",Products formerly Northwood,,Intel,,3.46 GHz,110.7,1,,,,,,,,,Intel,Desktop,intel-spec-dataset
"Pentium 4 Processor Extreme Edition supporting HT Technology 3.73 GHz, 2M Cache, 1066 MHz FSB",Products formerly Prescott,,Intel,,3.73 GHz,115.0,1,,,,,,,,,Intel,Desktop,intel-spec-dataset
Intel Pentium M Processor LV 738,Products formerly Dothan,,Intel,,1.40 GHz,7.5,1,,,,,,,,,Intel,Mobile,intel-spec-dataset
Intel Pentium 4 Processor 541 supporting HT Technology,Products formerly Prescott,,Intel,,3.20 GHz,84.0,1,,,,,,,,,Intel,Desktop,intel-spec-dataset
Intel Pentium 4 Processor 531 supporting HT Technology,Products formerly Prescott,,Intel,,3.00 GHz,84.0,1,,,,,,,,,Intel,Desktop,intel-spec-dataset
Intel Pentium 4 Processor 551 supporting HT Technology,Products formerly Prescott,,Intel,,3.40 GHz,84.0,1,,,,,,,,,Intel,Desktop,intel-spec-dataset
Intel Pentium M Processor 745,Products formerly Dothan,,Intel,,1.80 GHz,7.5,1,,,,,,,,,Intel,Mobile,intel-spec-dataset
Intel Pentium M Processor 745A,Products formerly Dothan,,Intel,,1.80 GHz,21.0,1,,,,,,,,,Intel,Mobile,intel-spec-dataset
Intel Pentium 4 Processor 520 supporting HT Technology,Products formerly Prescott,,Intel,,2.80 GHz,84.0,1,,,,,,,,,Intel,Desktop,intel-spec-dataset
Intel Pentium 4 Processor 530/530J supporting HT Technology,Products formerly Prescott,,Intel,,3.00 GHz,84.0,1,,,,,,,,,Intel,Desktop,intel-spec-dataset
Intel Pentium 4 Processor 540/540J supporting HT Technology,Products formerly Prescott,,Intel,,3.20 GHz,84.0,1,,,,,,,,,Intel,Desktop,intel-spec-dataset
Intel Pentium 4 Processor 550 supporting HT Technology,Products formerly Prescott,,Intel,,3.40 GHz,115.0,1,,,,,,,,,Intel,Desktop,intel-spec-dataset
Intel Pentium M Processor 725,Products formerly Dothan,,Intel,,1.60 GHz,7.5,1,,,,,,,,,Intel,Mobile,intel-spec-dataset
"Intel Pentium 4 Processor 2.80 GHz, 512K Cache, 533 MHz FSB",Products formerly Northwood,,Intel,,2.80 GHz,68.4,1,,,,,,,,,Intel,Desktop,intel-spec-dataset
"Intel Pentium 4 Processor supporting HT Technology 2.80E GHz, 1M Cache, 800 MHz FSB",Products formerly Prescott,,Intel,,2.80 GHz,89.0,1,,,,,,,,,Intel,Desktop,intel-spec-dataset
"Intel Pentium 4 Processor supporting HT Technology 3.00 GHz, 1M Cache, 800 MHz FSB",Products formerly Prescott,,Intel,,3.00 GHz,89.0,1,,,,,,,,,Intel,Desktop,intel-spec-dataset
"Intel Pentium 4 Processor supporting HT Technology 3.00E GHz, 1M Cache, 800 MHz FSB",Products formerly Prescott,,Intel,,3.00 GHz,89.0,1,,,,,,,,,Intel,Desktop,intel-spec-dataset
"Intel Pentium 4 Processor supporting HT Technology 3.20 GHz, 1M Cache, 800 MHz FSB",Products formerly Prescott,,Intel,,3.20 GHz,103.0,1,,,,,,,,,Intel,Desktop,intel-spec-dataset
"Intel Pentium 4 Processor supporting HT Technology 3.20E GHz, 1M Cache, 800 MHz FSB",Products formerly Prescott,,Intel,,3.20 GHz,103.0,1,,,,,,,,,Intel,Desktop,intel-spec-dataset
"Intel Pentium 4 Processor supporting HT Technology 3.40 GHz, 1M Cache, 800 MHz FSB",Products formerly Prescott,,Intel,,3.40 GHz,103.0,1,,,,,,,,,Intel,Desktop,intel-spec-dataset
"Intel Pentium 4 Processor supporting HT Technology 3.40E GHz, 1M Cache, 800 MHz FSB",Products formerly Prescott,,Intel,,3.40 GHz,103.0,1,,,,,,,,,Intel,Desktop,intel-spec-dataset
"Intel Pentium M Processor 1.60 GHz, 1M Cache, 400 MHz FSB",Products formerly Banias,,Intel,,1.60 GHz,24.5,1,,,,,,,,,Intel,Mobile,intel-spec-dataset
"Intel Pentium M Processor LV 1.10 GHz, 1M Cache, 400 MHz FSB",Products formerly Banias,,Intel,,1.10 GHz,12.0,1,,,,,,,,,Intel,Mobile,intel-spec-dataset
"Intel Pentium 4 Processor 2.60 GHz, 512K Cache, 400 MHz FSB",Products formerly Northwood,,Intel,,2.60 GHz,62.6,1,,,,,,,,,Intel,Desktop,intel-spec-dataset
"Mobile Intel Pentium 4 Processor - M 2.20 GHz, 512K Cache, 400 MHz FSB",Products formerly Northwood,,Intel,,2.20 GHz,35.0,1,,,,,,,,,Intel,Mobile,intel-spec-dataset
"Mobile Intel Pentium 4 Processor - M 1.70 GHz, 512K Cache, 400 MHz FSB",Products formerly Northwood,,Intel,,1.70 GHz,30.0,1,,,,,,,,,Intel,Mobile,intel-spec-dataset
"Intel Pentium 4 Processor 2.00 GHz, 512K Cache, 400 MHz FSB",Products formerly Northwood,,Intel,,2.00 GHz,54.3,1,,,,,,,,,Intel,Desktop,intel-spec-dataset
"Intel Pentium 4 Processor 2.20 GHz, 512K Cache, 400 MHz FSB",Products formerly Northwood,,Intel,,2.20 GHz,57.1,1,,,,,,,,,Intel,Desktop,intel-spec-dataset
"Intel Pentium 4 Processor 2.40 GHz, 512K Cache, 400 MHz FSB",Products formerly Northwood,,Intel,,2.40 GHz,59.8,1,,,,,,,,,Intel,Desktop,intel-spec-dataset
"Intel Pentium 4 Processor 2.40 GHz, 512K Cache, 533 MHz FSB",Products formerly Northwood,,Intel,,2.40 GHz,59.8,1,,,,,,,,,Intel,Desktop,intel-spec-dataset
"Intel Pentium 4 Processor 2.50 GHz, 512K Cache, 400 MHz FSB",Products formerly Northwood,,Intel,,2.50 GHz,61.0,1,,,,,,,,,Intel,Desktop,intel-spec-dataset
"Intel Pentium III Processor - S 1.26 GHz, 512K Cache, 133 MHz FSB",Products formerly Tualatin,,Intel,,1.26 GHz,30.4,1,,,,,,,,,Intel,Server,intel-spec-dataset
"Intel Pentium III Processor - S 800 MHz, 512K Cache, 133 MHz FSB",Products formerly Tualatin,,Intel,,800 MHz,10.63,1,,,,,,,,,Intel,Server,intel-spec-dataset
"Intel Pentium III Processor - S 933 MHz, 512K Cache, 133 MHz FSB",Products formerly Tualatin,,Intel,,933 MHz,11.61,1,,,,,,,,,Intel,Server,intel-spec-dataset
"Intel Pentium III Processor 1.00 GHz, 256K Cache, 100 MHz FSB",Products formerly Coppermine,,Intel,,1.00 GHz,29.0,1,,,,,,,,,Intel,Desktop,intel-spec-dataset
"Intel Pentium III Processor 1.00 GHz, 256K Cache, 133 MHz FSB",Products formerly Coppermine,,Intel,,1.00 GHz,29.0,1,,,,,,,,,Intel,Desktop,intel-spec-dataset
"Intel Pentium III Processor 600 MHz, 256K Cache, 100 MHz FSB",Products formerly Coppermine,,Intel,,600 MHz,19.5,1,,,,,,,,,Intel,Desktop,intel-spec-dataset
"Intel Pentium III Processor 700 MHz, 256K Cache, 100 MHz FSB",Products formerly Coppermine,,Intel,,700 MHz,18.3,1,,,,,,,,,Intel,Desktop,intel-spec-dataset
"Intel Pentium III Processor 733 MHz, 256K Cache, 133 MHz FSB",Products formerly Coppermine,,Intel,,733 MHz,22.8,1,,,,,,,,,Intel,Desktop,intel-spec-dataset
"Intel Pentium III Processor 850 MHz, 256K Cache, 100 MHz FSB",Products formerly Coppermine,,Intel,,850 MHz,22.5,1,,,,,,,,,Intel,Desktop,intel-spec-dataset
"Intel Pentium III Processor 866 MHz, 256K Cache, 133 MHz FSB",Products formerly Coppermine,,Intel,,866 MHz,26.1,1,,,,,,,,,Intel,Desktop,intel-spec-dataset
Intel Celeron Processor G6900,Products formerly Alder Lake,,Intel,,,46.0,2,2,,,,,,,,Intel,Desktop,intel-spec-dataset
Intel Celeron Processor G6900E,Products formerly Alder Lake,,Intel,,,46.0,2,2,,,,,,,,Intel,Embedded,intel-spec-dataset
Intel Celeron Processor G6900T,Products formerly Alder Lake,,Intel,,,35.0,2,2,,,,,,,,Intel,Desktop,intel-spec-dataset
Intel Celeron Processor G6900TE,Products formerly Alder Lake,,Intel,,,35.0,2,2,,,,,,,,Intel,Embedded,intel-spec-dataset
Intel Celeron Processor G5905,Products formerly Comet Lake,,Intel,,3.50 GHz,58.0,2,2,,,,,,,,Intel,Desktop,intel-spec-dataset
Intel Celeron Processor G5905T,Products formerly Comet Lake,,Intel,,3.30 GHz,35.0,2,2,,,,,,,,Intel,Desktop,intel-spec-dataset
Intel Celeron Processor G5925,Products formerly Comet Lake,,Intel,,3.60 GHz,58.0,2,2,,,,,,,,Intel,Desktop,intel-spec-dataset
Intel Celeron Processor G5900,Products formerly Comet Lake,,Intel,,3.40 GHz,58.0,2,2,,,,,,,,Intel,Desktop,intel-spec-dataset
Intel Celeron Processor G5900E,Products formerly Comet Lake,,Intel,,3.20 GHz,58.0,2,2,,,,,,,,Intel,Embedded,intel-spec-dataset
Intel Celeron Processor G5900T,Products formerly Comet Lake,,Intel,,3.20 GHz,35.0,2,2,,,,,,,,Intel,Desktop,intel-spec-dataset
Intel Celeron Processor G5900TE,Products formerly Comet Lake,,Intel,,3.00 GHz,35.0,2,2,,,,,,,,Intel,Embedded,intel-spec-dataset
Intel Celeron Processor G5920,Products formerly Comet Lake,,Intel,,3.50 GHz,58.0,2,2,,,,,,,,Intel,Desktop,intel-spec-dataset
Intel Celeron Processor G4930E,Products formerly Coffee Lake,,Intel,,2.40 GHz,35.0,2,2,,,,,,,,Intel,Embedded,intel-spec-dataset
Intel Celeron Processor G4932E,Products formerly Coffee Lake,,Intel,,1.90 GHz,25.0,2,2,,,,,,,,Intel,Embedded,intel-spec-dataset
Intel Celeron Processor G4930,Products formerly Coffee Lake,,Intel,,3.20 GHz,54.0,2,2,,,,,,,,Intel,Desktop,intel-spec-dataset
Intel Celeron Processor G4930T,Products formerly Coffee Lake,,Intel,,3.00 GHz,35.0,2,2,,,,,,,,Intel,Desktop,intel-spec-dataset
Intel Celeron Processor G4950,Products formerly Coffee Lake,,Intel,,3.30 GHz,54.0,2,2,,,,,,,,Intel,Desktop,intel-spec-dataset
Intel Celeron G4900 Processor,Products formerly Coffee Lake,,Intel,,3.10 GHz,54.0,2,2,,,,,,,,Intel,Desktop,intel-spec-dataset
Intel Celeron G4900T Processor,Products formerly Coffee Lake,,Intel,,2.90 GHz,35.0,2,2,,,,,,,,Intel,Desktop,intel-spec-dataset
Intel Celeron G4920 Processor,Products formerly Coffee Lake,,Intel,,3.20 GHz,54.0,2,2,,,,,,,,Intel,Desktop,intel-spec-dataset
Intel Celeron Processor G3930E,Products formerly Kaby Lake,,Intel,,2.90 GHz,54.0,2,2,,,,,,,,Intel,Desktop,intel-spec-dataset
Intel Celeron Processor G3930TE,Products formerly Kaby Lake,,Intel,,2.70 GHz,35.0,2,2,,,,,,,,Intel,Desktop,intel-spec-dataset
Intel Celeron Processor G3930,Products formerly Kaby Lake,,Intel,,2.90 GHz,51.0,2,2,,,,,,,,Intel,Desktop,intel-spec-dataset
Intel Celeron Processor G3930T,Products formerly Kaby Lake,,Intel,,2.70 GHz,35.0,2,2,,,,,,,,Intel,Desktop,intel-spec-dataset
Intel Celeron Processor G3950,Products formerly Kaby Lake,,Intel,,3.00 GHz,51.0,2,2,,,,,,,,Intel,Desktop,intel-spec-dataset
Intel Celeron Processor G3900E,Products formerly Skylake,,Intel,,2.40 GHz,35.0,2,2,,,,,,,,Intel,Embedded,intel-spec-dataset
Intel Celeron Processor G3902E,Products formerly Skylake,,Intel,,1.60 GHz,25.0,2,2,,,,,,,,Intel,Embedded,intel-spec-dataset
Intel Celeron Processor G3900,Products formerly Skylake,,Intel,,2.80 GHz,51.0,2,2,,,,,,,,Intel,Desktop,intel-spec-dataset
Intel Celeron Processor G3900T,Products formerly Skylake,,Intel,,2.60 GHz,35.0,2,2,,,,,,,,Intel,Desktop,intel-spec-dataset
Intel Celeron Processor G3900TE,Products formerly Skylake,,Intel,,2.30 GHz,35.0,2,2,,,,,,,,Intel,Embedded,intel-spec-dataset
Intel Celeron Processor G3920,Products formerly Skylake,,Intel,,2.90 GHz,51.0,2,2,,,,,,,,Intel,Desktop,intel-spec-dataset
Intel Celeron Processor G1840,Products formerly Haswell,,Intel,,2.80 GHz,53.0,2,2,,,,,,,,Intel,Desktop,intel-spec-dataset
Intel Celeron Processor G1840T,Products formerly Haswell,,Intel,,2.50 GHz,35.0,2,2,,,,,,,,Intel,Desktop,intel-spec-dataset
Intel Celeron Processor G1850,Products formerly Haswell,,Intel,,2.90 GHz,53.0,2,2,,,,,,,,Intel,Desktop,intel-spec-dataset
Intel Celeron Processor G1820TE,Products formerly Haswell,,Intel,,2.20 GHz,35.0,2,2,,,,,,,,Intel,Embedded,intel-spec-dataset
Intel Celeron Processor G1820,Products formerly Haswell,,Intel,,2.70 GHz,53.0,2,2,,,,,,,,Intel,Desktop,intel-spec-dataset
Intel Celeron Processor G1820T,Products formerly Haswell,,Intel,,2.40 GHz,35.0,2,2,,,,,,,,Intel,Desktop,intel-spec-dataset
Intel Celeron Processor G1830,Products formerly Haswell,,Intel,,2.80 GHz,53.0,2,2,,,,,,,,Intel,Desktop,intel-spec-dataset
Intel Celeron Processor G1620T,Products formerly Ivy Bridge,,Intel,,2.40 GHz,35.0,2,2,,,,,,,,Intel,Desktop,intel-spec-dataset
Intel Celeron Processor G1630,Products formerly Ivy Bridge,,Intel,,2.80 GHz,55.0,2,2,,,,,,,,Intel,Desktop,intel-spec-dataset
Intel Celeron Processor G1610,Products formerly Ivy Bridge,,Intel,,2.60 GHz,55.0,2,2,,,,,,,,Intel,Desktop,intel-spec-dataset
Intel Celeron Processor G1610T,Products formerly Ivy Bridge,,Intel,,2.30 GHz,35.0,2,2,,,,,,,,Intel,Desktop,intel-spec-dataset
Intel Celeron Processor G1620,Products formerly Ivy Bridge,,Intel,,2.70 GHz,55.0,2,2,,,,,,,,Intel,Desktop,intel-spec-dataset
Intel Celeron Processor J6412,Products formerly Elkhart Lake,,Intel,,2.00 GHz,10.0,4,4,,,,,,,,Intel,Embedded,intel-spec-dataset
Intel Celeron Processor J6413,Products formerly Elkhart Lake,,Intel,,1.80 GHz,10.0,4,4,,,,,,,,Intel,Embedded,intel-spec-dataset
Intel Celeron Processor J4025,Products formerly Gemini Lake Refresh,,Intel,,2.00 GHz,10.0,2,2,,,,,,,,Intel,Mobile,intel-spec-dataset
Intel Celeron Processor J4125,Products formerly Gemini Lake Refresh,,Intel,,2.00 GHz,10.0,4,4,,,,,,,,Intel,Mobile,intel-spec-dataset
Intel Celeron Processor J3355E,Products formerly Apollo Lake,,Intel,,2.00 GHz,10.0,2,2,,,,,,,,Intel,Desktop,intel-spec-dataset
Intel Celeron Processor J3455E,Products formerly Apollo Lake,,Intel,,1.50 GHz,10.0,4,4,,,,,,,,Intel,Desktop,intel-spec-dataset
Intel Celeron J4005 Processor,Products formerly Gemini Lake,,Intel,,2.00 GHz,10.0,2,2,,,,,,,,Intel,Mobile,intel-spec-dataset
Intel Celeron J4105 Processor,Products formerly Gemini Lake,,Intel,,1.50 GHz,10.0,4,4,,,,,,,,Intel,Mobile,intel-spec-dataset
Intel Celeron Processor J3355,Products formerly Apollo Lake,,Intel,,2.00 GHz,10.0,2,2,,,,,,,,Intel,Desktop,intel-spec-dataset
Intel Celeron Processor J3455,Products formerly Apollo Lake,,Intel,,1.50 GHz,10.0,4,4,,,,,,,,Intel,Desktop,intel-spec-dataset
Intel Celeron Processor J3060,Products formerly Braswell,,Intel,,1.60 GHz,6.0,2,2,,,,,,,,Intel,Desktop,intel-spec-dataset
Intel Celeron Processor J3160,Products formerly Braswell,,Intel,,1.60 GHz,6.0,4,4,,,,,,,,Intel,Desktop,intel-spec-dataset
Intel Celeron Processor J1800,Products formerly Bay Trail,,Intel,,2.41 GHz,10.0,2,2,,,,,,,,Intel,Desktop,intel-spec-dataset
Intel Celeron Processor J1900,Products formerly Bay Trail,,Intel,,2.00 GHz,10.0,4,4,,,,,,,,Intel,Desktop,intel-spec-dataset
Intel Celeron Processor J1750,Products formerly Bay Trail,,Intel,,2.41 GHz,10.0,2,2,,,,,,,,Intel,Desktop,intel-spec-dataset
Intel Celeron Processor J1850,Products formerly Bay Trail,,Intel,,2.00 GHz,10.0,4,4,,,,,,,,Intel,Desktop,intel-spec-dataset
Intel Celeron Processor N6210,Products formerly Elkhart Lake,,Intel,,1.20 GHz,6.5,2,2,,,,,,,,Intel,Embedded,intel-spec-dataset
Intel Celeron Processor N4500,Products formerly Jasper Lake,,Intel,,1.10 GHz,6.0,2,2,,,,,,,,Intel,Mobile,intel-spec-dataset
Intel Celeron Processor N4505,Products formerly Jasper Lake,,Intel,,2.00 GHz,10.0,2,2,,,,,,,,Intel,Mobile,intel-spec-dataset
Intel Celeron Processor N5100,Products formerly Jasper Lake,,Intel,,1.10 GHz,6.0,4,4,,,,,,,,Intel,Mobile,intel-spec-dataset
Intel Celeron Processor N5105,Products formerly Jasper Lake,,Intel,,2.00 GHz,10.0,4,4,,,,,,,,Intel,Mobile,intel-spec-dataset
Intel Celeron Processor N6211,Products formerly Elkhart Lake,,Intel,,1.20 GHz,6.5,2,2,,,,,,,,Intel,Embedded,intel-spec-dataset
Intel Celeron Processor N4020,Products formerly Gemini Lake Refresh,,Intel,,1.10 GHz,6.0,2,2,,,,,,,,Intel,Mobile,intel-spec-dataset
Intel Celeron Processor N4120,Products formerly Gemini Lake Refresh,,Intel,,1.10 GHz,6.0,4,4,,,,,,,,Intel,Mobile,intel-spec-dataset
Intel Celeron Processor N3350E,Products formerly Apollo Lake,,Intel,,1.10 GHz,6.0,2,2,,,,,,,,Intel,Mobile,intel-spec-dataset
Intel Celeron Processor N4000,Products formerly Gemini Lake,,Intel,,1.10 GHz,6.0,2,2,,,,,,,,Intel,Mobile,intel-spec-dataset
Intel Celeron Processor N4100,Products formerly Gemini Lake,,Intel,,1.10 GHz,6.0,4,4,,,,,,,,Intel,Mobile,intel-spec-dataset
Intel Celeron Processor N3350,Products formerly Apollo Lake,,Intel,,1.10 GHz,6.0,2,2,,,,,,,,Intel,Mobile,intel-spec-dataset
Intel Celeron Processor N3450,Products formerly Apollo Lake,,Intel,,1.10 GHz,6.0,4,4,,,,,,,,Intel,Mobile,intel-spec-dataset
Intel Celeron Processor N3010,Products formerly Braswell,,Intel,,1.04 GHz,4.0,2,2,,,,,,,,Intel,Mobile,intel-spec-dataset
Intel Celeron Processor N3060,Products formerly Braswell,,Intel,,1.60 GHz,6.0,2,2,,,,,,,,Intel,Mobile,intel-spec-dataset
Intel Celeron Processor N3160,Products formerly Braswell,,Intel,,1.60 GHz,6.0,4,4,,,,,,,,Intel,Mobile,intel-spec-dataset
Intel Celeron Processor N3000,Products formerly Braswell,,Intel,,1.04 GHz,4.0,2,2,,,,,,,,Intel,Mobile,intel-spec-dataset
Intel Celeron Processor N3050,Products formerly Braswell,,Intel,,1.60 GHz,6.0,2,2,,,,,,,,Intel,Mobile,intel-spec-dataset
Intel Celeron Processor N3150,Products formerly Braswell,,Intel,,1.60 GHz,6.0,4,4,,,,,,,,Intel,Mobile,intel-spec-dataset
Intel Celeron Processor N2808,Products formerly Bay Trail,,Intel,,1.58 GHz,4.5,2,2,,,,,,,,Intel,Mobile,intel-spec-dataset
Intel Celeron Processor N2840,Products formerly Bay Trail,,Intel,,2.16 GHz,7.5,2,2,,,,,,,,Intel,Mobile,intel-spec-dataset
Intel Celeron Processor N2940,Products formerly Bay Trail,,Intel,,1.83 GHz,7.5,4,4,,,,,,,,Intel,Mobile,intel-spec-dataset
Intel Celeron Processor N2807,Products formerly Bay Trail,,Intel,,1.58 GHz,4.3,2,2,,,,,,,,Intel,Mobile,intel-spec-dataset
Intel Celeron Processor N2830,Products formerly Bay Trail,,Intel,,2.16 GHz,7.5,2,2,,,,,,,,Intel,Mobile,intel-spec-dataset
Intel Celeron Processor N2930,Products formerly Bay Trail,,Intel,,1.83 GHz,7.5,4,4,,,,,,,,Intel,Mobile,intel-spec-dataset
Intel Celeron Processor N2806,Products formerly Bay Trail,,Intel,,1.60 GHz,4.5,2,2,,,,,,,,Intel,Mobile,intel-spec-dataset
Intel Celeron Processor N2815,Products formerly Bay Trail,,Intel,,1.86 GHz,7.5,2,2,,,,,,,,Intel,Mobile,intel-spec-dataset
Intel Celeron Processor N2820,Products formerly Bay Trail,,Intel,,2.13 GHz,7.5,2,2,,,,,,,,Intel,Mobile,intel-spec-dataset
Intel Celeron Processor N2920,Products formerly Bay Trail,,Intel,,1.86 GHz,7.5,4,4,,,,,,,,Intel,Mobile,intel-spec-dataset
Intel Celeron Processor N2805,Products formerly Bay Trail,,Intel,,1.46 GHz,4.3,2,2,,,,,,,,Intel,Mobile,intel-spec-dataset
Intel Celeron Processor N2810,Products formerly Bay Trail,,Intel,,2.00 GHz,7.5,2,2,,,,,,,,Intel,Mobile,intel-spec-dataset
Intel Celeron Processor N2910,Products formerly Bay Trail,,Intel,,1.60 GHz,7.5,4,4,,,,,,,,Intel,Mobile,intel-spec-dataset
Intel Celeron Processor 7305L,Products formerly Alder Lake,,Intel,,1.10 GHz,15.0,5,5,,,,,,,,Intel,Embedded,intel-spec-dataset
Intel Celeron Processor 7305E,Products formerly Alder Lake,,Intel,,1.00 GHz,15.0,5,5,,,,,,,,Intel,Embedded,intel-spec-dataset
Intel Celeron Processor 7300,Products formerly Alder Lake,,Intel,,,9.0,5,5,,,,,,,,Intel,Mobile,intel-spec-dataset
Intel Celeron Processor 7305,Products formerly Alder Lake,,Intel,,,15.0,5,5,,,,,,,,Intel,Mobile,intel-spec-dataset
Intel Celeron 6600HE Processor,Products formerly Tiger Lake,,Intel,,2.60 GHz,35.0,2,2,,,,,,,,Intel,Embedded,intel-spec-dataset
Intel Celeron 6305 Processor,Products formerly Tiger Lake,,Intel,,,15.0,2,2,,,,,,,,Intel,Mobile,intel-spec-dataset
Intel Celeron 6305E Processor,Products formerly Tiger Lake,,Intel,,1.80 GHz,15.0,2,2,,,,,,,,Intel,Embedded,intel-spec-dataset
Intel Celeron Processor 5305U,Products formerly Comet Lake,,Intel,,2.30 GHz,15.0,2,2,,,,,,,,Intel,Mobile,intel-spec-dataset
Intel Celeron Processor 5205U,Products formerly Comet Lake,,Intel,,1.90 GHz,15.0,2,2,,,,,,,,Intel,Mobile,intel-spec-dataset
Intel Celeron Processor 4305U,Products formerly Whiskey Lake,,Intel,,2.20 GHz,15.0,2,2,,,,,,,,Intel,Mobile,intel-spec-dataset
Intel Celeron Processor 4205U,Products formerly Whiskey Lake,,Intel,,1.80 GHz,15.0,2,2,,,,,,,,Intel,Mobile,intel-spec-dataset
Intel Celeron Processor 4305UE,Products formerly Whiskey Lake,,Intel,,2.00 GHz,15.0,2,2,,,,,,,,Intel,Embedded,intel-spec-dataset
Intel Celeron Processor 3867U,Products formerly Kaby Lake R,,Intel,,1.80 GHz,15.0,2,2,,,,,,,,Intel,Mobile,intel-spec-dataset
Intel Celeron Processor 3965Y,Products formerly Kaby Lake,,Intel,,1.50 GHz,6.0,2,2,,,,,,,,Intel,Mobile,intel-spec-dataset
Intel Celeron Processor 3865U,Products formerly Kaby Lake,,Intel,,1.80 GHz,15.0,2,2,,,,,,,,Intel,Mobile,intel-spec-dataset
Intel Celeron Processor 3965U,Products formerly Kaby Lake,,Intel,,2.20 GHz,15.0,2,2,,,,,,,,Intel,Mobile,intel-spec-dataset
Intel Celeron Processor 3855U,Products formerly Skylake,,Intel,,1.60 GHz,15.0,2,2,,,,,,,,Intel,Mobile,intel-spec-dataset
Intel Celeron Processor 3955U,Products formerly Skylake,,Intel,,2.00 GHz,15.0,2,2,,,,,,,,Intel,Mobile,intel-spec-dataset
Intel Celeron Processor 3215U,Products formerly Broadwell,,Intel,,1.70 GHz,15.0,2,2,,,,,,,,Intel,Mobile,intel-spec-dataset
Intel Celeron Processor 3765U,Products formerly Broadwell,,Intel,,1.90 GHz,15.0,2,2,,,,,,,,Intel,Mobile,intel-spec-dataset
Intel Celeron Processor 3205U,Products formerly Broadwell,,Intel,,1.50 GHz,15.0,2,2,,,,,,,,Intel,Mobile,intel-spec-dataset
Intel Celeron Processor 3755U,Products formerly Broadwell,,Intel,,1.70 GHz,15.0,2,2,,,,,,,,Intel,Mobile,intel-spec-dataset
Intel Celeron Processor 2970M,Products formerly Haswell,,Intel,,2.20 GHz,37.0,2,2,,,,,,,,Intel,Mobile,intel-spec-dataset
Intel Celeron Processor 2000E,Products formerly Haswell,,Intel,,2.20 GHz,37.0,2,2,,,,,,,,Intel,Embedded,intel-spec-dataset
Intel Celeron Processor 2002E,Products formerly Haswell,,Intel,,1.50 GHz,25.0,2,2,,,,,,,,Intel,Embedded,intel-spec-dataset
Intel Celeron Processor 2957U,Products formerly Haswell,,Intel,,1.40 GHz,15.0,2,2,,,,,,,,Intel,Mobile,intel-spec-dataset
Intel Celeron Processor 2961Y,Products formerly Haswell,,Intel,,1.10 GHz,11.5,2,2,,,,,,,,Intel,Mobile,intel-spec-dataset
Intel Celeron Processor 2981U,Products formerly Haswell,,Intel,,1.60 GHz,15.0,2,2,,,,,,,,Intel,Mobile,intel-spec-dataset
Intel Celeron Processor 2950M,Products formerly Haswell,,Intel,,2.00 GHz,37.0,2,2,,,,,,,,Intel,Mobile,intel-spec-dataset
Intel Celeron Processor 2955U,Products formerly Haswell,,Intel,,1.40 GHz,15.0,2,2,,,,,,,,Intel,Mobile,intel-spec-dataset
Intel Celeron Processor 2980U,Products formerly Haswell,,Intel,,1.60 GHz,15.0,2,2,,,,,,,,Intel,Mobile,intel-spec-dataset
Intel Celeron Processor 1005M,Products formerly Ivy Bridge,,Intel,,1.90 GHz,35.0,2,2,,,,,,,,Intel,Mobile,intel-spec-dataset
Intel Celeron Processor 1017U,Products formerly Ivy Bridge,,Intel,,1.60 GHz,17.0,2,2,,,,,,,,Intel,Mobile,intel-spec-dataset
Intel Celeron Processor 1019Y,Products formerly Ivy Bridge,,Intel,,1.00 GHz,10.0,2,2,,,,,,,,Intel,Mobile,intel-spec-dataset
Intel Celeron Processor 1000M,Products formerly Ivy Bridge,,Intel,,1.80 GHz,35.0,2,2,,,,,,,,Intel,Mobile,intel-spec-dataset
Intel Celeron Processor 1020E,Products formerly Ivy Bridge,,Intel,,2.20 GHz,35.0,2,2,,,,,,,,Intel,Embedded,intel-spec-dataset
Intel Celeron Processor 1020M,Products formerly Ivy Bridge,,Intel,,2.10 GHz,35.0,2,2,,,,,,,,Intel,Mobile,intel-spec-dataset
Intel Celeron Processor 1037U,Products formerly Ivy Bridge,,Intel,,1.80 GHz,17.0,2,2,,,,,,,,Intel,Mobile,intel-spec-dataset
Intel Celeron Processor 1047UE,Products formerly Ivy Bridge,,Intel,,1.40 GHz,17.0,2,2,,,,,,,,Intel,Embedded,intel-spec-dataset
Intel Celeron Processor G470,Products formerly Sandy Bridge,,Intel,,2.00 GHz,35.0,1,2,,,,,,,,Intel,Desktop,intel-spec-dataset
Intel Celeron Processor 927UE,Products formerly Ivy Bridge,,Intel,,1.50 GHz,17.0,1,1,,,,,,,,Intel,Embedded,intel-spec-dataset
Intel Celeron Processor 887,Products formerly Sandy Bridge,,Intel,,1.50 GHz,17.0,2,2,,,,,,,,Intel,Mobile,intel-spec-dataset
Intel Celeron Processor B830,Products formerly Sandy Bridge,,Intel,,1.80 GHz,35.0,2,2,,,,,,,,Intel,Mobile,intel-spec-dataset
Intel Celeron Processor G465,Products formerly Sandy Bridge,,Intel,,1.90 GHz,35.0,1,2,,,,,,,,Intel,Desktop,intel-spec-dataset
Intel Celeron Processor G550T,Products formerly Sandy Bridge,,Intel,,2.20 GHz,35.0,2,2,,,,,,,,Intel,Desktop,intel-spec-dataset
Intel Celeron Processor G555,Products formerly Sandy Bridge,,Intel,,2.70 GHz,65.0,2,2,,,,,,,,Intel,Desktop,intel-spec-dataset
Intel Celeron Processor 807,Products formerly Sandy Bridge,,Intel,,1.50 GHz,17.0,1,2,,,,,,,,Intel,Mobile,intel-spec-dataset
Intel Celeron Processor 877,Products formerly Sandy Bridge,,Intel,,1.40 GHz,17.0,2,2,,,,,,,,Intel,Mobile,intel-spec-dataset
Intel Celeron Processor B820,Products formerly Sandy Bridge,,Intel,,1.70 GHz,35.0,2,2,,,,,,,,Intel,Mobile,intel-spec-dataset
Intel Celeron Processor G540T,Products formerly Sandy Bridge,,Intel,,2.10 GHz,35.0,2,2,,,,,,,,Intel,Desktop,intel-spec-dataset
Intel Celeron Processor G550,Products formerly Sandy Bridge,,Intel,,2.60 GHz,65.0,2,2,,,,,,,,Intel,Desktop,intel-spec-dataset
Intel Celeron Processor 725C,Products formerly Gladden,,Intel,,1.30 GHz,10.0,1,2,,,,,,,,Intel,Embedded,intel-spec-dataset
Intel Celeron Processor 867,Products formerly Sandy Bridge,,Intel,,1.30 GHz,17.0,2,2,,,,,,,,Intel,Mobile,intel-spec-dataset
Intel Celeron Processor B720,Products formerly Sandy Bridge,,Intel,,1.70 GHz,35.0,1,1,,,,,,,,Intel,Mobile,intel-spec-dataset
Intel Celeron Processor B815,Products formerly Sandy Bridge,,Intel,,1.60 GHz,35.0,2,2,,,,,,,,Intel,Mobile,intel-spec-dataset
Intel Celeron Processor G460,Products formerly Sandy Bridge,,Intel,,1.80 GHz,35.0,1,2,,,,,,,,Intel,Desktop,intel-spec-dataset
Intel Celeron Processor 807UE,Products formerly Sandy Bridge,,Intel,,1.00 GHz,10.0,1,1,,,,,,,,Intel,Embedded,intel-spec-dataset
Intel Celeron Processor B840,Products formerly Sandy Bridge,,Intel,,1.90 GHz,35.0,2,2,,,,,,,,Intel,Mobile,intel-spec-dataset
Intel Celeron Processor G440,Products formerly Sandy Bridge,,Intel,,1.60 GHz,35.0,1,1,,,,,,,,Intel,Desktop,intel-spec-dataset
Intel Celeron Processor G530,Products formerly Sandy Bridge,,Intel,,2.40 GHz,65.0,2,2,,,,,,,,Intel,Desktop,intel-spec-dataset
Intel Celeron Processor G530T,Products formerly Sandy Bridge,,Intel,,2.00 GHz,35.0,2,2,,,,,,,,Intel,Desktop,intel-spec-dataset
Intel Celeron Processor G540,Products formerly Sandy Bridge,,Intel,,2.50 GHz,65.0,2,2,,,,,,,,Intel,Desktop,intel-spec-dataset
Intel Celeron Processor 787,Products formerly Sandy Bridge,,Intel,,1.30 GHz,17.0,1,1,,,,,,,,Intel,Mobile,intel-spec-dataset
Intel Celeron Processor 827E,Products formerly Sandy Bridge,,Intel,,1.40 GHz,17.0,1,1,,,,,,,,Intel,Embedded,intel-spec-dataset
Intel Celeron Processor B710,Products formerly Sandy Bridge,,Intel,,1.60 GHz,35.0,1,1,,,,,,,,Intel,Mobile,intel-spec-dataset
Intel Celeron Processor 857,Products formerly Sandy Bridge,,Intel,,1.20 GHz,17.0,2,2,,,,,,,,Intel,Mobile,intel-spec-dataset
Intel Celeron Processor 847,Products formerly Sandy Bridge,,Intel,,1.10 GHz,17.0,2,,,,,,,,,Intel,Mobile,intel-spec-dataset
Intel Celeron Processor 847E,Products formerly Sandy Bridge,,Intel,,1.10 GHz,17.0,2,2,,,,,,,,Intel,Embedded,intel-spec-dataset
Intel Celeron Processor B800,Products formerly Sandy Bridge,,Intel,,1.50 GHz,35.0,2,2,,,,,,,,Intel,Mobile,intel-spec-dataset
Intel Celeron Processor B810E,Products formerly Sandy Bridge,,Intel,,1.60 GHz,35.0,2,2,,,,,,,,Intel,Embedded,intel-spec-dataset
Intel Celeron Processor B810,Products formerly Sandy Bridge,,Intel,,1.60 GHz,35.0,2,2,,,,,,,,Intel,Mobile,intel-spec-dataset
Intel Celeron Processor 925,Products formerly Penryn,,Intel,,2.30 GHz,35.0,1,,,,,,,,,Intel,Mobile,intel-spec-dataset
Intel Celeron Processor U3600,Products formerly Arrandale,,Intel,,1.20 GHz,18.0,2,2,,,,,,,,Intel,Mobile,intel-spec-dataset
Intel Celeron Processor ULV 763,Products formerly Penryn,,Intel,,1.40 GHz,10.0,1,,,,,,,,,Intel,Mobile,intel-spec-dataset
Intel Celeron Processor E3500,Products formerly Wolfdale,,Intel,,2.70 GHz,65.0,2,,,,,,,,,Intel,Desktop,intel-spec-dataset
Intel Celeron Processor P4600,Products formerly Arrandale,,Intel,,2.00 GHz,35.0,2,2,,,,,,,,Intel,Mobile,intel-spec-dataset
Intel Celeron Processor T3500,Products formerly Penryn,,Intel,,2.10 GHz,35.0,2,,,,,,,,,Intel,Mobile,intel-spec-dataset
Intel Celeron Processor U3400,Products formerly Arrandale,,Intel,,1.06 GHz,18.0,2,2,,,,,,,,Intel,Mobile,intel-spec-dataset
Intel Celeron Processor P4500,Products formerly Arrandale,,Intel,,1.86 GHz,35.0,2,2,,,,,,,,Intel,Mobile,intel-spec-dataset
Intel Celeron Processor E3400,Products formerly Wolfdale,,Intel,,2.60 GHz,65.0,2,,,,,,,,,Intel,Desktop,intel-spec-dataset
Intel Celeron Processor P1053,Products formerly Jasper Forest,,Intel,,1.33 GHz,30.0,1,2,,,,,,,,Intel,Embedded,intel-spec-dataset
Intel Celeron Processor P4505,Products formerly Arrandale,,Intel,,1.86 GHz,35.0,2,2,,,,,,,,Intel,Mobile,intel-spec-dataset
Intel Celeron Processor T3300,Products formerly Penryn,,Intel,,2.00 GHz,35.0,2,,,,,,,,,Intel,Mobile,intel-spec-dataset
Intel Celeron Processor U3405,Products formerly Arrandale,,Intel,,1.06 GHz,18.0,2,2,,,,,,,,Intel,Mobile,intel-spec-dataset
Intel Celeron M Processor ULV 743,Products formerly Penryn,,Intel,,1.30 GHz,10.0,1,,,,,,,,,Intel,Mobile,intel-spec-dataset
Intel Celeron Processor SU2300,Products formerly Penryn,,Intel,,1.20 GHz,10.0,2,,,,,,,,,Intel,Mobile,intel-spec-dataset
Intel Celeron Processor E3200,Products formerly Wolfdale,,Intel,,2.40 GHz,65.0,2,,,,,,,,,Intel,Desktop,intel-spec-dataset
Intel Celeron Processor E3300,Products formerly Wolfdale,,Intel,,2.50 GHz,65.0,2,,,,,,,,,Intel,Desktop,intel-spec-dataset
Intel Celeron Processor T3100,Products formerly Penryn,,Intel,,1.90 GHz,35.0,2,,,,,,,,,Intel,Mobile,intel-spec-dataset
Intel Celeron Processor ULV 573,Products formerly Merom,,Intel,,1.00 GHz,10.0,1,,,,,,,,,Intel,Mobile,intel-spec-dataset
Intel Celeron Processor E1600,Products formerly Conroe,,Intel,,2.40 GHz,65.0,2,,,,,,,,,Intel,Desktop,intel-spec-dataset
Intel Celeron Processor 900,Products formerly Penryn,,Intel,,2.20 GHz,35.0,1,,,,,,,,,Intel,Mobile,intel-spec-dataset
Intel Celeron Processor T1600,Products formerly Merom,,Intel,,1.66 GHz,35.0,2,,,,,,,,,Intel,Mobile,intel-spec-dataset
Intel Celeron Processor T1700,Products formerly Merom,,Intel,,1.83 GHz,35.0,2,,,,,,,,,Intel,Mobile,intel-spec-dataset
Intel Celeron Processor E1500,Products formerly Conroe,,Intel,,2.20 GHz,65.0,2,,,,,,,,,Intel,Desktop,intel-spec-dataset
Intel Celeron M Processor ULV 722,Products formerly Penryn,,Intel,,1.20 GHz,5.5,1,,,,,,,,,Intel,Mobile,intel-spec-dataset
Intel Celeron Processor 450,Products formerly Conroe,,Intel,,2.20 GHz,35.0,1,,,,,,,,,Intel,Desktop,intel-spec-dataset
Intel Celeron M Processor ULV 723,Products formerly Penryn,,Intel,,1.20 GHz,10.0,1,,,,,,,,,Intel,Mobile,intel-spec-dataset
Intel Celeron Processor 575,Products formerly Merom,,Intel,,2.00 GHz,31.0,1,,,,,,,,,Intel,Mobile,intel-spec-dataset
Intel Celeron Processor 585,Products formerly Merom,,Intel,,2.16 GHz,31.0,1,,,,,,,,,Intel,Mobile,intel-spec-dataset
Intel Celeron Processor E1400,Products formerly Conroe,,Intel,,2.00 GHz,65.0,2,,,,,,,,,Intel,Desktop,intel-spec-dataset
Intel Celeron Processor 570,Products formerly Merom,,Intel,,2.26 GHz,31.0,1,,,,,,,,,Intel,Mobile,intel-spec-dataset
Intel Celeron Processor E1200,Products formerly Conroe,,Intel,,1.60 GHz,65.0,2,,,,,,,,,Intel,Desktop,intel-spec-dataset
Intel Celeron Processor 560,Products formerly Merom,,Intel,,2.13 GHz,31.0,1,,,,,,,,,Intel,Mobile,intel-spec-dataset
Intel Celeron Processor 220,Products formerly Conroe,,Intel,,1.20 GHz,19.0,1,,,,,,,,,Intel,Desktop,intel-spec-dataset
Intel Celeron M Processor ULV 523,Products formerly Merom,,Intel,,930 MHz,5.5,1,,,,,,,,,Intel,Mobile,intel-spec-dataset
Intel Celeron Processor 540,Products formerly Merom,,Intel,,1.86 GHz,30.0,1,,,,,,,,,Intel,Mobile,intel-spec-dataset
Intel Celeron Processor 420,Products formerly Conroe,,Intel,,1.60 GHz,35.0,1,,,,,,,,,Intel,Desktop,intel-spec-dataset
Intel Celeron Processor 430,Products formerly Conroe,,Intel,,1.80 GHz,35.0,1,,,,,,,,,Intel,Desktop,intel-spec-dataset
Intel Celeron Processor 440,Products formerly Conroe,,Intel,,2.00 GHz,35.0,1,,,,,,,,,Intel,Desktop,intel-spec-dataset
Intel Celeron M Processor 530,Products formerly Merom,,Intel,,1.73 GHz,30.0,1,,,,,,,,,Intel,Mobile,intel-spec-dataset
Intel Celeron Processor 530,Products formerly Merom,,Intel,,1.73 GHz,27.0,1,,,,,,,,,Intel,Mobile,intel-spec-dataset
"Intel Celeron Processor 1.83 GHz, 1M Cache, 667 MHz FSB",Products formerly Sossaman,,Intel,,1.83 GHz,27.0,1,,,,,,,,,Intel,Desktop,intel-spec-dataset
Intel Celeron D Processor 365,Products formerly Cedarmill,,Intel,,3.60 GHz,65.0,1,,,,,,,,,Intel,Desktop,intel-spec-dataset
Intel Celeron M Processor 520,Products formerly Merom,,Intel,,1.60 GHz,30.0,1,,,,,,,,,Intel,Mobile,intel-spec-dataset
"Intel Celeron Processor 1.66 GHz, 1M Cache, 667 MHz FSB",Products formerly Sossaman,,Intel,,1.66 GHz,27.0,1,,,,,,,,,Intel,Desktop,intel-spec-dataset
Intel Celeron D Processor 347,Products formerly Cedarmill,,Intel,,3.06 GHz,86.0,1,,,,,,,,,Intel,Desktop,intel-spec-dataset
Intel Celeron D Processor 360,Products formerly Cedarmill,,Intel,,3.46 GHz,65.0,1,,,,,,,,,Intel,Desktop,intel-spec-dataset
Intel Celeron M Processor 440,Products formerly Yonah,,Intel,,1.86 GHz,27.0,1,,,,,,,,,Intel,Mobile,intel-spec-dataset
Intel Celeron Processor 550,Products formerly Merom,,Intel,,2.00 GHz,31.0,1,,,,,,,,,Intel,Mobile,intel-spec-dataset
Intel Celeron D Processor 352,Products formerly Cedarmill,,Intel,,3.20 GHz,86.0,1,,,,,,,,,Intel,Desktop,intel-spec-dataset
Intel Celeron D Processor 356,Products formerly Cedarmill,,Intel,,3.33 GHz,86.0,1,,,,,,,,,Intel,Desktop,intel-spec-dataset
Intel Celeron M Processor ULV 423,Products formerly Yonah,,Intel,,1.06 GHz,5.5,1,,,,,,,,,Intel,Mobile,intel-spec-dataset
Intel Celeron D Processor 310,Products formerly Prescott,,Intel,,2.13 GHz,73.0,1,,,,,,,,,Intel,Desktop,intel-spec-dataset
Intel Celeron D Processor 355,Products formerly Prescott,,Intel,,3.33 GHz,84.0,1,,,,,,,,,Intel,Desktop,intel-spec-dataset
Intel Celeron D Processor 341,Products formerly Prescott,,Intel,,2.93 GHz,84.0,1,,,,,,,,,Intel,Desktop,intel-spec-dataset
Intel Celeron D Processor 350,Products formerly Prescott,,Intel,,3.20 GHz,73.0,1,,,,,,,,,Intel,Desktop,intel-spec-dataset
Intel Celeron D Processor 350/350J,Products formerly Prescott,,Intel,,3.20 GHz,73.0,1,,,,,,,,,Intel,Desktop,intel-spec-dataset
Intel Celeron D Processor 351,Products formerly Prescott,,Intel,,3.20 GHz,84.0,1,,,,,,,,,Intel,Desktop,intel-spec-dataset
Intel Celeron M Processor 370,Products formerly Dothan,,Intel,,1.50 GHz,21.0,1,,,,,,,,,Intel,Mobile,intel-spec-dataset
Intel Celeron M Processor ULV 373,Products formerly Dothan,,Intel,,1.00 GHz,5.5,1,,,,,,,,,Intel,Mobile,intel-spec-dataset
Intel Celeron D Processor 325J,Products formerly Prescott,,Intel,,2.53 GHz,84.0,1,,,,,,,,,Intel,Desktop,intel-spec-dataset
Intel Celeron D Processor 330,Products formerly Prescott,,Intel,,2.66 GHz,73.0,1,,,,,,,,,Intel,Desktop,intel-spec-dataset
Intel Celeron D Processor 330J,Products formerly Prescott,,Intel,,2.66 GHz,84.0,1,,,,,,,,,Intel,Desktop,intel-spec-dataset
Intel Celeron D Processor 335J,Products formerly Prescott,,Intel,,2.80 GHz,84.0,1,,,,,,,,,Intel,Desktop,intel-spec-dataset
Intel Celeron D Processor 340,Products formerly Prescott,,Intel,,2.93 GHz,73.0,1,,,,,,,,,Intel,Desktop,intel-spec-dataset
Intel Celeron D Processor 340J,Products formerly Prescott,,Intel,,2.93 GHz,84.0,1,,,,,,,,,Intel,Desktop,intel-spec-dataset
Intel Celeron D Processor 345,Products formerly Prescott,,Intel,,3.06 GHz,73.0,1,,,,,,,,,Intel,Desktop,intel-spec-dataset
Intel Celeron D Processor 345J,Products formerly Prescott,,Intel,,3.06 GHz,84.0,1,,,,,,,,,Intel,Desktop,intel-spec-dataset
Intel Celeron D Processor 315,Products formerly Prescott,,Intel,,2.26 GHz,73.0,1,,,,,,,,,Intel,Desktop,intel-spec-dataset
Intel Celeron D Processor 335,Products formerly Prescott,,Intel,,2.80 GHz,73.0,1,,,,,,,,,Intel,Desktop,intel-spec-dataset
"Mobile Intel Celeron Processor 1.20 GHz, 256K Cache, 400 MHz FSB",Products formerly Northwood,,Intel,,1.20 GHz,20.8,1,,,,,,,,,Intel,Mobile,intel-spec-dataset
"Mobile Intel Celeron Processor 1.40 GHz, 256K Cache, 400 MHz FSB",Products formerly Northwood,,Intel,,1.40 GHz,30.0,1,,,,,,,,,Intel,Mobile,intel-spec-dataset
"Mobile Intel Celeron Processor 1.50 GHz, 256K Cache, 400 MHz FSB",Products formerly Northwood,,Intel,,1.50 GHz,30.0,1,,,,,,,,,Intel,Mobile,intel-spec-dataset
"Mobile Intel Celeron Processor 1.60 GHz, 256K Cache, 400 MHz FSB",Products formerly Northwood,,Intel,,1.60 GHz,30.0,1,,,,,,,,,Intel,Mobile,intel-spec-dataset
Intel Celeron D Processor 315/315J,Products formerly Prescott,,Intel,,2.26 GHz,73.0,1,,,,,,,,,Intel,Desktop,intel-spec-dataset
Intel Celeron D Processor 320,Products formerly Prescott,,Intel,,2.40 GHz,73.0,1,,,,,,,,,Intel,Desktop,intel-spec-dataset
Intel Celeron D Processor 325,Products formerly Prescott,,Intel,,2.53 GHz,73.0,1,,,,,,,,,Intel,Desktop,intel-spec-dataset
Intel Celeron D Processor 325/325J,Products formerly Prescott,,Intel,,2.53 GHz,84.0,1,,,,,,,,,Intel,Desktop,intel-spec-dataset
Intel Celeron D Processor 326,Products formerly Prescott,,Intel,,2.53 GHz,84.0,1,,,,,,,,,Intel,Desktop,intel-spec-dataset
Intel Celeron D Processor 330/330J,Products formerly Prescott,,Intel,,2.66 GHz,73.0,1,,,,,,,,,Intel,Desktop,intel-spec-dataset
Intel Celeron D Processor 335/335J,Products formerly Prescott,,Intel,,2.80 GHz,73.0,1,,,,,,,,,Intel,Desktop,intel-spec-dataset
Intel Celeron M Processor 320,Products formerly Banias,,Intel,,1.30 GHz,24.5,1,,,,,,,,,Intel,Mobile,intel-spec-dataset
"Intel Celeron Processor 2.50 GHz, 128K Cache, 400 MHz FSB",Products formerly Northwood,,Intel,,2.50 GHz,61.0,1,,,,,,,,,Intel,Desktop,intel-spec-dataset
"Intel Celeron M Processor 600 MHz, 512K Cache, 400 MHz FSB",Products formerly Banias,,Intel,,600 MHz,7.0,1,,,,,,,,,Intel,Mobile,intel-spec-dataset
"Intel Celeron Processor 2.00 GHz, 128K Cache, 400 MHz FSB",Products formerly Northwood,,Intel,,2.00 GHz,52.8,1,,,,,,,,,Intel,Desktop,intel-spec-dataset
"Intel Celeron Processor 1.70 GHz, 128K Cache, 400 MHz FSB",Products formerly Northwood,,Intel,,1.70 GHz,63.5,1,,,,,,,,,Intel,Desktop,intel-spec-dataset
"Mobile Intel Celeron Processor 2.20 GHz, 256K Cache, 400 MHz FSB",Products formerly Northwood,,Intel,,2.20 GHz,35.0,1,,,,,,,,,Intel,Mobile,intel-spec-dataset
"Mobile Intel Celeron Processor 2.40 GHz, 256K Cache, 400 MHz FSB",Products formerly Northwood,,Intel,,2.40 GHz,35.0,1,,,,,,,,,Intel,Mobile,intel-spec-dataset
"Mobile Intel Celeron Processor LV 650 MHz, 256K Cache, 100 MHz FSB",Products formerly Tualatin,,Intel,,650 MHz,8.3,1,,,,,,,,,Intel,Mobile,intel-spec-dataset
"Intel Celeron Processor 566 MHz, 128K Cache, 66 MHz FSB",Products formerly Coppermine,,Intel,,566 MHz,19.2,1,,,,,,,,,Intel,Desktop,intel-spec-dataset
"Intel Celeron Processor 733 MHz, 128K Cache, 66 MHz FSB",Products formerly Coppermine,,Intel,,733 MHz,23.6,1,,,,,,,,,Intel,Desktop,intel-spec-dataset
"Intel Celeron Processor 850 MHz, 128K Cache, 100 MHz FSB",Products formerly Coppermine,,Intel,,850 MHz,25.7,1,,,,,,,,,Intel,Desktop,intel-spec-dataset
"Intel Celeron Processor 433 MHz, 128K Cache, 66 MHz FSB",Products formerly Mendocino,,Intel,,433 MHz,24.1,1,,,,,,,,,Intel,Desktop,intel-spec-dataset
"Intel Celeron Processor 300 MHz, 128K Cache, 66 MHz FSB",Products formerly Mendocino,,Intel,,300 MHz,17.8,1,,,,,,,,,Intel,Desktop,intel-spec-dataset
"Intel Celeron Processor 366 MHz, 128K Cache, 66 MHz FSB",Products formerly Mendocino,,Intel,,366 MHz,21.7,1,,,,,,,,,Intel,Desktop,intel-spec-dataset
Intel Xeon Platinum 8444H Processor,Products formerly Sapphire Rapids,,Intel,,2.90 GHz,270.0,16,32,,,,,,,,Intel,Server,intel-spec-dataset
Intel Xeon Platinum 8450H Processor,Products formerly Sapphire Rapids,,Intel,,2.00 GHz,250.0,28,56,,,,,,,,Intel,Server,intel-spec-dataset
Intel Xeon Platinum 8452Y Processor,Products formerly Sapphire Rapids,,Intel,,2.00 GHz,300.0,36,72,,,,,,,,Intel,Server,intel-spec-dataset
Intel Xeon Platinum 8454H Processor,Products formerly Sapphire Rapids,,Intel,,2.10 GHz,270.0,32,64,,,,,,,,Intel,Server,intel-spec-dataset
Intel Xeon Platinum 8458P Processor,Products formerly Sapphire Rapids,,Intel,,2.70 GHz,350.0,44,88,,,,,,,,Intel,Server,intel-spec-dataset
Intel Xeon Platinum 8460H Processor,Products formerly Sapphire Rapids,,Intel,,2.20 GHz,330.0,40,80,,,,,,,,Intel,Server,intel-spec-dataset
Intel Xeon Platinum 8460Y+ Processor,Products formerly Sapphire Rapids,,Intel,,2.00 GHz,300.0,40,80,,,,,,,,Intel,Server,intel-spec-dataset
Intel Xeon Platinum 8461V Processor,Products formerly Sapphire Rapids,,Intel,,2.20 GHz,300.0,48,96,,,,,,,,Intel,Server,intel-spec-dataset
Intel Xeon Platinum 8462Y+ Processor,Products formerly Sapphire Rapids,,Intel,,2.80 GHz,300.0,32,64,,,,,,,,Intel,Server,intel-spec-dataset
Intel Xeon Platinum 8468 Processor,Products formerly Sapphire Rapids,,Intel,,2.10 GHz,350.0,48,96,,,,,,,,Intel,Server,intel-spec-dataset
Intel Xeon Platinum 8468H Processor,Products formerly Sapphire Rapids,,Intel,,2.10 GHz,330.0,48,96,,,,,,,,Intel,Server,intel-spec-dataset
Intel Xeon Platinum 8468V Processor,Products formerly Sapphire Rapids,,Intel,,2.40 GHz,330.0,48,96,,,,,,,,Intel,Server,intel-spec-dataset
Intel Xeon Platinum 8470 Processor,Products formerly Sapphire Rapids,,Intel,,2.00 GHz,350.0,52,104,,,,,,,,Intel,Server,intel-spec-dataset
Intel Xeon Platinum 8470N Processor,Products formerly Sapphire Rapids,,Intel,,1.70 GHz,300.0,52,104,,,,,,,,Intel,Server,intel-spec-dataset
Intel Xeon Platinum 8470Q Processor,Products formerly Sapphire Rapids,,Intel,,2.10 GHz,350.0,52,104,,,,,,,,Intel,Server,intel-spec-dataset
Intel Xeon Platinum 8471N Processor,Products formerly Sapphire Rapids,,Intel,,1.80 GHz,300.0,52,104,,,,,,,,Intel,Server,intel-spec-dataset
Intel Xeon Platinum 8480+ Processor,Products formerly Sapphire Rapids,,Intel,,2.00 GHz,350.0,56,112,,,,,,,,Intel,Server,intel-spec-dataset
Intel Xeon Platinum 8490H Processor,Products formerly Sapphire Rapids,,Intel,,1.90 GHz,350.0,60,120,,,,,,,,Intel,Server,intel-spec-dataset
Intel Xeon Gold 5411N Processor,Products formerly Sapphire Rapids,,Intel,,1.90 GHz,165.0,24,48,,,,,,,,Intel,Server,intel-spec-dataset
Intel Xeon Gold 5415+ Processor,Products formerly Sapphire Rapids,,Intel,,2.90 GHz,150.0,8,16,,,,,,,,Intel,Server,intel-spec-dataset
Intel Xeon Gold 5416S Processor,Products formerly Sapphire Rapids,,Intel,,2.00 GHz,150.0,16,32,,,,,,,,Intel,Server,intel-spec-dataset
Intel Xeon Gold 5418N Processor,Products formerly Sapphire Rapids,,Intel,,1.80 GHz,165.0,24,48,,,,,,,,Intel,Server,intel-spec-dataset
Intel Xeon Gold 5418Y Processor,Products formerly Sapphire Rapids,,Intel,,2.00 GHz,185.0,24,48,,,,,,,,Intel,Server,intel-spec-dataset
Intel Xeon Gold 5420+ Processor,Products formerly Sapphire Rapids,,Intel,,2.00 GHz,205.0,28,56,,,,,,,,Intel,Server,intel-spec-dataset
Intel Xeon Gold 5423N Processor,Products formerly Sapphire Rapids Edge Enhanced,,Intel,,2.10 GHz,145.0,20,40,,,,,,,,Intel,Server,intel-spec-dataset
Intel Xeon Gold 5433N Processor,Products formerly Sapphire Rapids Edge Enhanced,,Intel,,2.30 GHz,160.0,20,40,,,,,,,,Intel,Server,intel-spec-dataset
Intel Xeon Gold 6414U Processor,Products formerly Sapphire Rapids,,Intel,,2.00 GHz,250.0,32,64,,,,,,,,Intel,Server,intel-spec-dataset
Intel Xeon Gold 6416H Processor,Products formerly Sapphire Rapids,,Intel,,2.20 GHz,165.0,18,36,,,,,,,,Intel,Server,intel-spec-dataset
Intel Xeon Gold 6418H Processor,Products formerly Sapphire Rapids,,Intel,,2.10 GHz,185.0,24,48,,,,,,,,Intel,Server,intel-spec-dataset
Intel Xeon Gold 6421N Processor,Products formerly Sapphire Rapids,,Intel,,1.80 GHz,185.0,32,64,,,,,,,,Intel,Server,intel-spec-dataset
Intel Xeon Gold 6426Y Processor,Products formerly Sapphire Rapids,,Intel,,2.50 GHz,185.0,16,32,,,,,,,,Intel,Server,intel-spec-dataset
Intel Xeon Gold 6428N Processor,Products formerly Sapphire Rapids,,Intel,,1.80 GHz,185.0,32,64,,,,,,,,Intel,Server,intel-spec-dataset
Intel Xeon Gold 6430 Processor,Products formerly Sapphire Rapids,,Intel,,2.10 GHz,270.0,32,64,,,,,,,,Intel,Server,intel-spec-dataset
Intel Xeon Gold 6434 Processor,Products formerly Sapphire Rapids,,Intel,,3.70 GHz,195.0,8,16,,,,,,,,Intel,Server,intel-spec-dataset
Intel Xeon Gold 6434H Processor,Products formerly Sapphire Rapids,,Intel,,3.70 GHz,195.0,8,16,,,,,,,,Intel,Server,intel-spec-dataset
Intel Xeon Gold 6438M Processor,Products formerly Sapphire Rapids,,Intel,,2.20 GHz,205.0,32,64,,,,,,,,Intel,Server,intel-spec-dataset
Intel Xeon Gold 6438N Processor,Products formerly Sapphire Rapids,,Intel,,2.00 GHz,205.0,32,64,,,,,,,,Intel,Server,intel-spec-dataset
Intel Xeon Gold 6438Y+ Processor,Products formerly Sapphire Rapids,,Intel,,2.00 GHz,205.0,32,64,,,,,,,,Intel,Server,intel-spec-dataset
Intel Xeon Gold 6442Y Processor,Products formerly Sapphire Rapids,,Intel,,2.60 GHz,225.0,24,48,,,,,,,,Intel,Server,intel-spec-dataset
Intel Xeon Gold 6444Y Processor,Products formerly Sapphire Rapids,,Intel,,3.60 GHz,270.0,16,32,,,,,,,,Intel,Server,intel-spec-dataset
Intel Xeon Gold 6448H Processor,Products formerly Sapphire Rapids,,Intel,,2.40 GHz,250.0,32,64,,,,,,,,Intel,Server,intel-spec-dataset
Intel Xeon Gold 6448Y Processor,Products formerly Sapphire Rapids,,Intel,,2.10 GHz,225.0,32,64,,,,,,,,Intel,Server,intel-spec-dataset
Intel Xeon Gold 6454S Processor,Products formerly Sapphire Rapids,,Intel,,2.20 GHz,270.0,32,64,,,,,,,,Intel,Server,intel-spec-dataset
Intel Xeon Gold 6458Q Processor,Products formerly Sapphire Rapids,,Intel,,3.10 GHz,350.0,32,64,,,,,,,,Intel,Server,intel-spec-dataset
Intel Xeon Silver 4410T Processor,Products formerly Sapphire Rapids,,Intel,,2.70 GHz,150.0,10,20,,,,,,,,Intel,Server,intel-spec-dataset
Intel Xeon Silver 4410Y Processor,Products formerly Sapphire Rapids,,Intel,,2.00 GHz,150.0,12,24,,,,,,,,Intel,Server,intel-spec-dataset
Intel Xeon Silver 4416+ Processor,Products formerly Sapphire Rapids,,Intel,,2.00 GHz,165.0,20,40,,,,,,,,Intel,Server,intel-spec-dataset
Intel Xeon Bronze 3408U Processor,Products formerly Sapphire Rapids,,Intel,,1.80 GHz,125.0,8,8,,,,,,,,Intel,Server,intel-spec-dataset
Intel Xeon Gold 5315Y Processor,Products formerly Ice Lake,,Intel,,3.20 GHz,140.0,8,16,,,,,,,,Intel,Server,intel-spec-dataset
Intel Xeon Gold 5317 Processor,Products formerly Ice Lake,,Intel,,3.00 GHz,150.0,12,24,,,,,,,,Intel,Server,intel-spec-dataset
Intel Xeon Gold 5318N Processor,Products formerly Ice Lake,,Intel,,2.10 GHz,150.0,24,48,,,,,,,,Intel,Server,intel-spec-dataset
Intel Xeon Gold 5318S Processor,Products formerly Ice Lake,,Intel,,2.10 GHz,165.0,24,48,,,,,,,,Intel,Server,intel-spec-dataset
Intel Xeon Gold 5318Y Processor,Products formerly Ice Lake,,Intel,,2.10 GHz,165.0,24,48,,,,,,,,Intel,Server,intel-spec-dataset
Intel Xeon Gold 5320 Processor,Products formerly Ice Lake,,Intel,,2.20 GHz,185.0,26,52,,,,,,,,Intel,Server,intel-spec-dataset
Intel Xeon Gold 5320T Processor,Products formerly Ice Lake,,Intel,,2.30 GHz,150.0,20,40,,,,,,,,Intel,Server,intel-spec-dataset
Intel Xeon Gold 6312U Processor,Products formerly Ice Lake,,Intel,,2.40 GHz,185.0,24,48,,,,,,,,Intel,Server,intel-spec-dataset
Intel Xeon Gold 6314U Processor,Products formerly Ice Lake,,Intel,,2.30 GHz,205.0,32,64,,,,,,,,Intel,Server,intel-spec-dataset
Intel Xeon Gold 6326 Processor,Products formerly Ice Lake,,Intel,,2.90 GHz,185.0,16,32,,,,,,,,Intel,Server,intel-spec-dataset
Intel Xeon Gold 6330 Processor,Products formerly Ice Lake,,Intel,,2.00 GHz,205.0,28,56,,,,,,,,Intel,Server,intel-spec-dataset
Intel Xeon Gold 6330N Processor,Products formerly Ice Lake,,Intel,,2.20 GHz,165.0,28,56,,,,,,,,Intel,Server,intel-spec-dataset
Intel Xeon Gold 6334 Processor,Products formerly Ice Lake,,Intel,,3.60 GHz,165.0,8,16,,,,,,,,Intel,Server,intel-spec-dataset
Intel Xeon Gold 6336Y Processor,Products formerly Ice Lake,,Intel,,2.40 GHz,185.0,24,48,,,,,,,,Intel,Server,intel-spec-dataset
Intel Xeon Gold 6338 Processor,Products formerly Ice Lake,,Intel,,2.00 GHz,205.0,32,64,,,,,,,,Intel,Server,intel-spec-dataset
Intel Xeon Gold 6338N Processor,Products formerly Ice Lake,,Intel,,2.20 GHz,185.0,32,64,,,,,,,,Intel,Server,intel-spec-dataset
Intel Xeon Gold 6338T Processor,Products formerly Ice Lake,,Intel,,2.10 GHz,165.0,24,48,,,,,,,,Intel,Server,intel-spec-dataset
Intel Xeon Gold 6342 Processor,Products formerly Ice Lake,,Intel,,2.80 GHz,230.0,24,48,,,,,,,,Intel,Server,intel-spec-dataset
Intel Xeon Gold 6346 Processor,Products formerly Ice Lake,,Intel,,3.10 GHz,205.0,16,32,,,,,,,,Intel,Server,intel-spec-dataset
Intel Xeon Gold 6348 Processor,Products formerly Ice Lake,,Intel,,2.60 GHz,235.0,28,56,,,,,,,,Intel,Server,intel-spec-dataset
Intel Xeon Gold 6354 Processor,Products formerly Ice Lake,,Intel,,3.00 GHz,205.0,18,36,,,,,,,,Intel,Server,intel-spec-dataset
Intel Xeon Platinum 8351N Processor,Products formerly Ice Lake,,Intel,,2.40 GHz,225.0,36,72,,,,,,,,Intel,Server,intel-spec-dataset
Intel Xeon Platinum 8352M Processor,Products formerly Ice Lake,,Intel,,2.30 GHz,185.0,32,64,,,,,,,,Intel,Server,intel-spec-dataset
Intel Xeon Platinum 8352S Processor,Products formerly Ice Lake,,Intel,,2.20 GHz,205.0,32,64,,,,,,,,Intel,Server,intel-spec-dataset
Intel Xeon Platinum 8352V Processor,Products formerly Ice Lake,,Intel,,2.10 GHz,195.0,36,72,,,,,,,,Intel,Server,intel-spec-dataset
Intel Xeon Platinum 8352Y Processor,Products formerly Ice Lake,,Intel,,2.20 GHz,205.0,32,64,,,,,,,,Intel,Server,intel-spec-dataset
Intel Xeon Platinum 8358 Processor,Products formerly Ice Lake,,Intel,,2.60 GHz,250.0,32,64,,,,,,,,Intel,Server,intel-spec-dataset
Intel Xeon Platinum 8358P Processor,Products formerly Ice Lake,,Intel,,2.60 GHz,240.0,32,64,,,,,,,,Intel,Server,intel-spec-dataset
Intel Xeon Platinum 8360Y Processor,Products formerly Ice Lake,,Intel,,2.40 GHz,250.0,36,72,,,,,,,,Intel,Server,intel-spec-dataset
Intel Xeon Platinum 8362 Processor,Products formerly Ice Lake,,Intel,,2.80 GHz,265.0,32,64,,,,,,,,Intel,Server,intel-spec-dataset
Intel Xeon Platinum 8368 Processor,Products formerly Ice Lake,,Intel,,2.40 GHz,270.0,38,76,,,,,,,,Intel,Server,intel-spec-dataset
Intel Xeon Platinum 8368Q Processor,Products formerly Ice Lake,,Intel,,2.60 GHz,270.0,38,76,,,,,,,,Intel,Server,intel-spec-dataset
Intel Xeon Platinum 8380 Processor,Products formerly Ice Lake,,Intel,,2.30 GHz,270.0,40,80,,,,,,,,Intel,Server,intel-spec-dataset
Intel Xeon Silver 4309Y Processor,Products formerly Ice Lake,,Intel,,2.80 GHz,105.0,8,16,,,,,,,,Intel,Server,intel-spec-dataset
Intel Xeon Silver 4310 Processor,Products formerly Ice Lake,,Intel,,2.10 GHz,120.0,12,24,,,,,,,,Intel,Server,intel-spec-dataset
Intel Xeon Silver 4310T Processor,Products formerly Ice Lake,,Intel,,2.30 GHz,105.0,10,20,,,,,,,,Intel,Server,intel-spec-dataset
Intel Xeon Silver 4314 Processor,Products formerly Ice Lake,,Intel,,2.40 GHz,135.0,16,32,,,,,,,,Intel,Server,intel-spec-dataset
Intel Xeon Silver 4316 Processor,Products formerly Ice Lake,,Intel,,2.30 GHz,150.0,20,40,,,,,,,,Intel,Server,intel-spec-dataset
Intel Xeon Gold 6330H Processor,Products formerly Cooper Lake,,Intel,,2.00 GHz,150.0,24,48,,,,,,,,Intel,Server,intel-spec-dataset
Intel Xeon Platinum 8356H Processor,Products formerly Cooper Lake,,Intel,,3.90 GHz,190.0,8,16,,,,,,,,Intel,Server,intel-spec-dataset
Intel Xeon Platinum 8360H Processor,Products formerly Cooper Lake,,Intel,,3.00 GHz,225.0,24,48,,,,,,,,Intel,Server,intel-spec-dataset
Intel Xeon Platinum 8360HL Processor,Products formerly Cooper Lake,,Intel,,3.00 GHz,225.0,24,48,,,,,,,,Intel,Server,intel-spec-dataset
Intel Xeon Gold 5318H Processor,Products formerly Cooper Lake,,Intel,,2.50 GHz,150.0,18,36,,,,,,,,Intel,Server,intel-spec-dataset
Intel Xeon Gold 5320H Processor,Products formerly Cooper Lake,,Intel,,2.40 GHz,150.0,20,40,,,,,,,,Intel,Server,intel-spec-dataset
Intel Xeon Gold 6328H Processor,Products formerly Cooper Lake,,Intel,,2.80 GHz,165.0,16,32,,,,,,,,Intel,Server,intel-spec-dataset
Intel Xeon Gold 6328HL Processor,Products formerly Cooper Lake,,Intel,,2.80 GHz,165.0,16,32,,,,,,,,Intel,Server,intel-spec-dataset
Intel Xeon Gold 6348H Processor,Products formerly Cooper Lake,,Intel,,2.30 GHz,165.0,24,48,,,,,,,,Intel,Server,intel-spec-dataset
Intel Xeon Platinum 8353H Processor,Products formerly Cooper Lake,,Intel,,2.50 GHz,150.0,18,36,,,,,,,,Intel,Server,intel-spec-dataset
Intel Xeon Platinum 8354H Processor,Products formerly Cooper Lake,,Intel,,3.10 GHz,205.0,18,36,,,,,,,,Intel,Server,intel-spec-dataset
Intel Xeon Platinum 8376H Processor,Products formerly Cooper Lake,,Intel,,2.60 GHz,205.0,28,56,,,,,,,,Intel,Server,intel-spec-dataset
Intel Xeon Platinum 8376HL Processor,Products formerly Cooper Lake,,Intel,,2.60 GHz,205.0,28,56,,,,,,,,Intel,Server,intel-spec-dataset
Intel Xeon Platinum 8380H Processor,Products formerly Cooper Lake,,Intel,,2.90 GHz,250.0,28,56,,,,,,,,Intel,Server,intel-spec-dataset
Intel Xeon Platinum 8380HL Processor,Products formerly Cooper Lake,,Intel,,2.90 GHz,250.0,28,56,,,,,,,,Intel,Server,intel-spec-dataset
Intel Xeon Bronze 3206R Processor,Products formerly Cascade Lake,,Intel,,1.90 GHz,85.0,8,8,,,,,,,,Intel,Server,intel-spec-dataset
Intel Xeon Gold 5218R Processor,Products formerly Cascade Lake,,Intel,,2.10 GHz,125.0,20,40,,,,,,,,Intel,Server,intel-spec-dataset
Intel Xeon Gold 5220R Processor,Products formerly Cascade Lake,,Intel,,2.20 GHz,150.0,24,48,,,,,,,,Intel,Server,intel-spec-dataset
Intel Xeon Gold 6208U Processor,Products formerly Cascade Lake,,Intel,,2.90 GHz,150.0,16,32,,,,,,,,Intel,Server,intel-spec-dataset
Intel Xeon Gold 6226R Processor,Products formerly Cascade Lake,,Intel,,2.90 GHz,150.0,16,32,,,,,,,,Intel,Server,intel-spec-dataset
Intel Xeon Gold 6230R Processor,Products formerly Cascade Lake,,Intel,,2.10 GHz,150.0,26,52,,,,,,,,Intel,Server,intel-spec-dataset
Intel Xeon Gold 6238R Processor,Products formerly Cascade Lake,,Intel,,2.20 GHz,165.0,28,56,,,,,,,,Intel,Server,intel-spec-dataset
Intel Xeon Gold 6240R Processor,Products formerly Cascade Lake,,Intel,,2.40 GHz,165.0,24,48,,,,,,,,Intel,Server,intel-spec-dataset
Intel Xeon Gold 6242R Processor,Products formerly Cascade Lake,,Intel,,3.10 GHz,205.0,20,40,,,,,,,,Intel,Server,intel-spec-dataset
Intel Xeon Gold 6246R Processor,Products formerly Cascade Lake,,Intel,,3.40 GHz,205.0,16,32,,,,,,,,Intel,Server,intel-spec-dataset
Intel Xeon Gold 6248R Processor,Products formerly Cascade Lake,,Intel,,3.00 GHz,205.0,24,48,,,,,,,,Intel,Server,intel-spec-dataset
Intel Xeon Gold 6250 Processor,Products formerly Cascade Lake,,Intel,,3.90 GHz,185.0,8,16,,,,,,,,Intel,Server,intel-spec-dataset
Intel Xeon Gold 6250L Processor,Products formerly Cascade Lake,,Intel,,3.90 GHz,185.0,8,16,,,,,,,,Intel,Server,intel-spec-dataset
Intel Xeon Gold 6256 Processor,Products formerly Cascade Lake,,Intel,,3.60 GHz,205.0,12,24,,,,,,,,Intel,Server,intel-spec-dataset
Intel Xeon Gold 6258R Processor,Products formerly Cascade Lake,,Intel,,2.70 GHz,205.0,28,56,,,,,,,,Intel,Server,intel-spec-dataset
Intel Xeon Silver 4210R Processor,Products formerly Cascade Lake,,Intel,,2.40 GHz,100.0,10,20,,,,,,,,Intel,Server,intel-spec-dataset
Intel Xeon Silver 4210T Processor,Products formerly Cascade Lake,,Intel,,2.30 GHz,95.0,10,20,,,,,,,,Intel,Server,intel-spec-dataset
Intel Xeon Silver 4214R Processor,Products formerly Cascade Lake,,Intel,,2.40 GHz,100.0,12,24,,,,,,,,Intel,Server,intel-spec-dataset
Intel Xeon Silver 4215R Processor,Products formerly Cascade Lake,,Intel,,3.20 GHz,130.0,8,16,,,,,,,,Intel,Server,intel-spec-dataset
Intel Xeon Platinum 9221 Processor,Products formerly Cascade Lake,,Intel,,2.30 GHz,250.0,32,64,,,,,,,,Intel,Server,intel-spec-dataset
Intel Xeon Platinum 9222 Processor,Products formerly Cascade Lake,,Intel,,2.30 GHz,250.0,32,64,,,,,,,,Intel,Server,intel-spec-dataset
Intel Xeon Bronze 3204 Processor,Products formerly Cascade Lake,,Intel,,1.90 GHz,85.0,6,6,,,,,,,,Intel,Server,intel-spec-dataset
Intel Xeon Gold 5215 Processor,Products formerly Cascade Lake,,Intel,,2.50 GHz,85.0,10,20,,,,,,,,Intel,Server,intel-spec-dataset
Intel Xeon Gold 5215L Processor,Products formerly Cascade Lake,,Intel,,2.50 GHz,85.0,10,20,,,,,,,,Intel,Server,intel-spec-dataset
Intel Xeon Gold 5217 Processor,Products formerly Cascade Lake,,Intel,,3.00 GHz,115.0,8,16,,,,,,,,Intel,Server,intel-spec-dataset
Intel Xeon Gold 5218 Processor,Products formerly Cascade Lake,,Intel,,2.30 GHz,125.0,16,32,,,,,,,,Intel,Server,intel-spec-dataset
Intel Xeon Gold 5218B Processor,Products formerly Cascade Lake,,Intel,,2.30 GHz,125.0,16,32,,,,,,,,Intel,Server,intel-spec-dataset
Intel Xeon Gold 5218N Processor,Products formerly Cascade Lake,,Intel,,2.30 GHz,110.0,16,32,,,,,,,,Intel,Server,intel-spec-dataset
Intel Xeon Gold 5218T Processor,Products formerly Cascade Lake,,Intel,,2.10 GHz,105.0,16,32,,,,,,,,Intel,Server,intel-spec-dataset
Intel Xeon Gold 5220 Processor,Products formerly Cascade Lake,,Intel,,2.20 GHz,125.0,18,36,,,,,,,,Intel,Server,intel-spec-dataset
Intel Xeon Gold 5220S Processor,Products formerly Cascade Lake,,Intel,,2.70 GHz,125.0,18,36,,,,,,,,Intel,Server,intel-spec-dataset
Intel Xeon Gold 5220T Processor,Products formerly Cascade Lake,,Intel,,1.90 GHz,105.0,18,36,,,,,,,,Intel,Server,intel-spec-dataset
Intel Xeon Gold 5222 Processor,Products formerly Cascade Lake,,Intel,,3.80 GHz,105.0,4,8,,,,,,,,Intel,Server,intel-spec-dataset
Intel Xeon Gold 6209U Processor,Products formerly Cascade Lake,,Intel,,2.10 GHz,125.0,20,40,,,,,,,,Intel,Server,intel-spec-dataset
Intel Xeon Gold 6210U Processor,Products formerly Cascade Lake,,Intel,,2.50 GHz,150.0,20,40,,,,,,,,Intel,Server,intel-spec-dataset
Intel Xeon Gold 6212U Processor,Products formerly Cascade Lake,,Intel,,2.40 GHz,165.0,24,48,,,,,,,,Intel,Server,intel-spec-dataset
Intel Xeon Gold 6222V Processor,Products formerly Cascade Lake,,Intel,,1.80 GHz,115.0,20,40,,,,,,,,Intel,Server,intel-spec-dataset
Intel Xeon Gold 6226 Processor,Products formerly Cascade Lake,,Intel,,2.70 GHz,125.0,12,24,,,,,,,,Intel,Server,intel-spec-dataset
Intel Xeon Gold 6230 Processor,Products formerly Cascade Lake,,Intel,,2.10 GHz,125.0,20,40,,,,,,,,Intel,Server,intel-spec-dataset
Intel Xeon Gold 6230N Processor,Products formerly Cascade Lake,,Intel,,2.30 GHz,125.0,20,40,,,,,,,,Intel,Server,intel-spec-dataset
Intel Xeon Gold 6230T Processor,Products formerly Cascade Lake,,Intel,,2.10 GHz,125.0,20,40,,,,,,,,Intel,Server,intel-spec-dataset
Intel Xeon Gold 6234 Processor,Products formerly Cascade Lake,,Intel,,3.30 GHz,130.0,8,16,,,,,,,,Intel,Server,intel-spec-dataset
Intel Xeon Gold 6238 Processor,Products formerly Cascade Lake,,Intel,,2.10 GHz,140.0,22,44,,,,,,,,Intel,Server,intel-spec-dataset
Intel Xeon Gold 6238L Processor,Products formerly Cascade Lake,,Intel,,2.10 GHz,140.0,22,44,,,,,,,,Intel,Server,intel-spec-dataset
Intel Xeon Gold 6238T Processor,Products formerly Cascade Lake,,Intel,,1.90 GHz,125.0,22,44,,,,,,,,Intel,Server,intel-spec-dataset
Intel Xeon Gold 6240 Processor,Products formerly Cascade Lake,,Intel,,2.60 GHz,150.0,18,36,,,,,,,,Intel,Server,intel-spec-dataset
Intel Xeon Gold 6240L Processor,Products formerly Cascade Lake,,Intel,,2.60 GHz,150.0,18,36,,,,,,,,Intel,Server,intel-spec-dataset
Intel Xeon Gold 6240Y Processor,Products formerly Cascade Lake,,Intel,,2.60 GHz,150.0,18,36,,,,,,,,Intel,Server,intel-spec-dataset
Intel Xeon Gold 6242 Processor,Products formerly Cascade Lake,,Intel,,2.80 GHz,150.0,16,32,,,,,,,,Intel,Server,intel-spec-dataset
Intel Xeon Gold 6244 Processor,Products formerly Cascade Lake,,Intel,,3.60 GHz,150.0,8,16,,,,,,,,Intel,Server,intel-spec-dataset
Intel Xeon Gold 6246 Processor,Products formerly Cascade Lake,,Intel,,3.30 GHz,165.0,12,24,,,,,,,,Intel,Server,intel-spec-dataset
Intel Xeon Gold 6248 Processor,Products formerly Cascade Lake,,Intel,,2.50 GHz,150.0,20,40,,,,,,,,Intel,Server,intel-spec-dataset
Intel Xeon Gold 6252 Processor,Products formerly Cascade Lake,,Intel,,2.10 GHz,150.0,24,48,,,,,,,,Intel,Server,intel-spec-dataset
Intel Xeon Gold 6252N Processor,Products formerly Cascade Lake,,Intel,,2.30 GHz,150.0,24,48,,,,,,,,Intel,Server,intel-spec-dataset
Intel Xeon Gold 6254 Processor,Products formerly Cascade Lake,,Intel,,3.10 GHz,200.0,18,36,,,,,,,,Intel,Server,intel-spec-dataset
Intel Xeon Gold 6262V Processor,Products formerly Cascade Lake,,Intel,,1.90 GHz,135.0,24,48,,,,,,,,Intel,Server,intel-spec-dataset
Intel Xeon Platinum 8253 Processor,Products formerly Cascade Lake,,Intel,,2.20 GHz,125.0,16,32,,,,,,,,Intel,Server,intel-spec-dataset
Intel Xeon Platinum 8256 Processor,Products formerly Cascade Lake,,Intel,,3.80 GHz,105.0,4,8,,,,,,,,Intel,Server,intel-spec-dataset
Intel Xeon Platinum 8260 Processor,Products formerly Cascade Lake,,Intel,,2.40 GHz,165.0,24,48,,,,,,,,Intel,Server,intel-spec-dataset
Intel Xeon Platinum 8260L Processor,Products formerly Cascade Lake,,Intel,,2.40 GHz,165.0,24,48,,,,,,,,Intel,Server,intel-spec-dataset
Intel Xeon Platinum 8260Y Processor,Products formerly Cascade Lake,,Intel,,2.40 GHz,165.0,24,48,,,,,,,,Intel,Server,intel-spec-dataset
Intel Xeon Platinum 8268 Processor,Products formerly Cascade Lake,,Intel,,2.90 GHz,205.0,24,48,,,,,,,,Intel,Server,intel-spec-dataset
Intel Xeon Platinum 8270 Processor,Products formerly Cascade Lake,,Intel,,2.70 GHz,205.0,26,52,,,,,,,,Intel,Server,intel-spec-dataset
Intel Xeon Platinum 8276 Processor,Products formerly Cascade Lake,,Intel,,2.20 GHz,165.0,28,56,,,,,,,,Intel,Server,intel-spec-dataset
Intel Xeon Platinum 8276L Processor,Products formerly Cascade Lake,,Intel,,2.20 GHz,165.0,28,56,,,,,,,,Intel,Server,intel-spec-dataset
Intel Xeon Platinum 8280 Processor,Products formerly Cascade Lake,,Intel,,2.70 GHz,205.0,28,56,,,,,,,,Intel,Server,intel-spec-dataset
Intel Xeon Platinum 8280L Processor,Products formerly Cascade Lake,,Intel,,2.70 GHz,205.0,28,56,,,,,,,,Intel,Server,intel-spec-dataset
Intel Xeon Platinum 9242 Processor,Products formerly Cascade Lake,,Intel,,2.30 GHz,350.0,48,96,,,,,,,,Intel,Server,intel-spec-dataset
Intel Xeon Platinum 9282 Processor,Products formerly Cascade Lake,,Intel,,2.60 GHz,400.0,56,112,,,,,,,,Intel,Server,intel-spec-dataset
Intel Xeon Silver 4208 Processor,Products formerly Cascade Lake,,Intel,,2.10 GHz,85.0,8,16,,,,,,,,Intel,Server,intel-spec-dataset
Intel Xeon Silver 4209T Processor,Products formerly Cascade Lake,,Intel,,2.20 GHz,70.0,8,16,,,,,,,,Intel,Server,intel-spec-dataset
Intel Xeon Silver 4210 Processor,Products formerly Cascade Lake,,Intel,,2.20 GHz,85.0,10,20,,,,,,,,Intel,Server,intel-spec-dataset
Intel Xeon Silver 4214 Processor,Products formerly Cascade Lake,,Intel,,2.20 GHz,85.0,12,24,,,,,,,,Intel,Server,intel-spec-dataset
Intel Xeon Silver 4214Y Processor,Products formerly Cascade Lake,,Intel,,2.20 GHz,85.0,12,24,,,,,,,,Intel,Server,intel-spec-dataset
Intel Xeon Silver 4215 Processor,Products formerly Cascade Lake,,Intel,,2.50 GHz,85.0,8,16,,,,,,,,Intel,Server,intel-spec-dataset
Intel Xeon Silver 4216 Processor,Products formerly Cascade Lake,,Intel,,2.10 GHz,100.0,16,32,,,,,,,,Intel,Server,intel-spec-dataset
Intel Xeon Gold 6138P Processor,Products formerly Skylake,,Intel,,2.00 GHz,195.0,20,40,,,,,,,,Intel,Server,intel-spec-dataset
Intel Xeon Bronze 3104 Processor,Products formerly Skylake,,Intel,,1.70 GHz,85.0,6,6,,,,,,,,Intel,Server,intel-spec-dataset
Intel Xeon Bronze 3106 Processor,Products formerly Skylake,,Intel,,1.70 GHz,85.0,8,8,,,,,,,,Intel,Server,intel-spec-dataset
Intel Xeon Gold 5115 Processor,Products formerly Skylake,,Intel,,2.40 GHz,85.0,10,20,,,,,,,,Intel,Server,intel-spec-dataset
Intel Xeon Gold 5118 Processor,Products formerly Skylake,,Intel,,2.30 GHz,105.0,12,24,,,,,,,,Intel,Server,intel-spec-dataset
Intel Xeon Gold 5119T Processor,Products formerly Skylake,,Intel,,1.90 GHz,85.0,14,28,,,,,,,,Intel,Server,intel-spec-dataset
Intel Xeon Gold 5120 Processor,Products formerly Skylake,,Intel,,2.20 GHz,105.0,14,28,,,,,,,,Intel,Server,intel-spec-dataset
Intel Xeon Gold 5120T Processor,Products formerly Skylake,,Intel,,2.20 GHz,105.0,14,28,,,,,,,,Intel,Server,intel-spec-dataset
Intel Xeon Gold 5122 Processor,Products formerly Skylake,,Intel,,3.60 GHz,105.0,4,8,,,,,,,,Intel,Server,intel-spec-dataset
Intel Xeon Gold 6126 Processor,Products formerly Skylake,,Intel,,2.60 GHz,125.0,12,24,,,,,,,,Intel,Server,intel-spec-dataset
Intel Xeon Gold 6126F Processor,Products formerly Skylake,,Intel,,2.60 GHz,135.0,12,24,,,,,,,,Intel,Server,intel-spec-dataset
Intel Xeon Gold 6126T Processor,Products formerly Skylake,,Intel,,2.60 GHz,125.0,12,24,,,,,,,,Intel,Server,intel-spec-dataset
Intel Xeon Gold 6128 Processor,Products formerly Skylake,,Intel,,3.40 GHz,115.0,6,12,,,,,,,,Intel,Server,intel-spec-dataset
Intel Xeon Gold 6130 Processor,Products formerly Skylake,,Intel,,2.10 GHz,125.0,16,32,,,,,,,,Intel,Server,intel-spec-dataset
Intel Xeon Gold 6130F Processor,Products formerly Skylake,,Intel,,2.10 GHz,135.0,16,32,,,,,,,,Intel,Server,intel-spec-dataset
Intel Xeon Gold 6130T Processor,Products formerly Skylake,,Intel,,2.10 GHz,125.0,16,32,,,,,,,,Intel,Server,intel-spec-dataset
Intel Xeon Gold 6132 Processor,Products formerly Skylake,,Intel,,2.60 GHz,140.0,14,28,,,,,,,,Intel,Server,intel-spec-dataset
Intel Xeon Gold 6134 Processor,Products formerly Skylake,,Intel,,3.20 GHz,130.0,8,16,,,,,,,,Intel,Server,intel-spec-dataset
Intel Xeon Gold 6136 Processor,Products formerly Skylake,,Intel,,3.00 GHz,150.0,12,24,,,,,,,,Intel,Server,intel-spec-dataset
Intel Xeon Gold 6138 Processor,Products formerly Skylake,,Intel,,2.00 GHz,125.0,20,40,,,,,,,,Intel,Server,intel-spec-dataset
Intel Xeon Gold 6138F Processor,Products formerly Skylake,,Intel,,2.00 GHz,135.0,20,40,,,,,,,,Intel,Server,intel-spec-dataset
Intel Xeon Gold 6138T Processor,Products formerly Skylake,,Intel,,2.00 GHz,125.0,20,40,,,,,,,,Intel,Server,intel-spec-dataset
Intel Xeon Gold 6140 Processor,Products formerly Skylake,,Intel,,2.30 GHz,140.0,18,36,,,,,,,,Intel,Server,intel-spec-dataset
Intel Xeon Gold 6142 Processor,Products formerly Skylake,,Intel,,2.60 GHz,150.0,16,32,,,,,,,,Intel,Server,intel-spec-dataset
Intel Xeon Gold 6142F Processor,Products formerly Skylake,,Intel,,2.60 GHz,160.0,16,32,,,,,,,,Intel,Server,intel-spec-dataset
Intel Xeon Gold 6144 Processor,Products formerly Skylake,,Intel,,3.50 GHz,150.0,8,16,,,,,,,,Intel,Server,intel-spec-dataset
Intel Xeon Gold 6146 Processor,Products formerly Skylake,,Intel,,3.20 GHz,165.0,12,24,,,,,,,,Intel,Server,intel-spec-dataset
Intel Xeon Gold 6148 Processor,Products formerly Skylake,,Intel,,2.40 GHz,150.0,20,40,,,,,,,,Intel,Server,intel-spec-dataset
Intel Xeon Gold 6148F Processor,Products formerly Skylake,,Intel,,2.40 GHz,160.0,20,40,,,,,,,,Intel,Server,intel-spec-dataset
Intel Xeon Gold 6150 Processor,Products formerly Skylake,,Intel,,2.70 GHz,165.0,18,36,,,,,,,,Intel,Server,intel-spec-dataset
Intel Xeon Gold 6152 Processor,Products formerly Skylake,,Intel,,2.10 GHz,140.0,22,44,,,,,,,,Intel,Server,intel-spec-dataset
Intel Xeon Gold 6154 Processor,Products formerly Skylake,,Intel,,3.00 GHz,200.0,18,36,,,,,,,,Intel,Server,intel-spec-dataset
Intel Xeon Platinum 8153 Processor,Products formerly Skylake,,Intel,,2.00 GHz,125.0,16,32,,,,,,,,Intel,Server,intel-spec-dataset
Intel Xeon Platinum 8156 Processor,Products formerly Skylake,,Intel,,3.60 GHz,105.0,4,8,,,,,,,,Intel,Server,intel-spec-dataset
Intel Xeon Platinum 8158 Processor,Products formerly Skylake,,Intel,,3.00 GHz,150.0,12,24,,,,,,,,Intel,Server,intel-spec-dataset
Intel Xeon Platinum 8160 Processor,Products formerly Skylake,,Intel,,2.10 GHz,150.0,24,48,,,,,,,,Intel,Server,intel-spec-dataset
Intel Xeon Platinum 8160F Processor,Products formerly Skylake,,Intel,,2.10 GHz,160.0,24,48,,,,,,,,Intel,Server,intel-spec-dataset
Intel Xeon Platinum 8160T Processor,Products formerly Skylake,,Intel,,2.10 GHz,150.0,24,48,,,,,,,,Intel,Server,intel-spec-dataset
Intel Xeon Platinum 8164 Processor,Products formerly Skylake,,Intel,,2.00 GHz,150.0,26,52,,,,,,,,Intel,Server,intel-spec-dataset
Intel Xeon Platinum 8168 Processor,Products formerly Skylake,,Intel,,2.70 GHz,205.0,24,48,,,,,,,,Intel,Server,intel-spec-dataset
Intel Xeon Platinum 8170 Processor,Products formerly Skylake,,Intel,,2.10 GHz,165.0,26,52,,,,,,,,Intel,Server,intel-spec-dataset
Intel Xeon Platinum 8176 Processor,Products formerly Skylake,,Intel,,2.10 GHz,165.0,28,56,,,,,,,,Intel,Server,intel-spec-dataset
Intel Xeon Platinum 8176F Processor,Products formerly Skylake,,Intel,,2.10 GHz,173.0,28,56,,,,,,,,Intel,Server,intel-spec-dataset
Intel Xeon Platinum 8180 Processor,Products formerly Skylake,,Intel,,2.50 GHz,205.0,28,56,,,,,,,,Intel,Server,intel-spec-dataset
Intel Xeon Silver 4108 Processor,Products formerly Skylake,,Intel,,1.80 GHz,85.0,8,16,,,,,,,,Intel,Server,intel-spec-dataset
Intel Xeon Silver 4109T Processor,Products formerly Skylake,,Intel,,2.00 GHz,70.0,8,16,,,,,,,,Intel,Server,intel-spec-dataset
Intel Xeon Silver 4110 Processor,Products formerly Skylake,,Intel,,2.10 GHz,85.0,8,16,,,,,,,,Intel,Server,intel-spec-dataset
Intel Xeon Silver 4112 Processor,Products formerly Skylake,,Intel,,2.60 GHz,85.0,4,8,,,,,,,,Intel,Server,intel-spec-dataset
Intel Xeon Silver 4114 Processor,Products formerly Skylake,,Intel,,2.20 GHz,85.0,10,20,,,,,,,,Intel,Server,intel-spec-dataset
Intel Xeon Silver 4114T Processor,Products formerly Skylake,,Intel,,2.20 GHz,85.0,10,20,,,,,,,,Intel,Server,intel-spec-dataset
Intel Xeon Silver 4116 Processor,Products formerly Skylake,,Intel,,2.10 GHz,85.0,12,24,,,,,,,,Intel,Server,intel-spec-dataset
Intel Xeon Silver 4116T Processor,Products formerly Skylake,,Intel,,2.10 GHz,85.0,12,24,,,,,,,,Intel,Server,intel-spec-dataset
Intel Xeon CPU Max 9460 Processor,Products formerly Sapphire Rapids HBM,,Intel,,2.20 GHz,350.0,40,80,,,,,,,,Intel,Server,intel-spec-dataset
Intel Xeon CPU Max 9462 Processor,Products formerly Sapphire Rapids HBM,,Intel,,2.70 GHz,350.0,32,64,,,,,,,,Intel,Server,intel-spec-dataset
Intel Xeon CPU Max 9468 Processor,Products formerly Sapphire Rapids HBM,,Intel,,2.10 GHz,350.0,48,96,,,,,,,,Intel,Server,intel-spec-dataset
Intel Xeon CPU Max 9470 Processor,Products formerly Sapphire Rapids HBM,,Intel,,2.00 GHz,350.0,52,104,,,,,,,,Intel,Server,intel-spec-dataset
Intel Xeon CPU Max 9480 Processor,Products formerly Sapphire Rapids HBM,,Intel,,1.90 GHz,350.0,56,112,,,,,,,,Intel,Server,intel-spec-dataset
Intel Xeon E-2314 Processor,Products formerly Rocket Lake,,Intel,,2.80 GHz,65.0,4,4,,,,,,,,Intel,Server,intel-spec-dataset
Intel Xeon E-2324G Processor,Products formerly Rocket Lake,,Intel,,3.10 GHz,65.0,4,4,,,,,,,,Intel,Server,intel-spec-dataset
Intel Xeon E-2334 Processor,Products formerly Rocket Lake,,Intel,,3.40 GHz,65.0,4,8,,,,,,,,Intel,Server,intel-spec-dataset
Intel Xeon E-2336 Processor,Products formerly Rocket Lake,,Intel,,2.90 GHz,65.0,6,12,,,,,,,,Intel,Server,intel-spec-dataset
Intel Xeon E-2356G Processor,Products formerly Rocket Lake,,Intel,,3.20 GHz,80.0,6,12,,,,,,,,Intel,Server,intel-spec-dataset
Intel Xeon E-2374G Processor,Products formerly Rocket Lake,,Intel,,3.70 GHz,80.0,4,8,,,,,,,,Intel,Server,intel-spec-dataset
Intel Xeon E-2378 Processor,Products formerly Rocket Lake,,Intel,,2.60 GHz,65.0,8,16,,,,,,,,Intel,Server,intel-spec-dataset
Intel Xeon E-2378G Processor,Products formerly Rocket Lake,,Intel,,2.80 GHz,80.0,8,16,,,,,,,,Intel,Server,intel-spec-dataset
Intel Xeon E-2386G Processor,Products formerly Rocket Lake,,Intel,,3.50 GHz,95.0,6,12,,,,,,,,Intel,Server,intel-spec-dataset
Intel Xeon E-2388G Processor,Products formerly Rocket Lake,,Intel,,3.20 GHz,95.0,8,16,,,,,,,,Intel,Server,intel-spec-dataset
Intel Xeon E-2226GE Processor,Products formerly Coffee Lake,,Intel,,3.40 GHz,80.0,6,6,,,,,,,,Intel,Embedded,intel-spec-dataset
Intel Xeon E-2254ME Processor,Products formerly Coffee Lake,,Intel,,2.60 GHz,45.0,4,8,,,,,,,,Intel,Embedded,intel-spec-dataset
Intel Xeon E-2254ML Processor,Products formerly Coffee Lake,,Intel,,1.70 GHz,25.0,4,8,,,,,,,,Intel,Embedded,intel-spec-dataset
Intel Xeon E-2276ME Processor,Products formerly Coffee Lake,,Intel,,2.80 GHz,45.0,6,12,,,,,,,,Intel,Embedded,intel-spec-dataset
Intel Xeon E-2276ML Processor,Products formerly Coffee Lake,,Intel,,2.00 GHz,25.0,6,12,,,,,,,,Intel,Embedded,intel-spec-dataset
Intel Xeon E-2278GE Processor,Products formerly Coffee Lake,,Intel,,3.30 GHz,80.0,8,16,,,,,,,,Intel,Embedded,intel-spec-dataset
Intel Xeon E-2278GEL Processor,Products formerly Coffee Lake,,Intel,,2.00 GHz,35.0,8,16,,,,,,,,Intel,Embedded,intel-spec-dataset
Intel Xeon E-2224 Processor,Products formerly Coffee Lake,,Intel,,3.40 GHz,71.0,4,4,,,,,,,,Intel,Server,intel-spec-dataset
Intel Xeon E-2224G Processor,Products formerly Coffee Lake,,Intel,,3.50 GHz,71.0,4,4,,,,,,,,Intel,Server,intel-spec-dataset
Intel Xeon E-2226G Processor,Products formerly Coffee Lake,,Intel,,3.40 GHz,80.0,6,6,,,,,,,,Intel,Server,intel-spec-dataset
Intel Xeon E-2234 Processor,Products formerly Coffee Lake,,Intel,,3.60 GHz,71.0,4,8,,,,,,,,Intel,Server,intel-spec-dataset
Intel Xeon E-2236 Processor,Products formerly Coffee Lake,,Intel,,3.40 GHz,80.0,6,12,,,,,,,,Intel,Server,intel-spec-dataset
Intel Xeon E-2244G Processor,Products formerly Coffee Lake,,Intel,,3.80 GHz,71.0,4,8,,,,,,,,Intel,Server,intel-spec-dataset
Intel Xeon E-2246G Processor,Products formerly Coffee Lake,,Intel,,3.60 GHz,80.0,6,12,,,,,,,,Intel,Server,intel-spec-dataset
Intel Xeon E-2274G Processor,Products formerly Coffee Lake,,Intel,,4.00 GHz,83.0,4,8,,,,,,,,Intel,Server,intel-spec-dataset
Intel Xeon E-2276G Processor,Products formerly Coffee Lake,,Intel,,3.80 GHz,80.0,6,12,,,,,,,,Intel,Server,intel-spec-dataset
Intel Xeon E-2276M Processor,Products formerly Coffee Lake,,Intel,,2.80 GHz,45.0,6,12,,,,,,,,Intel,Mobile,intel-spec-dataset
Intel Xeon E-2278G Processor,Products formerly Coffee Lake,,Intel,,3.40 GHz,80.0,8,16,,,,,,,,Intel,Server,intel-spec-dataset
Intel Xeon E-2286G Processor,Products formerly Coffee Lake,,Intel,,4.00 GHz,95.0,6,12,,,,,,,,Intel,Server,intel-spec-dataset
Intel Xeon E-2286M Processor,Products formerly Coffee Lake,,Intel,,2.40 GHz,45.0,8,16,,,,,,,,Intel,Mobile,intel-spec-dataset
Intel Xeon E-2288G Processor,Products formerly Coffee Lake,,Intel,,3.70 GHz,95.0,8,16,,,,,,,,Intel,Server,intel-spec-dataset
Intel Xeon E-2124 Processor,Products formerly Coffee Lake,,Intel,,3.30 GHz,71.0,4,4,,,,,,,,Intel,Server,intel-spec-dataset
Intel Xeon E-2124G Processor,Products formerly Coffee Lake,,Intel,,3.40 GHz,71.0,4,4,,,,,,,,Intel,Server,intel-spec-dataset
Intel Xeon E-2126G Processor,Products formerly Coffee Lake,,Intel,,3.30 GHz,80.0,6,6,,,,,,,,Intel,Server,intel-spec-dataset
Intel Xeon E-2134 Processor,Products formerly Coffee Lake,,Intel,,3.50 GHz,71.0,4,8,,,,,,,,Intel,Server,intel-spec-dataset
Intel Xeon E-2136 Processor,Products formerly Coffee Lake,,Intel,,3.30 GHz,80.0,6,12,,,,,,,,Intel,Server,intel-spec-dataset
Intel Xeon E-2144G Processor,Products formerly Coffee Lake,,Intel,,3.60 GHz,71.0,4,8,,,,,,,,Intel,Server,intel-spec-dataset
Intel Xeon E-2146G Processor,Products formerly Coffee Lake,,Intel,,3.50 GHz,80.0,6,12,,,,,,,,Intel,Server,intel-spec-dataset
Intel Xeon E-2174G Processor,Products formerly Coffee Lake,,Intel,,3.80 GHz,71.0,4,8,,,,,,,,Intel,Server,intel-spec-dataset
Intel Xeon E-2186G Processor,Products formerly Coffee Lake,,Intel,,3.80 GHz,95.0,6,12,,,,,,,,Intel,Server,intel-spec-dataset
Intel Xeon E-2176M Processor,Products formerly Coffee Lake,,Intel,,2.70 GHz,45.0,6,12,,,,,,,,Intel,Mobile,intel-spec-dataset
Intel Xeon E-2186M Processor,Products formerly Coffee Lake,,Intel,,2.90 GHz,45.0,6,12,,,,,,,,Intel,Mobile,intel-spec-dataset
Intel Xeon E-2176G Processor,Products formerly Coffee Lake,,Intel,,3.70 GHz,80.0,6,12,,,,,,,,Intel,Server,intel-spec-dataset
Intel Xeon w3-2423 Processor,Products formerly Sapphire Rapids,,Intel,,2.10 GHz,120.0,6,12,,,,,,,,Intel,Workstation,intel-spec-dataset
Intel Xeon w3-2425 Processor,Products formerly Sapphire Rapids,,Intel,,3.00 GHz,130.0,6,12,,,,,,,,Intel,Workstation,intel-spec-dataset
Intel Xeon w3-2435 Processor,Products formerly Sapphire Rapids,,Intel,,3.10 GHz,165.0,8,16,,,,,,,,Intel,Workstation,intel-spec-dataset
Intel Xeon w5-2445 Processor,Products formerly Sapphire Rapids,,Intel,,3.10 GHz,175.0,10,20,,,,,,,,Intel,Workstation,intel-spec-dataset
Intel Xeon w5-2455X Processor,Products formerly Sapphire Rapids,,Intel,,3.20 GHz,200.0,12,24,,,,,,,,Intel,Workstation,intel-spec-dataset
Intel Xeon w5-2465X Processor,Products formerly Sapphire Rapids,,Intel,,3.10 GHz,200.0,16,32,,,,,,,,Intel,Workstation,intel-spec-dataset
Intel Xeon w5-3425 Processor,Products formerly Sapphire Rapids,,Intel,,3.20 GHz,270.0,12,24,,,,,,,,Intel,Workstation,intel-spec-dataset
Intel Xeon w5-3435X Processor,Products formerly Sapphire Rapids,,Intel,,3.10 GHz,270.0,16,32,,,,,,,,Intel,Workstation,intel-spec-dataset
Intel Xeon w7-2475X Processor,Products formerly Sapphire Rapids,,Intel,,2.60 GHz,225.0,20,40,,,,,,,,Intel,Workstation,intel-spec-dataset
Intel Xeon w7-2495X Processor,Products formerly Sapphire Rapids,,Intel,,2.50 GHz,225.0,24,48,,,,,,,,Intel,Workstation,intel-spec-dataset
Intel Xeon w7-3445 Processor,Products formerly Sapphire Rapids,,Intel,,2.60 GHz,270.0,20,40,,,,,,,,Intel,Workstation,intel-spec-dataset
Intel Xeon w7-3455 Processor,Products formerly Sapphire Rapids,,Intel,,2.50 GHz,270.0,24,48,,,,,,,,Intel,Workstation,intel-spec-dataset
Intel Xeon w7-3465X Processor,Products formerly Sapphire Rapids,,Intel,,2.50 GHz,300.0,28,56,,,,,,,,Intel,Workstation,intel-spec-dataset
Intel Xeon w9-3475X Processor,Products formerly Sapphire Rapids,,Intel,,2.20 GHz,300.0,36,72,,,,,,,,Intel,Workstation,intel-spec-dataset
Intel Xeon w9-3495X Processor,Products formerly Sapphire Rapids,,Intel,,1.90 GHz,350.0,56,112,,,,,,,,Intel,Workstation,intel-spec-dataset
Intel Xeon W-11155MLE Processor,Products formerly Tiger Lake,,Intel,,1.80 GHz,25.0,4,8,,,,,,,,Intel,Embedded,intel-spec-dataset
Intel Xeon W-11155MRE Processor,Products formerly Tiger Lake,,Intel,,,45.0,4,8,,,,,,,,Intel,Embedded,intel-spec-dataset
Intel Xeon W-11555MLE Processor,Products formerly Tiger Lake,,Intel,,1.90 GHz,25.0,6,12,,,,,,,,Intel,Embedded,intel-spec-dataset
Intel Xeon W-11555MRE Processor,Products formerly Tiger Lake,,Intel,,,45.0,6,12,,,,,,,,Intel,Embedded,intel-spec-dataset
Intel Xeon W-11865MLE Processor,Products formerly Tiger Lake,,Intel,,1.50 GHz,25.0,8,16,,,,,,,,Intel,Embedded,intel-spec-dataset
Intel Xeon W-11865MRE Processor,Products formerly Tiger Lake,,Intel,,,45.0,8,16,,,,,,,,Intel,Embedded,intel-spec-dataset
Intel Xeon W-3323 Processor,Products formerly Ice Lake,,Intel,,3.50 GHz,220.0,12,24,,,,,,,,Intel,Workstation,intel-spec-dataset
Intel Xeon W-3335 Processor,Products formerly Ice Lake,,Intel,,3.40 GHz,250.0,16,32,,,,,,,,Intel,Workstation,intel-spec-dataset
Intel Xeon W-3345 Processor,Products formerly Ice Lake,,Intel,,3.00 GHz,250.0,24,48,,,,,,,,Intel,Workstation,intel-spec-dataset
Intel Xeon W-3365 Processor,Products formerly Ice Lake,,Intel,,2.70 GHz,270.0,32,64,,,,,,,,Intel,Workstation,intel-spec-dataset
Intel Xeon W-3375 Processor,Products formerly Ice Lake,,Intel,,2.50 GHz,270.0,38,76,,,,,,,,Intel,Workstation,intel-spec-dataset
Intel Xeon W-11855M Processor,Products formerly Tiger Lake,,Intel,,,45.0,6,12,,,,,,,,Intel,Mobile,intel-spec-dataset
Intel Xeon W-11955M Processor,Products formerly Tiger Lake,,Intel,,,45.0,8,16,,,,,,,,Intel,Mobile,intel-spec-dataset
Intel Xeon W-1350 Processor,Products formerly Rocket Lake,,Intel,,3.30 GHz,80.0,6,12,,,,,,,,Intel,Workstation,intel-spec-dataset
Intel Xeon W-1350P Processor,Products formerly Rocket Lake,,Intel,,4.00 GHz,125.0,6,12,,,,,,,,Intel,Workstation,intel-spec-dataset
Intel Xeon W-1370 Processor,Products formerly Rocket Lake,,Intel,,2.90 GHz,80.0,8,16,,,,,,,,Intel,Workstation,intel-spec-dataset
Intel Xeon W-1370P Processor,Products formerly Rocket Lake,,Intel,,3.60 GHz,125.0,8,16,,,,,,,,Intel,Workstation,intel-spec-dataset
Intel Xeon W-1390 Processor,Products formerly Rocket Lake,,Intel,,2.80 GHz,80.0,8,16,,,,,,,,Intel,Workstation,intel-spec-dataset
Intel Xeon W-1390P Processor,Products formerly Rocket Lake,,Intel,,3.50 GHz,125.0,8,16,,,,,,,,Intel,Workstation,intel-spec-dataset
Intel Xeon W-1390T Processor,Products formerly Rocket Lake,,Intel,,1.50 GHz,35.0,8,16,,,,,,,,Intel,Workstation,intel-spec-dataset
Intel Xeon W-10855M Processor,Products formerly Comet Lake,,Intel,,2.80 GHz,45.0,6,12,,,,,,,,Intel,Mobile,intel-spec-dataset
Intel Xeon W-10885M Processor,Products formerly Comet Lake,,Intel,,2.40 GHz,45.0,8,16,,,,,,,,Intel,Mobile,intel-spec-dataset
Intel Xeon W-1250 Processor,Products formerly Comet Lake,,Intel,,3.30 GHz,80.0,6,12,,,,,,,,Intel,Workstation,intel-spec-dataset
Intel Xeon W-1250E Processor,Products formerly Comet Lake,,Intel,,3.50 GHz,80.0,6,12,,,,,,,,Intel,Embedded,intel-spec-dataset
Intel Xeon W-1250P Processor,Products formerly Comet Lake,,Intel,,4.10 GHz,125.0,6,12,,,,,,,,Intel,Workstation,intel-spec-dataset
Intel Xeon W-1250TE Processor,Products formerly Comet Lake,,Intel,,2.40 GHz,35.0,6,12,,,,,,,,Intel,Embedded,intel-spec-dataset
Intel Xeon W-1270 Processor,Products formerly Comet Lake,,Intel,,3.40 GHz,80.0,8,16,,,,,,,,Intel,Workstation,intel-spec-dataset
Intel Xeon W-1270E Processor,Products formerly Comet Lake,,Intel,,3.40 GHz,80.0,8,16,,,,,,,,Intel,Embedded,intel-spec-dataset
Intel Xeon W-1270P Processor,Products formerly Comet Lake,,Intel,,3.80 GHz,125.0,8,16,,,,,,,,Intel,Workstation,intel-spec-dataset
Intel Xeon W-1270TE Processor,Products formerly Comet Lake,,Intel,,2.00 GHz,35.0,8,16,,,,,,,,Intel,Embedded,intel-spec-dataset
Intel Xeon W-1290 Processor,Products formerly Comet Lake,,Intel,,3.20 GHz,80.0,10,20,,,,,,,,Intel,Workstation,intel-spec-dataset
Intel Xeon W-1290E Processor,Products formerly Comet Lake,,Intel,,3.50 GHz,95.0,10,20,,,,,,,,Intel,Embedded,intel-spec-dataset
Intel Xeon W-1290P Processor,Products formerly Comet Lake,,Intel,,3.70 GHz,125.0,10,20,,,,,,,,Intel,Workstation,intel-spec-dataset
Intel Xeon W-1290T Processor,Products formerly Comet Lake,,Intel,,1.90 GHz,35.0,10,20,,,,,,,,Intel,Workstation,intel-spec-dataset
Intel Xeon W-1290TE Processor,Products formerly Comet Lake,,Intel,,1.80 GHz,35.0,10,20,,,,,,,,Intel,Embedded,intel-spec-dataset
Intel Xeon W-2223 Processor,Products formerly Cascade Lake,,Intel,,3.60 GHz,120.0,4,8,,,,,,,,Intel,Workstation,intel-spec-dataset
Intel Xeon W-2225 Processor,Products formerly Cascade Lake,,Intel,,4.10 GHz,105.0,4,8,,,,,,,,Intel,Workstation,intel-spec-dataset
Intel Xeon W-2235 Processor,Products formerly Cascade Lake,,Intel,,3.80 GHz,130.0,6,12,,,,,,,,Intel,Workstation,intel-spec-dataset
Intel Xeon W-2245 Processor,Products formerly Cascade Lake,,Intel,,3.90 GHz,155.0,8,16,,,,,,,,Intel,Workstation,intel-spec-dataset
Intel Xeon W-2255 Processor,Products formerly Cascade Lake,,Intel,,3.70 GHz,165.0,10,20,,,,,,,,Intel,Workstation,intel-spec-dataset
Intel Xeon W-2265 Processor,Products formerly Cascade Lake,,Intel,,3.50 GHz,165.0,12,24,,,,,,,,Intel,Workstation,intel-spec-dataset
Intel Xeon W-2275 Processor,Products formerly Cascade Lake,,Intel,,3.30 GHz,165.0,14,28,,,,,,,,Intel,Workstation,intel-spec-dataset
Intel Xeon W-2295 Processor,Products formerly Cascade Lake,,Intel,,3.00 GHz,165.0,18,36,,,,,,,,Intel,Workstation,intel-spec-dataset
Intel Xeon W-3223 Processor,Products formerly Cascade Lake,,Intel,,3.50 GHz,160.0,8,16,,,,,,,,Intel,Workstation,intel-spec-dataset
Intel Xeon W-3225 Processor,Products formerly Cascade Lake,,Intel,,3.70 GHz,160.0,8,16,,,,,,,,Intel,Workstation,intel-spec-dataset
Intel Xeon W-3235 Processor,Products formerly Cascade Lake,,Intel,,3.30 GHz,180.0,12,24,,,,,,,,Intel,Workstation,intel-spec-dataset
Intel Xeon W-3245 Processor,Products formerly Cascade Lake,,Intel,,3.20 GHz,205.0,16,32,,,,,,,,Intel,Workstation,intel-spec-dataset
Intel Xeon W-3245M Processor,Products formerly Cascade Lake,,Intel,,3.20 GHz,205.0,16,32,,,,,,,,Intel,Workstation,intel-spec-dataset
Intel Xeon W-3265 Processor,Products formerly Cascade Lake,,Intel,,2.70 GHz,205.0,24,48,,,,,,,,Intel,Workstation,intel-spec-dataset
Intel Xeon W-3265M Processor,Products formerly Cascade Lake,,Intel,,2.70 GHz,205.0,24,48,,,,,,,,Intel,Workstation,intel-spec-dataset
Intel Xeon W-3275 Processor,Products formerly Cascade Lake,,Intel,,2.50 GHz,205.0,28,56,,,,,,,,Intel,Workstation,intel-spec-dataset
Intel Xeon W-3275M Processor,Products formerly Cascade Lake,,Intel,,2.50 GHz,205.0,28,56,,,,,,,,Intel,Workstation,intel-spec-dataset
Intel Xeon W-3175X Processor,Products formerly Skylake,,Intel,,3.10 GHz,255.0,28,56,,,,,,,,Intel,Desktop,intel-spec-dataset
Intel Xeon W-2123 Processor,Products formerly Skylake,,Intel,,3.60 GHz,120.0,4,8,,,,,,,,Intel,Server,intel-spec-dataset
Intel Xeon W-2125 Processor,Products formerly Skylake,,Intel,,4.00 GHz,120.0,4,8,,,,,,,,Intel,Server,intel-spec-dataset
Intel Xeon W-2133 Processor,Products formerly Skylake,,Intel,,3.60 GHz,140.0,6,12,,,,,,,,Intel,Server,intel-spec-dataset
Intel Xeon W-2135 Processor,Products formerly Skylake,,Intel,,3.70 GHz,140.0,6,12,,,,,,,,Intel,Server,intel-spec-dataset
Intel Xeon W-2145 Processor,Products formerly Skylake,,Intel,,3.70 GHz,140.0,8,16,,,,,,,,Intel,Server,intel-spec-dataset
Intel Xeon W-2155 Processor,Products formerly Skylake,,Intel,,3.30 GHz,140.0,10,20,,,,,,,,Intel,Server,intel-spec-dataset
Intel Xeon W-2175 Processor,Products formerly Skylake,,Intel,,2.50 GHz,140.0,14,28,,,,,,,,Intel,Server,intel-spec-dataset
Intel Xeon W-2195 Processor,Products formerly Skylake,,Intel,,2.30 GHz,140.0,18,36,,,,,,,,Intel,Server,intel-spec-dataset
Intel Xeon D-2745NX Processor,Products formerly Ice Lake,,Intel,,2.40 GHz,96.0,10,20,,,,,,,,Intel,Server,intel-spec-dataset
Intel Xeon D-2757NX Processor,Products formerly Ice Lake,,Intel,,2.50 GHz,107.0,12,24,,,,,,,,Intel,Server,intel-spec-dataset
Intel Xeon D-2777NX Processor,Products formerly Ice Lake,,Intel,,2.20 GHz,116.0,16,32,,,,,,,,Intel,Server,intel-spec-dataset
Intel Xeon D-2798NX Processor,Products formerly Ice Lake,,Intel,,2.10 GHz,126.0,20,40,,,,,,,,Intel,Server,intel-spec-dataset
Intel Xeon D-1702 Processor,Products formerly Ice Lake,,Intel,,1.60 GHz,25.0,2,4,,,,,,,,Intel,Server,intel-spec-dataset
Intel Xeon D-1712TR Processor,Products formerly Ice Lake,,Intel,,2.00 GHz,40.0,4,8,,,,,,,,Intel,Server,intel-spec-dataset
Intel Xeon D-1713NT Processor,Products formerly Ice Lake,,Intel,,2.20 GHz,45.0,4,8,,,,,,,,Intel,Server,intel-spec-dataset
Intel Xeon D-1713NTE Processor,Products formerly Ice Lake,,Intel,,2.20 GHz,45.0,4,8,,,,,,,,Intel,Server,intel-spec-dataset
Intel Xeon D-1714 Processor,Products formerly Ice Lake,,Intel,,2.30 GHz,38.0,4,8,,,,,,,,Intel,Server,intel-spec-dataset
Intel Xeon D-1715TER Processor,Products formerly Ice Lake,,Intel,,2.40 GHz,50.0,4,8,,,,,,,,Intel,Server,intel-spec-dataset
Intel Xeon D-1718T Processor,Products formerly Ice Lake,,Intel,,2.60 GHz,46.0,4,8,,,,,,,,Intel,Server,intel-spec-dataset
Intel Xeon D-1722NE Processor,Products formerly Ice Lake,,Intel,,1.70 GHz,36.0,6,12,,,,,,,,Intel,Server,intel-spec-dataset
Intel Xeon D-1726 Processor,Products formerly Ice Lake,,Intel,,2.90 GHz,70.0,6,12,,,,,,,,Intel,Server,intel-spec-dataset
Intel Xeon D-1732TE Processor,Products formerly Ice Lake,,Intel,,1.90 GHz,52.0,8,16,,,,,,,,Intel,Server,intel-spec-dataset
Intel Xeon D-1733NT Processor,Products formerly Ice Lake,,Intel,,2.00 GHz,53.0,8,16,,,,,,,,Intel,Server,intel-spec-dataset
Intel Xeon D-1734NT Processor,Products formerly Ice Lake,,Intel,,2.00 GHz,50.0,8,16,,,,,,,,Intel,Server,intel-spec-dataset
Intel Xeon D-1735TR Processor,Products formerly Ice Lake,,Intel,,2.20 GHz,59.0,8,16,,,,,,,,Intel,Server,intel-spec-dataset
Intel Xeon D-1736 Processor,Products formerly Ice Lake,,Intel,,2.30 GHz,55.0,8,16,,,,,,,,Intel,Server,intel-spec-dataset
Intel Xeon D-1736NT Processor,Products formerly Ice Lake,,Intel,,2.70 GHz,67.0,8,16,,,,,,,,Intel,Server,intel-spec-dataset
Intel Xeon D-1739 Processor,Products formerly Ice Lake,,Intel,,3.00 GHz,83.0,8,16,,,,,,,,Intel,Server,intel-spec-dataset
Intel Xeon D-1746TER Processor,Products formerly Ice Lake,,Intel,,2.00 GHz,67.0,10,20,,,,,,,,Intel,Server,intel-spec-dataset
Intel Xeon D-1747NTE Processor,Products formerly Ice Lake,,Intel,,2.50 GHz,80.0,10,20,,,,,,,,Intel,Server,intel-spec-dataset
Intel Xeon D-1748TE Processor,Products formerly Ice Lake,,Intel,,2.30 GHz,65.0,10,20,,,,,,,,Intel,Server,intel-spec-dataset
Intel Xeon D-1749NT Processor,Products formerly Ice Lake,,Intel,,3.00 GHz,90.0,10,20,,,,,,,,Intel,Server,intel-spec-dataset
Intel Xeon D-2712T Processor,Products formerly Ice Lake,,Intel,,1.90 GHz,65.0,4,8,,,,,,,,Intel,Server,intel-spec-dataset
Intel Xeon D-2733NT Processor,Products formerly Ice Lake,,Intel,,2.10 GHz,80.0,8,16,,,,,,,,Intel,Server,intel-spec-dataset
Intel Xeon D-2738 Processor,Products formerly Ice Lake,,Intel,,2.50 GHz,88.0,8,16,,,,,,,,Intel,Server,intel-spec-dataset
Intel Xeon D-2752NTE Processor,Products formerly Ice Lake,,Intel,,1.90 GHz,84.0,12,24,,,,,,,,Intel,Server,intel-spec-dataset
Intel Xeon D-2752TER Processor,Products formerly Ice Lake,,Intel,,1.80 GHz,77.0,12,24,,,,,,,,Intel,Server,intel-spec-dataset
Intel Xeon D-2753NT Processor,Products formerly Ice Lake,,Intel,,2.00 GHz,87.0,12,24,,,,,,,,Intel,Server,intel-spec-dataset
Intel Xeon D-2766NT Processor,Products formerly Ice Lake,,Intel,,2.00 GHz,97.0,14,28,,,,,,,,Intel,Server,intel-spec-dataset
Intel Xeon D-2775TE Processor,Products formerly Ice Lake,,Intel,,2.00 GHz,100.0,16,32,,,,,,,,Intel,Server,intel-spec-dataset
Intel Xeon D-2776NT Processor,Products formerly Ice Lake,,Intel,,2.10 GHz,117.0,16,32,,,,,,,,Intel,Server,intel-spec-dataset
Intel Xeon D-2779 Processor,Products formerly Ice Lake,,Intel,,2.50 GHz,126.0,16,32,,,,,,,,Intel,Server,intel-spec-dataset
Intel Xeon D-2786NTE Processor,Products formerly Ice Lake,,Intel,,2.10 GHz,118.0,18,36,,,,,,,,Intel,Server,intel-spec-dataset
Intel Xeon D-2795NT Processor,Products formerly Ice Lake,,Intel,,2.00 GHz,110.0,20,40,,,,,,,,Intel,Server,intel-spec-dataset
Intel Xeon D-2796NT Processor,Products formerly Ice Lake,,Intel,,2.00 GHz,120.0,20,40,,,,,,,,Intel,Server,intel-spec-dataset
Intel Xeon D-2796TE Processor,Products formerly Ice Lake,,Intel,,2.00 GHz,118.0,20,40,,,,,,,,Intel,Server,intel-spec-dataset
Intel Xeon D-2798NT Processor,Products formerly Ice Lake,,Intel,,2.10 GHz,125.0,20,40,,,,,,,,Intel,Server,intel-spec-dataset
Intel Xeon D-2799 Processor,Products formerly Ice Lake,,Intel,,2.40 GHz,129.0,20,40,,,,,,,,Intel,Server,intel-spec-dataset
Intel Xeon D-1602 Processor,Products formerly Hewitt Lake,,Intel,,2.50 GHz,27.0,2,4,,,,,,,,Intel,Server,intel-spec-dataset
Intel Xeon D-1622 Processor,Products formerly Hewitt Lake,,Intel,,2.60 GHz,40.0,4,8,,,,,,,,Intel,Server,intel-spec-dataset
Intel Xeon D-1623N Processor,Products formerly Hewitt Lake,,Intel,,2.40 GHz,35.0,4,8,,,,,,,,Intel,Server,intel-spec-dataset
Intel Xeon D-1627 Processor,Products formerly Hewitt Lake,,Intel,,2.90 GHz,45.0,4,8,,,,,,,,Intel,Server,intel-spec-dataset
Intel Xeon D-1633N Processor,Products formerly Hewitt Lake,,Intel,,2.50 GHz,45.0,6,12,,,,,,,,Intel,Server,intel-spec-dataset
Intel Xeon D-1637 Processor,Products formerly Hewitt Lake,,Intel,,2.90 GHz,55.0,6,12,,,,,,,,Intel,Server,intel-spec-dataset
Intel Xeon D-1649N Processor,Products formerly Hewitt Lake,,Intel,,2.30 GHz,45.0,8,16,,,,,,,,Intel,Server,intel-spec-dataset
Intel Xeon D-1653N Processor,Products formerly Hewitt Lake,,Intel,,2.80 GHz,65.0,8,16,,,,,,,,Intel,Server,intel-spec-dataset
Intel Xeon D-2123IT Processor,Products formerly Skylake,,Intel,,2.20 GHz,60.0,4,8,,,,,,,,Intel,Server,intel-spec-dataset
Intel Xeon D-2141I Processor,Products formerly Skylake,,Intel,,2.20 GHz,65.0,8,16,,,,,,,,Intel,Server,intel-spec-dataset
Intel Xeon D-2142IT Processor,Products formerly Skylake,,Intel,,1.90 GHz,65.0,8,16,,,,,,,,Intel,Server,intel-spec-dataset
Intel Xeon D-2143IT Processor,Products formerly Skylake,,Intel,,2.20 GHz,65.0,8,16,,,,,,,,Intel,Server,intel-spec-dataset
Intel Xeon D-2145NT Processor,Products formerly Skylake,,Intel,,1.90 GHz,65.0,8,16,,,,,,,,Intel,Server,intel-spec-dataset
Intel Xeon D-2146NT Processor,Products formerly Skylake,,Intel,,2.30 GHz,80.0,8,16,,,,,,,,Intel,Server,intel-spec-dataset
Intel Xeon D-2161I Processor,Products formerly Skylake,,Intel,,2.20 GHz,90.0,12,24,,,,,,,,Intel,Server,intel-spec-dataset
Intel Xeon D-2163IT Processor,Products formerly Skylake,,Intel,,2.10 GHz,75.0,12,24,,,,,,,,Intel,Server,intel-spec-dataset
Intel Xeon D-2166NT Processor,Products formerly Skylake,,Intel,,2.00 GHz,85.0,12,24,,,,,,,,Intel,Server,intel-spec-dataset
Intel Xeon D-2173IT Processor,Products formerly Skylake,,Intel,,1.70 GHz,70.0,14,28,,,,,,,,Intel,Server,intel-spec-dataset
Intel Xeon D-2177NT Processor,Products formerly Skylake,,Intel,,1.90 GHz,105.0,14,28,,,,,,,,Intel,Server,intel-spec-dataset
Intel Xeon D-2183IT Processor,Products formerly Skylake,,Intel,,2.20 GHz,100.0,16,32,,,,,,,,Intel,Server,intel-spec-dataset
Intel Xeon D-2187NT Processor,Products formerly Skylake,,Intel,,2.00 GHz,110.0,16,32,,,,,,,,Intel,Server,intel-spec-dataset
Intel Xeon Processor D-1513N,Products formerly Broadwell,,Intel,,1.60 GHz,35.0,4,8,,,,,,,,Intel,Server,intel-spec-dataset
Intel Xeon Processor D-1523N,Products formerly Broadwell,,Intel,,2.00 GHz,45.0,4,8,,,,,,,,Intel,Server,intel-spec-dataset
Intel Xeon Processor D-1533N,Products formerly Broadwell,,Intel,,2.10 GHz,45.0,6,12,,,,,,,,Intel,Server,intel-spec-dataset
Intel Xeon Processor D-1543N,Products formerly Broadwell,,Intel,,1.90 GHz,45.0,8,16,,,,,,,,Intel,Server,intel-spec-dataset
Intel Xeon Processor D-1553N,Products formerly Broadwell,,Intel,,2.30 GHz,65.0,8,16,,,,,,,,Intel,Server,intel-spec-dataset
Intel Xeon Processor D-1529,Products formerly Broadwell,,Intel,,1.30 GHz,20.0,4,8,,,,,,,,Intel,Server,intel-spec-dataset
Intel Xeon Processor D-1539,Products formerly Broadwell,,Intel,,1.60 GHz,35.0,8,16,,,,,,,,Intel,Server,intel-spec-dataset
Intel Xeon Processor D-1559,Products formerly Broadwell,,Intel,,1.50 GHz,45.0,12,24,,,,,,,,Intel,Server,intel-spec-dataset
Intel Xeon Processor D-1557,Products formerly Broadwell,,Intel,,1.50 GHz,45.0,12,24,,,,,,,,Intel,Server,intel-spec-dataset
Intel Xeon Processor D-1567,Products formerly Broadwell,,Intel,,2.10 GHz,65.0,12,24,,,,,,,,Intel,Server,intel-spec-dataset
Intel Xeon Processor D-1571,Products formerly Broadwell,,Intel,,1.30 GHz,45.0,16,32,,,,,,,,Intel,Server,intel-spec-dataset
Intel Xeon Processor D-1577,Products formerly Broadwell,,Intel,,1.30 GHz,45.0,16,32,,,,,,,,Intel,Server,intel-spec-dataset
Intel Xeon Processor D-1518,Products formerly Broadwell,,Intel,,2.20 GHz,35.0,4,8,,,,,,,,Intel,Server,intel-spec-dataset
Intel Xeon Processor D-1521,Products formerly Broadwell,,Intel,,2.40 GHz,45.0,4,8,,,,,,,,Intel,Server,intel-spec-dataset
Intel Xeon Processor D-1527,Products formerly Broadwell,,Intel,,2.20 GHz,35.0,4,8,,,,,,,,Intel,Server,intel-spec-dataset
Intel Xeon Processor D-1528,Products formerly Broadwell,,Intel,,1.90 GHz,35.0,6,12,,,,,,,,Intel,Server,intel-spec-dataset
Intel Xeon Processor D-1531,Products formerly Broadwell,,Intel,,2.20 GHz,45.0,6,12,,,,,,,,Intel,Server,intel-spec-dataset
Intel Xeon Processor D-1537,Products formerly Broadwell,,Intel,,1.70 GHz,35.0,8,16,,,,,,,,Intel,Server,intel-spec-dataset
Intel Xeon Processor D-1541,Products formerly Broadwell,,Intel,,2.10 GHz,45.0,8,16,,,,,,,,Intel,Server,intel-spec-dataset
Intel Xeon Processor D-1548,Products formerly Broadwell,,Intel,,2.00 GHz,45.0,8,16,,,,,,,,Intel,Server,intel-spec-dataset
Intel Xeon Processor D-1520,Products formerly Broadwell,,Intel,,2.20 GHz,45.0,4,8,,,,,,,,Intel,Server,intel-spec-dataset
Intel Xeon Processor D-1540,Products formerly Broadwell,,Intel,,2.00 GHz,45.0,8,16,,,,,,,,Intel,Server,intel-spec-dataset
Intel Xeon Processor E7-8894 v4,Products formerly Broadwell,,Intel,,2.40 GHz,165.0,24,48,,,,,,,,Intel,Server,intel-spec-dataset
Intel Xeon Processor E7-4809 v4,Products formerly Broadwell,,Intel,,2.10 GHz,115.0,8,16,,,,,,,,Intel,Server,intel-spec-dataset
Intel Xeon Processor E7-4820 v4,Products formerly Broadwell,,Intel,,2.00 GHz,115.0,10,20,,,,,,,,Intel,Server,intel-spec-dataset
Intel Xeon Processor E7-4830 v4,Products formerly Broadwell,,Intel,,2.00 GHz,115.0,14,28,,,,,,,,Intel,Server,intel-spec-dataset
Intel Xeon Processor E7-4850 v4,Products formerly Broadwell,,Intel,,2.10 GHz,115.0,16,32,,,,,,,,Intel,Server,intel-spec-dataset
Intel Xeon Processor E7-8860 v4,Products formerly Broadwell,,Intel,,2.20 GHz,140.0,18,36,,,,,,,,Intel,Server,intel-spec-dataset
Intel Xeon Processor E7-8867 v4,Products formerly Broadwell,,Intel,,2.40 GHz,165.0,18,36,,,,,,,,Intel,Server,intel-spec-dataset
Intel Xeon Processor E7-8870 v4,Products formerly Broadwell,,Intel,,2.10 GHz,140.0,20,40,,,,,,,,Intel,Server,intel-spec-dataset
Intel Xeon Processor E7-8880 v4,Products formerly Broadwell,,Intel,,2.20 GHz,150.0,22,44,,,,,,,,Intel,Server,intel-spec-dataset
Intel Xeon Processor E7-8890 v4,Products formerly Broadwell,,Intel,,2.20 GHz,165.0,24,48,,,,,,,,Intel,Server,intel-spec-dataset
Intel Xeon Processor E7-8891 v4,Products formerly Broadwell,,Intel,,2.80 GHz,165.0,10,20,,,,,,,,Intel,Server,intel-spec-dataset
Intel Xeon Processor E7-8893 v4,Products formerly Broadwell,,Intel,,3.20 GHz,140.0,4,8,,,,,,,,Intel,Server,intel-spec-dataset
Intel Xeon Processor E7-4809 v3,Products formerly Haswell,,Intel,,2.00 GHz,115.0,8,16,,,,,,,,Intel,Server,intel-spec-dataset
Intel Xeon Processor E7-4820 v3,Products formerly Haswell,,Intel,,1.90 GHz,115.0,10,20,,,,,,,,Intel,Server,intel-spec-dataset
Intel Xeon Processor E7-4830 v3,Products formerly Haswell,,Intel,,2.10 GHz,115.0,12,24,,,,,,,,Intel,Server,intel-spec-dataset
Intel Xeon Processor E7-4850 v3,Products formerly Haswell,,Intel,,2.20 GHz,115.0,14,28,,,,,,,,Intel,Server,intel-spec-dataset
Intel Xeon Processor E7-8860 v3,Products formerly Haswell,,Intel,,2.20 GHz,140.0,16,32,,,,,,,,Intel,Server,intel-spec-dataset
Intel Xeon Processor E7-8867 v3,Products formerly Haswell,,Intel,,2.50 GHz,165.0,16,32,,,,,,,,Intel,Server,intel-spec-dataset
Intel Xeon Processor E7-8870 v3,Products formerly Haswell,,Intel,,2.10 GHz,140.0,18,36,,,,,,,,Intel,Server,intel-spec-dataset
Intel Xeon Processor E7-8880 v3,Products formerly Haswell,,Intel,,2.30 GHz,150.0,18,36,,,,,,,,Intel,Server,intel-spec-dataset
Intel Xeon Processor E7-8880L v3,Products formerly Haswell,,Intel,,2.00 GHz,115.0,18,36,,,,,,,,Intel,Server,intel-spec-dataset
Intel Xeon Processor E7-8890 v3,Products formerly Haswell,,Intel,,2.50 GHz,165.0,18,36,,,,,,,,Intel,Server,intel-spec-dataset
Intel Xeon Processor E7-8891 v3,Products formerly Haswell,,Intel,,2.80 GHz,165.0,10,20,,,,,,,,Intel,Server,intel-spec-dataset
Intel Xeon Processor E7-8893 v3,Products formerly Haswell,,Intel,,3.20 GHz,140.0,4,8,,,,,,,,Intel,Server,intel-spec-dataset
Intel Xeon Processor E7-2850 v2,Products formerly Ivy Bridge,,Intel,,2.30 GHz,105.0,12,24,,,,,,,,Intel,Server,intel-spec-dataset
Intel Xeon Processor E7-2870 v2,Products formerly Ivy Bridge,,Intel,,2.30 GHz,130.0,15,30,,,,,,,,Intel,Server,intel-spec-dataset
Intel Xeon Processor E7-2880 v2,Products formerly Ivy Bridge,,Intel,,2.50 GHz,130.0,15,30,,,,,,,,Intel,Server,intel-spec-dataset
Intel Xeon Processor E7-2890 v2,Products formerly Ivy Bridge,,Intel,,2.80 GHz,155.0,15,30,,,,,,,,Intel,Server,intel-spec-dataset
Intel Xeon Processor E7-4809 v2,Products formerly Ivy Bridge,,Intel,,1.90 GHz,105.0,6,12,,,,,,,,Intel,Server,intel-spec-dataset
Intel Xeon Processor E7-4820 v2,Products formerly Ivy Bridge,,Intel,,2.00 GHz,105.0,8,16,,,,,,,,Intel,Server,intel-spec-dataset
Intel Xeon Processor E7-4830 v2,Products formerly Ivy Bridge,,Intel,,2.20 GHz,105.0,10,20,,,,,,,,Intel,Server,intel-spec-dataset
Intel Xeon Processor E7-4850 v2,Products formerly Ivy Bridge,,Intel,,2.30 GHz,105.0,12,24,,,,,,,,Intel,Server,intel-spec-dataset
Intel Xeon Processor E7-4860 v2,Products formerly Ivy Bridge,,Intel,,2.60 GHz,130.0,12,24,,,,,,,,Intel,Server,intel-spec-dataset
Intel Xeon Processor E7-4870 v2,Products formerly Ivy Bridge,,Intel,,2.30 GHz,130.0,15,30,,,,,,,,Intel,Server,intel-spec-dataset
Intel Xeon Processor E7-4880 v2,Products formerly Ivy Bridge,,Intel,,2.50 GHz,130.0,15,30,,,,,,,,Intel,Server,intel-spec-dataset
Intel Xeon Processor E7-4890 v2,Products formerly Ivy Bridge,,Intel,,2.80 GHz,155.0,15,30,,,,,,,,Intel,Server,intel-spec-dataset
Intel Xeon Processor E7-8850 v2,Products formerly Ivy Bridge,,Intel,,2.30 GHz,105.0,12,24,,,,,,,,Intel,Server,intel-spec-dataset
Intel Xeon Processor E7-8857 v2,Products formerly Ivy Bridge,,Intel,,3.00 GHz,130.0,12,12,,,,,,,,Intel,Server,intel-spec-dataset
Intel Xeon Processor E7-8870 v2,Products formerly Ivy Bridge,,Intel,,2.30 GHz,130.0,15,30,,,,,,,,Intel,Server,intel-spec-dataset
Intel Xeon Processor E7-8880 v2,Products formerly Ivy Bridge,,Intel,,2.50 GHz,130.0,15,30,,,,,,,,Intel,Server,intel-spec-dataset
Intel Xeon Processor E7-8880L v2,Products formerly Ivy Bridge,,Intel,,2.20 GHz,105.0,15,30,,,,,,,,Intel,Server,intel-spec-dataset
Intel Xeon Processor E7-8890 v2,Products formerly Ivy Bridge,,Intel,,2.80 GHz,155.0,15,30,,,,,,,,Intel,Server,intel-spec-dataset
Intel Xeon Processor E7-8891 v2,Products formerly Ivy Bridge,,Intel,,3.20 GHz,155.0,10,20,,,,,,,,Intel,Server,intel-spec-dataset
Intel Xeon Processor E7-8893 v2,Products formerly Ivy Bridge,,Intel,,3.40 GHz,155.0,6,12,,,,,,,,Intel,Server,intel-spec-dataset
Intel Xeon Processor E7-2803,Products formerly Westmere EX,,Intel,,1.73 GHz,105.0,6,12,,,,,,,,Intel,Server,intel-spec-dataset
Intel Xeon Processor E7-2820,Products formerly Westmere EX,,Intel,,2.00 GHz,105.0,8,16,,,,,,,,Intel,Server,intel-spec-dataset
Intel Xeon Processor E7-2830,Products formerly Westmere EX,,Intel,,2.13 GHz,105.0,8,16,,,,,,,,Intel,Server,intel-spec-dataset
Intel Xeon Processor E7-2850,Products formerly Westmere EX,,Intel,,2.00 GHz,130.0,10,20,,,,,,,,Intel,Server,intel-spec-dataset
Intel Xeon Processor E7-2860,Products formerly Westmere EX,,Intel,,2.26 GHz,130.0,10,20,,,,,,,,Intel,Server,intel-spec-dataset
Intel Xeon Processor E7-2870,Products formerly Westmere EX,,Intel,,2.40 GHz,130.0,10,20,,,,,,,,Intel,Server,intel-spec-dataset
Intel Xeon Processor E7-4807,Products formerly Westmere EX,,Intel,,1.86 GHz,95.0,6,12,,,,,,,,Intel,Server,intel-spec-dataset
Intel Xeon Processor E7-4820,Products formerly Westmere EX,,Intel,,2.00 GHz,105.0,8,16,,,,,,,,Intel,Server,intel-spec-dataset
Intel Xeon Processor E7-4830,Products formerly Westmere EX,,Intel,,2.13 GHz,105.0,8,16,,,,,,,,Intel,Server,intel-spec-dataset
Intel Xeon Processor E7-4850,Products formerly Westmere EX,,Intel,,2.00 GHz,130.0,10,20,,,,,,,,Intel,Server,intel-spec-dataset
Intel Xeon Processor E7-4860,Products formerly Westmere EX,,Intel,,2.26 GHz,130.0,10,20,,,,,,,,Intel,Server,intel-spec-dataset
Intel Xeon Processor E7-4870,Products formerly Westmere EX,,Intel,,2.40 GHz,130.0,10,20,,,,,,,,Intel,Server,intel-spec-dataset
Intel Xeon Processor E7-8830,Products formerly Westmere EX,,Intel,,2.13 GHz,105.0,8,16,,,,,,,,Intel,Server,intel-spec-dataset
Intel Xeon Processor E7-8837,Products formerly Westmere EX,,Intel,,2.66 GHz,130.0,8,8,,,,,,,,Intel,Server,intel-spec-dataset
Intel Xeon Processor E7-8850,Products formerly Westmere EX,,Intel,,2.00 GHz,130.0,10,20,,,,,,,,Intel,Server,intel-spec-dataset
Intel Xeon Processor E7-8860,Products formerly Westmere EX,,Intel,,2.26 GHz,130.0,10,20,,,,,,,,Intel,Server,intel-spec-dataset
Intel Xeon Processor E7-8867L,Products formerly Westmere EX,,Intel,,2.13 GHz,105.0,10,20,,,,,,,,Intel,Server,intel-spec-dataset
Intel Xeon Processor E7-8870,Products formerly Westmere EX,,Intel,,2.40 GHz,130.0,10,20,,,,,,,,Intel,Server,intel-spec-dataset
Intel Xeon Processor E5-2699A v4,Products formerly Broadwell,,Intel,,2.40 GHz,145.0,22,44,,,,,,,,Intel,Server,intel-spec-dataset
Intel Xeon Processor E5-2699R v4,Products formerly Broadwell,,Intel,,2.20 GHz,145.0,22,44,,,,,,,,Intel,Embedded,intel-spec-dataset
Intel Xeon Processor E5-4610 v4,Products formerly Broadwell,,Intel,,1.80 GHz,105.0,10,20,,,,,,,,Intel,Server,intel-spec-dataset
Intel Xeon Processor E5-4620 v4,Products formerly Broadwell,,Intel,,2.10 GHz,105.0,10,20,,,,,,,,Intel,Server,intel-spec-dataset
Intel Xeon Processor E5-4627 v4,Products formerly Broadwell,,Intel,,2.60 GHz,135.0,10,10,,,,,,,,Intel,Server,intel-spec-dataset
Intel Xeon Processor E5-4628L v4,Products formerly Broadwell,,Intel,,1.80 GHz,75.0,14,28,,,,,,,,Intel,Embedded,intel-spec-dataset
Intel Xeon Processor E5-4640 v4,Products formerly Broadwell,,Intel,,2.10 GHz,105.0,12,24,,,,,,,,Intel,Server,intel-spec-dataset
Intel Xeon Processor E5-4650 v4,Products formerly Broadwell,,Intel,,2.20 GHz,105.0,14,28,,,,,,,,Intel,Server,intel-spec-dataset
Intel Xeon Processor E5-4655 v4,Products formerly Broadwell,,Intel,,2.50 GHz,135.0,8,16,,,,,,,,Intel,Server,intel-spec-dataset
Intel Xeon Processor E5-4660 v4,Products formerly Broadwell,,Intel,,2.20 GHz,120.0,16,32,,,,,,,,Intel,Server,intel-spec-dataset
Intel Xeon Processor E5-4667 v4,Products formerly Broadwell,,Intel,,2.20 GHz,135.0,18,36,,,,,,,,Intel,Server,intel-spec-dataset
Intel Xeon Processor E5-4669 v4,Products formerly Broadwell,,Intel,,2.20 GHz,135.0,22,44,,,,,,,,Intel,Server,intel-spec-dataset
Intel Xeon Processor E5-1620 v4,Products formerly Broadwell,,Intel,,3.50 GHz,140.0,4,8,,,,,,,,Intel,Server,intel-spec-dataset
Intel Xeon Processor E5-1630 v4,Products formerly Broadwell,,Intel,,3.70 GHz,140.0,4,8,,,,,,,,Intel,Server,intel-spec-dataset
Intel Xeon Processor E5-1650 v4,Products formerly Broadwell,,Intel,,3.60 GHz,140.0,6,12,,,,,,,,Intel,Server,intel-spec-dataset
Intel Xeon Processor E5-1660 v4,Products formerly Broadwell,,Intel,,3.20 GHz,140.0,8,16,,,,,,,,Intel,Server,intel-spec-dataset
Intel Xeon Processor E5-1680 v4,Products formerly Broadwell,,Intel,,3.40 GHz,140.0,8,16,,,,,,,,Intel,Server,intel-spec-dataset
Intel Xeon Processor E5-2603 v4,Products formerly Broadwell,,Intel,,1.70 GHz,85.0,6,6,,,,,,,,Intel,Server,intel-spec-dataset
Intel Xeon Processor E5-2608L v4,Products formerly Broadwell,,Intel,,1.60 GHz,50.0,8,16,,,,,,,,Intel,Embedded,intel-spec-dataset
Intel Xeon Processor E5-2609 v4,Products formerly Broadwell,,Intel,,1.70 GHz,85.0,8,8,,,,,,,,Intel,Server,intel-spec-dataset
Intel Xeon Processor E5-2618L v4,Products formerly Broadwell,,Intel,,2.20 GHz,75.0,10,20,,,,,,,,Intel,Embedded,intel-spec-dataset
Intel Xeon Processor E5-2620 v4,Products formerly Broadwell,,Intel,,2.10 GHz,85.0,8,16,,,,,,,,Intel,Server,intel-spec-dataset
Intel Xeon Processor E5-2623 v4,Products formerly Broadwell,,Intel,,2.60 GHz,85.0,4,8,,,,,,,,Intel,Server,intel-spec-dataset
Intel Xeon Processor E5-2628L v4,Products formerly Broadwell,,Intel,,1.90 GHz,75.0,12,24,,,,,,,,Intel,Embedded,intel-spec-dataset
Intel Xeon Processor E5-2630 v4,Products formerly Broadwell,,Intel,,2.20 GHz,85.0,10,20,,,,,,,,Intel,Server,intel-spec-dataset
Intel Xeon Processor E5-2630L v4,Products formerly Broadwell,,Intel,,1.80 GHz,55.0,10,20,,,,,,,,Intel,Server,intel-spec-dataset
Intel Xeon Processor E5-2637 v4,Products formerly Broadwell,,Intel,,3.50 GHz,135.0,4,8,,,,,,,,Intel,Server,intel-spec-dataset
Intel Xeon Processor E5-2640 v4,Products formerly Broadwell,,Intel,,2.40 GHz,90.0,10,20,,,,,,,,Intel,Server,intel-spec-dataset
Intel Xeon Processor E5-2643 v4,Products formerly Broadwell,,Intel,,3.40 GHz,135.0,6,12,,,,,,,,Intel,Server,intel-spec-dataset
Intel Xeon Processor E5-2648L v4,Products formerly Broadwell,,Intel,,1.80 GHz,75.0,14,28,,,,,,,,Intel,Embedded,intel-spec-dataset
Intel Xeon Processor E5-2650 v4,Products formerly Broadwell,,Intel,,2.20 GHz,105.0,12,24,,,,,,,,Intel,Server,intel-spec-dataset
Intel Xeon Processor E5-2650L v4,Products formerly Broadwell,,Intel,,1.70 GHz,65.0,14,28,,,,,,,,Intel,Server,intel-spec-dataset
Intel Xeon Processor E5-2658 v4,Products formerly Broadwell,,Intel,,2.30 GHz,105.0,14,28,,,,,,,,Intel,Embedded,intel-spec-dataset
Intel Xeon Processor E5-2660 v4,Products formerly Broadwell,,Intel,,2.00 GHz,105.0,14,28,,,,,,,,Intel,Server,intel-spec-dataset
Intel Xeon Processor E5-2667 v4,Products formerly Broadwell,,Intel,,3.20 GHz,135.0,8,16,,,,,,,,Intel,Server,intel-spec-dataset
Intel Xeon Processor E5-2680 v4,Products formerly Broadwell,,Intel,,2.40 GHz,120.0,14,28,,,,,,,,Intel,Server,intel-spec-dataset
Intel Xeon Processor E5-2683 v4,Products formerly Broadwell,,Intel,,2.10 GHz,120.0,16,32,,,,,,,,Intel,Server,intel-spec-dataset
Intel Xeon Processor E5-2687W v4,Products formerly Broadwell,,Intel,,3.00 GHz,160.0,12,24,,,,,,,,Intel,Server,intel-spec-dataset
Intel Xeon Processor E5-2690 v4,Products formerly Broadwell,,Intel,,2.60 GHz,135.0,14,28,,,,,,,,Intel,Server,intel-spec-dataset
Intel Xeon Processor E5-2695 v4,Products formerly Broadwell,,Intel,,2.10 GHz,120.0,18,36,,,,,,,,Intel,Server,intel-spec-dataset
Intel Xeon Processor E5-2697 v4,Products formerly Broadwell,,Intel,,2.30 GHz,145.0,18,36,,,,,,,,Intel,Server,intel-spec-dataset
Intel Xeon Processor E5-2697A v4,Products formerly Broadwell,,Intel,,2.60 GHz,145.0,16,32,,,,,,,,Intel,Server,intel-spec-dataset
Intel Xeon Processor E5-2698 v4,Products formerly Broadwell,,Intel,,2.20 GHz,135.0,20,40,,,,,,,,Intel,Server,intel-spec-dataset
Intel Xeon Processor E5-2699 v4,Products formerly Broadwell,,Intel,,2.20 GHz,145.0,22,44,,,,,,,,Intel,Server,intel-spec-dataset
Intel Xeon Processor E5-4610 v3,Products formerly Haswell,,Intel,,1.70 GHz,105.0,10,20,,,,,,,,Intel,Server,intel-spec-dataset
Intel Xeon Processor E5-4620 v3,Products formerly Haswell,,Intel,,2.00 GHz,105.0,10,20,,,,,,,,Intel,Server,intel-spec-dataset
Intel Xeon Processor E5-4627 v3,Products formerly Haswell,,Intel,,2.60 GHz,135.0,10,10,,,,,,,,Intel,Server,intel-spec-dataset
Intel Xeon Processor E5-4640 v3,Products formerly Haswell,,Intel,,1.90 GHz,105.0,12,24,,,,,,,,Intel,Server,intel-spec-dataset
Intel Xeon Processor E5-4648 v3,Products formerly Haswell,,Intel,,1.70 GHz,105.0,12,24,,,,,,,,Intel,Embedded,intel-spec-dataset
Intel Xeon Processor E5-4650 v3,Products formerly Haswell,,Intel,,2.10 GHz,105.0,12,24,,,,,,,,Intel,Server,intel-spec-dataset
Intel Xeon Processor E5-4655 v3,Products formerly Haswell,,Intel,,2.90 GHz,135.0,6,12,,,,,,,,Intel,Server,intel-spec-dataset
Intel Xeon Processor E5-4667 v3,Products formerly Haswell,,Intel,,2.00 GHz,135.0,16,32,,,,,,,,Intel,Server,intel-spec-dataset
Intel Xeon Processor E5-4669 v3,Products formerly Haswell,,Intel,,2.10 GHz,135.0,18,36,,,,,,,,Intel,Server,intel-spec-dataset
Intel Xeon Processor E5-2658A v3,Products formerly Haswell,,Intel,,2.20 GHz,105.0,12,24,,,,,,,,Intel,Embedded,intel-spec-dataset
Intel Xeon Processor E5-1428L v3,Products formerly Haswell,,Intel,,2.00 GHz,65.0,8,16,,,,,,,,Intel,Embedded,intel-spec-dataset
Intel Xeon Processor E5-2408L v3,Products formerly Haswell,,Intel,,1.80 GHz,45.0,4,8,,,,,,,,Intel,Embedded,intel-spec-dataset
Intel Xeon Processor E5-2418L v3,Products formerly Haswell,,Intel,,2.00 GHz,50.0,6,12,,,,,,,,Intel,Embedded,intel-spec-dataset
Intel Xeon Processor E5-2428L v3,Products formerly Haswell,,Intel,,1.80 GHz,55.0,8,16,,,,,,,,Intel,Embedded,intel-spec-dataset
Intel Xeon Processor E5-2438L v3,Products formerly Haswell,,Intel,,1.80 GHz,70.0,10,20,,,,,,,,Intel,Embedded,intel-spec-dataset
Intel Xeon Processor E5-1620 v3,Products formerly Haswell,,Intel,,3.50 GHz,140.0,4,8,,,,,,,,Intel,Server,intel-spec-dataset
Intel Xeon Processor E5-1630 v3,Products formerly Haswell,,Intel,,3.70 GHz,140.0,4,8,,,,,,,,Intel,Server,intel-spec-dataset
Intel Xeon Processor E5-1650 v3,Products formerly Haswell,,Intel,,3.50 GHz,140.0,6,12,,,,,,,,Intel,Server,intel-spec-dataset
Intel Xeon Processor E5-1660 v3,Products formerly Haswell,,Intel,,3.00 GHz,140.0,8,16,,,,,,,,Intel,Server,intel-spec-dataset
Intel Xeon Processor E5-1680 v3,Products formerly Haswell,,Intel,,3.20 GHz,140.0,8,16,,,,,,,,Intel,Server,intel-spec-dataset
Intel Xeon Processor E5-2603 v3,Products formerly Haswell,,Intel,,1.60 GHz,85.0,6,6,,,,,,,,Intel,Server,intel-spec-dataset
Intel Xeon Processor E5-2608L v3,Products formerly Haswell,,Intel,,2.00 GHz,52.0,6,12,,,,,,,,Intel,Embedded,intel-spec-dataset
Intel Xeon Processor E5-2609 v3,Products formerly Haswell,,Intel,,1.90 GHz,85.0,6,6,,,,,,,,Intel,Server,intel-spec-dataset
Intel Xeon Processor E5-2618L v3,Products formerly Haswell,,Intel,,2.30 GHz,75.0,8,16,,,,,,,,Intel,Embedded,intel-spec-dataset
Intel Xeon Processor E5-2620 v3,Products formerly Haswell,,Intel,,2.40 GHz,85.0,6,12,,,,,,,,Intel,Server,intel-spec-dataset
Intel Xeon Processor E5-2623 v3,Products formerly Haswell,,Intel,,3.00 GHz,105.0,4,8,,,,,,,,Intel,Server,intel-spec-dataset
Intel Xeon Processor E5-2628L v3,Products formerly Haswell,,Intel,,2.00 GHz,75.0,10,20,,,,,,,,Intel,Embedded,intel-spec-dataset
Intel Xeon Processor E5-2630 v3,Products formerly Haswell,,Intel,,2.40 GHz,85.0,8,16,,,,,,,,Intel,Server,intel-spec-dataset
Intel Xeon Processor E5-2630L v3,Products formerly Haswell,,Intel,,1.80 GHz,55.0,8,16,,,,,,,,Intel,Server,intel-spec-dataset
Intel Xeon Processor E5-2637 v3,Products formerly Haswell,,Intel,,3.50 GHz,135.0,4,8,,,,,,,,Intel,Server,intel-spec-dataset
Intel Xeon Processor E5-2640 v3,Products formerly Haswell,,Intel,,2.60 GHz,90.0,8,16,,,,,,,,Intel,Server,intel-spec-dataset
Intel Xeon Processor E5-2643 v3,Products formerly Haswell,,Intel,,3.40 GHz,135.0,6,12,,,,,,,,Intel,Server,intel-spec-dataset
Intel Xeon Processor E5-2648L v3,Products formerly Haswell,,Intel,,1.80 GHz,75.0,12,24,,,,,,,,Intel,Embedded,intel-spec-dataset
Intel Xeon Processor E5-2650 v3,Products formerly Haswell,,Intel,,2.30 GHz,105.0,10,20,,,,,,,,Intel,Server,intel-spec-dataset
Intel Xeon Processor E5-2650L v3,Products formerly Haswell,,Intel,,1.80 GHz,65.0,12,24,,,,,,,,Intel,Server,intel-spec-dataset
Intel Xeon Processor E5-2658 v3,Products formerly Haswell,,Intel,,2.20 GHz,105.0,12,24,,,,,,,,Intel,Embedded,intel-spec-dataset
Intel Xeon Processor E5-2660 v3,Products formerly Haswell,,Intel,,2.60 GHz,105.0,10,20,,,,,,,,Intel,Server,intel-spec-dataset
Intel Xeon Processor E5-2667 v3,Products formerly Haswell,,Intel,,3.20 GHz,135.0,8,16,,,,,,,,Intel,Server,intel-spec-dataset
Intel Xeon Processor E5-2670 v3,Products formerly Haswell,,Intel,,2.30 GHz,120.0,12,24,,,,,,,,Intel,Server,intel-spec-dataset
Intel Xeon Processor E5-2680 v3,Products formerly Haswell,,Intel,,2.50 GHz,120.0,12,24,,,,,,,,Intel,Server,intel-spec-dataset
Intel Xeon Processor E5-2683 v3,Products formerly Haswell,,Intel,,2.00 GHz,120.0,14,28,,,,,,,,Intel,Server,intel-spec-dataset
Intel Xeon Processor E5-2687W v3,Products formerly Haswell,,Intel,,3.10 GHz,160.0,10,20,,,,,,,,Intel,Server,intel-spec-dataset
Intel Xeon Processor E5-2690 v3,Products formerly Haswell,,Intel,,2.60 GHz,135.0,12,24,,,,,,,,Intel,Server,intel-spec-dataset
Intel Xeon Processor E5-2695 v3,Products formerly Haswell,,Intel,,2.30 GHz,120.0,14,28,,,,,,,,Intel,Server,intel-spec-dataset
Intel Xeon Processor E5-2697 v3,Products formerly Haswell,,Intel,,2.60 GHz,145.0,14,28,,,,,,,,Intel,Server,intel-spec-dataset
Intel Xeon Processor E5-2698 v3,Products formerly Haswell,,Intel,,2.30 GHz,135.0,16,32,,,,,,,,Intel,Server,intel-spec-dataset
Intel Xeon Processor E5-2699 v3,Products formerly Haswell,,Intel,,2.30 GHz,145.0,18,36,,,,,,,,Intel,Server,intel-spec-dataset
Intel Xeon Processor E5-4603 v2,Products formerly Ivy Bridge EP,,Intel,,2.20 GHz,95.0,4,8,,,,,,,,Intel,Server,intel-spec-dataset
Intel Xeon Processor E5-4607 v2,Products formerly Ivy Bridge EP,,Intel,,2.60 GHz,95.0,6,12,,,,,,,,Intel,Server,intel-spec-dataset
Intel Xeon Processor E5-4610 v2,Products formerly Ivy Bridge EP,,Intel,,2.30 GHz,95.0,8,16,,,,,,,,Intel,Server,intel-spec-dataset
Intel Xeon Processor E5-4620 v2,Products formerly Ivy Bridge EP,,Intel,,2.60 GHz,95.0,8,16,,,,,,,,Intel,Server,intel-spec-dataset
Intel Xeon Processor E5-4624L v2,Products formerly Ivy Bridge EP,,Intel,,1.90 GHz,70.0,10,20,,,,,,,,Intel,Embedded,intel-spec-dataset
Intel Xeon Processor E5-4627 v2,Products formerly Ivy Bridge EP,,Intel,,3.30 GHz,130.0,8,8,,,,,,,,Intel,Server,intel-spec-dataset
Intel Xeon Processor E5-4640 v2,Products formerly Ivy Bridge EP,,Intel,,2.20 GHz,95.0,10,20,,,,,,,,Intel,Server,intel-spec-dataset
Intel Xeon Processor E5-4650 v2,Products formerly Ivy Bridge EP,,Intel,,2.40 GHz,95.0,10,20,,,,,,,,Intel,Server,intel-spec-dataset
Intel Xeon Processor E5-4657L v2,Products formerly Ivy Bridge EP,,Intel,,2.40 GHz,115.0,12,24,,,,,,,,Intel,Server,intel-spec-dataset
Intel Xeon Processor E5-1428L v2,Products formerly Ivy Bridge EN,,Intel,,2.20 GHz,60.0,6,12,,,,,,,,Intel,Embedded,intel-spec-dataset
Intel Xeon Processor E5-2403 v2,Products formerly Ivy Bridge EN,,Intel,,1.80 GHz,80.0,4,4,,,,,,,,Intel,Server,intel-spec-dataset
Intel Xeon Processor E5-2407 v2,Products formerly Ivy Bridge EN,,Intel,,2.40 GHz,80.0,4,4,,,,,,,,Intel,Server,intel-spec-dataset
Intel Xeon Processor E5-2418L v2,Products formerly Ivy Bridge EN,,Intel,,2.00 GHz,50.0,6,12,,,,,,,,Intel,Embedded,intel-spec-dataset
Intel Xeon Processor E5-2420 v2,Products formerly Ivy Bridge EN,,Intel,,2.20 GHz,80.0,6,12,,,,,,,,Intel,Server,intel-spec-dataset
Intel Xeon Processor E5-2428L v2,Products formerly Ivy Bridge EN,,Intel,,1.80 GHz,60.0,8,16,,,,,,,,Intel,Embedded,intel-spec-dataset
Intel Xeon Processor E5-2430 v2,Products formerly Ivy Bridge EN,,Intel,,2.50 GHz,80.0,6,12,,,,,,,,Intel,Server,intel-spec-dataset
Intel Xeon Processor E5-2430L v2,Products formerly Ivy Bridge EN,,Intel,,2.40 GHz,60.0,6,12,,,,,,,,Intel,Server,intel-spec-dataset
Intel Xeon Processor E5-2440 v2,Products formerly Ivy Bridge EN,,Intel,,1.90 GHz,95.0,8,16,,,,,,,,Intel,Server,intel-spec-dataset
Intel Xeon Processor E5-2448L v2,Products formerly Ivy Bridge EN,,Intel,,1.80 GHz,70.0,10,20,,,,,,,,Intel,Embedded,intel-spec-dataset
Intel Xeon Processor E5-2450 v2,Products formerly Ivy Bridge EN,,Intel,,2.50 GHz,95.0,8,16,,,,,,,,Intel,Server,intel-spec-dataset
Intel Xeon Processor E5-2450L v2,Products formerly Ivy Bridge EN,,Intel,,1.70 GHz,60.0,10,20,,,,,,,,Intel,Server,intel-spec-dataset
Intel Xeon Processor E5-2470 v2,Products formerly Ivy Bridge EN,,Intel,,2.40 GHz,95.0,10,20,,,,,,,,Intel,Server,intel-spec-dataset
Intel Xeon Processor E5-1620 v2,Products formerly Ivy Bridge EP,,Intel,,3.70 GHz,130.0,4,8,,,,,,,,Intel,Server,intel-spec-dataset
Intel Xeon Processor E5-1650 v2,Products formerly Ivy Bridge EP,,Intel,,3.50 GHz,130.0,6,12,,,,,,,,Intel,Server,intel-spec-dataset
Intel Xeon Processor E5-1660 v2,Products formerly Ivy Bridge EP,,Intel,,3.70 GHz,130.0,6,12,,,,,,,,Intel,Server,intel-spec-dataset
Intel Xeon Processor E5-2603 v2,Products formerly Ivy Bridge EP,,Intel,,1.80 GHz,80.0,4,4,,,,,,,,Intel,Server,intel-spec-dataset
Intel Xeon Processor E5-2609 v2,Products formerly Ivy Bridge EP,,Intel,,2.50 GHz,80.0,4,4,,,,,,,,Intel,Server,intel-spec-dataset
Intel Xeon Processor E5-2618L v2,Products formerly Ivy Bridge EP,,Intel,,2.00 GHz,50.0,6,12,,,,,,,,Intel,Embedded,intel-spec-dataset
Intel Xeon Processor E5-2620 v2,Products formerly Ivy Bridge EP,,Intel,,2.10 GHz,80.0,6,12,,,,,,,,Intel,Server,intel-spec-dataset
Intel Xeon Processor E5-2628L v2,Products formerly Ivy Bridge EP,,Intel,,1.90 GHz,70.0,8,16,,,,,,,,Intel,Embedded,intel-spec-dataset
Intel Xeon Processor E5-2630 v2,Products formerly Ivy Bridge EP,,Intel,,2.60 GHz,80.0,6,12,,,,,,,,Intel,Server,intel-spec-dataset
Intel Xeon Processor E5-2630L v2,Products formerly Ivy Bridge EP,,Intel,,2.40 GHz,60.0,6,12,,,,,,,,Intel,Server,intel-spec-dataset
Intel Xeon Processor E5-2637 v2,Products formerly Ivy Bridge EP,,Intel,,3.50 GHz,130.0,4,8,,,,,,,,Intel,Server,intel-spec-dataset
Intel Xeon Processor E5-2640 v2,Products formerly Ivy Bridge EP,,Intel,,2.00 GHz,95.0,8,16,,,,,,,,Intel,Server,intel-spec-dataset
Intel Xeon Processor E5-2643 v2,Products formerly Ivy Bridge EP,,Intel,,3.50 GHz,130.0,6,12,,,,,,,,Intel,Server,intel-spec-dataset
Intel Xeon Processor E5-2648L v2,Products formerly Ivy Bridge EP,,Intel,,1.90 GHz,70.0,10,20,,,,,,,,Intel,Embedded,intel-spec-dataset
Intel Xeon Processor E5-2650 v2,Products formerly Ivy Bridge EP,,Intel,,2.60 GHz,95.0,8,16,,,,,,,,Intel,Server,intel-spec-dataset
Intel Xeon Processor E5-2650L v2,Products formerly Ivy Bridge EP,,Intel,,1.70 GHz,70.0,10,20,,,,,,,,Intel,Server,intel-spec-dataset
Intel Xeon Processor E5-2658 v2,Products formerly Ivy Bridge EP,,Intel,,2.40 GHz,95.0,10,20,,,,,,,,Intel,Embedded,intel-spec-dataset
Intel Xeon Processor E5-2660 v2,Products formerly Ivy Bridge EP,,Intel,,2.20 GHz,95.0,10,20,,,,,,,,Intel,Server,intel-spec-dataset
Intel Xeon Processor E5-2667 v2,Products formerly Ivy Bridge EP,,Intel,,3.30 GHz,130.0,8,16,,,,,,,,Intel,Server,intel-spec-dataset
Intel Xeon Processor E5-2670 v2,Products formerly Ivy Bridge EP,,Intel,,2.50 GHz,115.0,10,20,,,,,,,,Intel,Server,intel-spec-dataset
Intel Xeon Processor E5-2680 v2,Products formerly Ivy Bridge EP,,Intel,,2.80 GHz,115.0,10,20,,,,,,,,Intel,Server,intel-spec-dataset
Intel Xeon Processor E5-2687W v2,Products formerly Ivy Bridge EP,,Intel,,3.40 GHz,150.0,8,16,,,,,,,,Intel,Server,intel-spec-dataset
Intel Xeon Processor E5-2690 v2,Products formerly Ivy Bridge EP,,Intel,,3.00 GHz,130.0,10,20,,,,,,,,Intel,Server,intel-spec-dataset
Intel Xeon Processor E5-2695 v2,Products formerly Ivy Bridge EP,,Intel,,2.40 GHz,115.0,12,24,,,,,,,,Intel,Server,intel-spec-dataset
Intel Xeon Processor E5-2697 v2,Products formerly Ivy Bridge EP,,Intel,,2.70 GHz,130.0,12,24,,,,,,,,Intel,Server,intel-spec-dataset
Intel Xeon Processor E5-1428L,Products formerly Sandy Bridge EN,,Intel,,1.80 GHz,60.0,6,12,,,,,,,,Intel,Server,intel-spec-dataset
Intel Xeon Processor E5-2403,Products formerly Sandy Bridge EN,,Intel,,1.80 GHz,80.0,4,4,,,,,,,,Intel,Server,intel-spec-dataset
Intel Xeon Processor E5-2407,Products formerly Sandy Bridge EN,,Intel,,2.20 GHz,80.0,4,4,,,,,,,,Intel,Server,intel-spec-dataset
Intel Xeon Processor E5-2418L,Products formerly Sandy Bridge EN,,Intel,,2.00 GHz,50.0,4,8,,,,,,,,Intel,Embedded,intel-spec-dataset
Intel Xeon Processor E5-2420,Products formerly Sandy Bridge EN,,Intel,,1.90 GHz,95.0,6,12,,,,,,,,Intel,Server,intel-spec-dataset
Intel Xeon Processor E5-2428L,Products formerly Sandy Bridge EN,,Intel,,1.80 GHz,60.0,6,12,,,,,,,,Intel,Embedded,intel-spec-dataset
Intel Xeon Processor E5-2430,Products formerly Sandy Bridge EN,,Intel,,2.20 GHz,95.0,6,12,,,,,,,,Intel,Server,intel-spec-dataset
Intel Xeon Processor E5-2430L,Products formerly Sandy Bridge EN,,Intel,,2.00 GHz,60.0,6,12,,,,,,,,Intel,Server,intel-spec-dataset
Intel Xeon Processor E5-2440,Products formerly Sandy Bridge EN,,Intel,,2.40 GHz,95.0,6,12,,,,,,,,Intel,Server,intel-spec-dataset
Intel Xeon Processor E5-2448L,Products formerly Sandy Bridge EN,,Intel,,1.80 GHz,70.0,8,16,,,,,,,,Intel,Embedded,intel-spec-dataset
Intel Xeon Processor E5-2450,Products formerly Sandy Bridge EN,,Intel,,2.10 GHz,95.0,8,16,,,,,,,,Intel,Server,intel-spec-dataset
Intel Xeon Processor E5-2450L,Products formerly Sandy Bridge EN,,Intel,,1.80 GHz,70.0,8,16,,,,,,,,Intel,Server,intel-spec-dataset
Intel Xeon Processor E5-2470,Products formerly Sandy Bridge EN,,Intel,,2.30 GHz,95.0,8,16,,,,,,,,Intel,Server,intel-spec-dataset
Intel Xeon Processor E5-4603,Products formerly Sandy Bridge EP,,Intel,,2.00 GHz,95.0,4,8,,,,,,,,Intel,Server,intel-spec-dataset
Intel Xeon Processor E5-4607,Products formerly Sandy Bridge EP,,Intel,,2.20 GHz,95.0,6,12,,,,,,,,Intel,Server,intel-spec-dataset
Intel Xeon Processor E5-4610,Products formerly Sandy Bridge EP,,Intel,,2.40 GHz,95.0,6,12,,,,,,,,Intel,Server,intel-spec-dataset
Intel Xeon Processor E5-4617,Products formerly Sandy Bridge EP,,Intel,,2.90 GHz,130.0,6,6,,,,,,,,Intel,Server,intel-spec-dataset
Intel Xeon Processor E5-4620,Products formerly Sandy Bridge EP,,Intel,,2.20 GHz,95.0,8,16,,,,,,,,Intel,Server,intel-spec-dataset
Intel Xeon Processor E5-4640,Products formerly Sandy Bridge EP,,Intel,,2.40 GHz,95.0,8,16,,,,,,,,Intel,Server,intel-spec-dataset
Intel Xeon Processor E5-4650,Products formerly Sandy Bridge EP,,Intel,,2.70 GHz,130.0,8,16,,,,,,,,Intel,Server,intel-spec-dataset
Intel Xeon Processor E5-4650L,Products formerly Sandy Bridge EP,,Intel,,2.60 GHz,115.0,8,16,,,,,,,,Intel,Server,intel-spec-dataset
Intel Xeon Processor E5-1620,Products formerly Sandy Bridge EP,,Intel,,3.60 GHz,130.0,4,8,,,,,,,,Intel,Server,intel-spec-dataset
Intel Xeon Processor E5-1650,Products formerly Sandy Bridge EP,,Intel,,3.20 GHz,130.0,6,12,,,,,,,,Intel,Server,intel-spec-dataset
Intel Xeon Processor E5-1660,Products formerly Sandy Bridge EP,,Intel,,3.30 GHz,130.0,6,12,,,,,,,,Intel,Server,intel-spec-dataset
Intel Xeon Processor E5-2603,Products formerly Sandy Bridge EP,,Intel,,1.80 GHz,80.0,4,4,,,,,,,,Intel,Server,intel-spec-dataset
Intel Xeon Processor E5-2609,Products formerly Sandy Bridge EP,,Intel,,2.40 GHz,80.0,4,4,,,,,,,,Intel,Server,intel-spec-dataset
Intel Xeon Processor E5-2620,Products formerly Sandy Bridge EP,,Intel,,2.00 GHz,95.0,6,12,,,,,,,,Intel,Server,intel-spec-dataset
Intel Xeon Processor E5-2630,Products formerly Sandy Bridge EP,,Intel,,2.30 GHz,95.0,6,12,,,,,,,,Intel,Server,intel-spec-dataset
Intel Xeon Processor E5-2630L,Products formerly Sandy Bridge EP,,Intel,,2.00 GHz,60.0,6,12,,,,,,,,Intel,Server,intel-spec-dataset
Intel Xeon Processor E5-2637,Products formerly Sandy Bridge EP,,Intel,,3.00 GHz,80.0,2,4,,,,,,,,Intel,Server,intel-spec-dataset
Intel Xeon Processor E5-2640,Products formerly Sandy Bridge EP,,Intel,,2.50 GHz,95.0,6,12,,,,,,,,Intel,Server,intel-spec-dataset
Intel Xeon Processor E5-2643,Products formerly Sandy Bridge EP,,Intel,,3.30 GHz,130.0,4,8,,,,,,,,Intel,Server,intel-spec-dataset
Intel Xeon Processor E5-2648L,Products formerly Sandy Bridge EP,,Intel,,1.80 GHz,70.0,8,16,,,,,,,,Intel,Embedded,intel-spec-dataset
Intel Xeon Processor E5-2650,Products formerly Sandy Bridge EP,,Intel,,2.00 GHz,95.0,8,16,,,,,,,,Intel,Server,intel-spec-dataset
Intel Xeon Processor E5-2650L,Products formerly Sandy Bridge EP,,Intel,,1.80 GHz,70.0,8,16,,,,,,,,Intel,Server,intel-spec-dataset
Intel Xeon Processor E5-2658,Products formerly Sandy Bridge EP,,Intel,,2.10 GHz,95.0,8,16,,,,,,,,Intel,Embedded,intel-spec-dataset
Intel Xeon Processor E5-2660,Products formerly Sandy Bridge EP,,Intel,,2.20 GHz,95.0,8,16,,,,,,,,Intel,Server,intel-spec-dataset
Intel Xeon Processor E5-2665,Products formerly Sandy Bridge EP,,Intel,,2.40 GHz,115.0,8,16,,,,,,,,Intel,Server,intel-spec-dataset
Intel Xeon Processor E5-2667,Products formerly Sandy Bridge EP,,Intel,,2.90 GHz,130.0,6,12,,,,,,,,Intel,Server,intel-spec-dataset
Intel Xeon Processor E5-2670,Products formerly Sandy Bridge EP,,Intel,,2.60 GHz,115.0,8,16,,,,,,,,Intel,Server,intel-spec-dataset
Intel Xeon Processor E5-2680,Products formerly Sandy Bridge EP,,Intel,,2.70 GHz,130.0,8,16,,,,,,,,Intel,Server,intel-spec-dataset
Intel Xeon Processor E5-2687W,Products formerly Sandy Bridge EP,,Intel,,3.10 GHz,150.0,8,16,,,,,,,,Intel,Server,intel-spec-dataset
Intel Xeon Processor E5-2690,Products formerly Sandy Bridge EP,,Intel,,2.90 GHz,135.0,8,16,,,,,,,,Intel,Server,intel-spec-dataset
Intel Xeon Processor E3-1285 v6,Products formerly Kaby Lake,,Intel,,4.10 GHz,79.0,4,8,,,,,,,,Intel,Server,intel-spec-dataset
Intel Xeon Processor E3-1220 v6,Products formerly Kaby Lake,,Intel,,3.00 GHz,72.0,4,4,,,,,,,,Intel,Server,intel-spec-dataset
Intel Xeon Processor E3-1225 v6,Products formerly Kaby Lake,,Intel,,3.30 GHz,73.0,4,4,,,,,,,,Intel,Server,intel-spec-dataset
Intel Xeon Processor E3-1230 v6,Products formerly Kaby Lake,,Intel,,3.50 GHz,72.0,4,8,,,,,,,,Intel,Server,intel-spec-dataset
Intel Xeon Processor E3-1240 v6,Products formerly Kaby Lake,,Intel,,3.70 GHz,72.0,4,8,,,,,,,,Intel,Server,intel-spec-dataset
Intel Xeon Processor E3-1245 v6,Products formerly Kaby Lake,,Intel,,3.70 GHz,73.0,4,8,,,,,,,,Intel,Server,intel-spec-dataset
Intel Xeon Processor E3-1270 v6,Products formerly Kaby Lake,,Intel,,3.80 GHz,72.0,4,8,,,,,,,,Intel,Server,intel-spec-dataset
Intel Xeon Processor E3-1275 v6,Products formerly Kaby Lake,,Intel,,3.80 GHz,73.0,4,8,,,,,,,,Intel,Server,intel-spec-dataset
Intel Xeon Processor E3-1280 v6,Products formerly Kaby Lake,,Intel,,3.90 GHz,72.0,4,8,,,,,,,,Intel,Server,intel-spec-dataset
Intel Xeon Processor E3-1505L v6,Products formerly Kaby Lake,,Intel,,2.20 GHz,25.0,4,8,,,,,,,,Intel,Embedded,intel-spec-dataset
Intel Xeon Processor E3-1505M v6,Products formerly Kaby Lake,,Intel,,3.00 GHz,45.0,4,8,,,,,,,,Intel,Mobile,intel-spec-dataset
Intel Xeon Processor E3-1535M v6,Products formerly Kaby Lake,,Intel,,3.10 GHz,45.0,4,8,,,,,,,,Intel,Mobile,intel-spec-dataset
Intel Xeon Processor E3-1501L v6,Products formerly Kaby Lake,,Intel,,2.10 GHz,25.0,4,4,,,,,,,,Intel,Embedded,intel-spec-dataset
Intel Xeon Processor E3-1501M v6,Products formerly Kaby Lake,,Intel,,2.90 GHz,45.0,4,4,,,,,,,,Intel,Embedded,intel-spec-dataset
Intel Xeon Processor E3-1558L v5,Products formerly Skylake,,Intel,,1.90 GHz,45.0,4,8,,,,,,,,Intel,Embedded,intel-spec-dataset
Intel Xeon Processor E3-1565L v5,Products formerly Skylake,,Intel,,2.50 GHz,35.0,4,8,,,,,,,,Intel,Server,intel-spec-dataset
Intel Xeon Processor E3-1578L v5,Products formerly Skylake,,Intel,,2.00 GHz,45.0,4,8,,,,,,,,Intel,Embedded,intel-spec-dataset
Intel Xeon Processor E3-1585 v5,Products formerly Skylake,,Intel,,3.50 GHz,65.0,4,8,,,,,,,,Intel,Server,intel-spec-dataset
Intel Xeon Processor E3-1585L v5,Products formerly Skylake,,Intel,,3.00 GHz,45.0,4,8,,,,,,,,Intel,Server,intel-spec-dataset
Intel Xeon Processor E3-1515M v5,Products formerly Skylake,,Intel,,2.80 GHz,45.0,4,8,,,,,,,,Intel,Mobile,intel-spec-dataset
Intel Xeon Processor E3-1545M v5,Products formerly Skylake,,Intel,,2.90 GHz,45.0,4,8,,,,,,,,Intel,Mobile,intel-spec-dataset
Intel Xeon Processor E3-1575M v5,Products formerly Skylake,,Intel,,3.00 GHz,45.0,4,8,,,,,,,,Intel,Mobile,intel-spec-dataset
Intel Xeon Processor E3-1220 v5,Products formerly Skylake,,Intel,,3.00 GHz,80.0,4,4,,,,,,,,Intel,Server,intel-spec-dataset
Intel Xeon Processor E3-1225 v5,Products formerly Skylake,,Intel,,3.30 GHz,80.0,4,4,,,,,,,,Intel,Server,intel-spec-dataset
Intel Xeon Processor E3-1230 v5,Products formerly Skylake,,Intel,,3.40 GHz,80.0,4,8,,,,,,,,Intel,Server,intel-spec-dataset
Intel Xeon Processor E3-1235L v5,Products formerly Skylake,,Intel,,2.00 GHz,25.0,4,4,,,,,,,,Intel,Server,intel-spec-dataset
Intel Xeon Processor E3-1240 v5,Products formerly Skylake,,Intel,,3.50 GHz,80.0,4,8,,,,,,,,Intel,Server,intel-spec-dataset
Intel Xeon Processor E3-1240L v5,Products formerly Skylake,,Intel,,2.10 GHz,25.0,4,8,,,,,,,,Intel,Server,intel-spec-dataset
Intel Xeon Processor E3-1245 v5,Products formerly Skylake,,Intel,,3.50 GHz,80.0,4,8,,,,,,,,Intel,Server,intel-spec-dataset
Intel Xeon Processor E3-1260L v5,Products formerly Skylake,,Intel,,2.90 GHz,45.0,4,8,,,,,,,,Intel,Server,intel-spec-dataset
Intel Xeon Processor E3-1268L v5,Products formerly Skylake,,Intel,,2.40 GHz,35.0,4,8,,,,,,,,Intel,Embedded,intel-spec-dataset
Intel Xeon Processor E3-1270 v5,Products formerly Skylake,,Intel,,3.60 GHz,80.0,4,8,,,,,,,,Intel,Server,intel-spec-dataset
Intel Xeon Processor E3-1275 v5,Products formerly Skylake,,Intel,,3.60 GHz,80.0,4,8,,,,,,,,Intel,Server,intel-spec-dataset
Intel Xeon Processor E3-1280 v5,Products formerly Skylake,,Intel,,3.70 GHz,80.0,4,8,,,,,,,,Intel,Server,intel-spec-dataset
Intel Xeon Processor E3-1505L v5,Products formerly Skylake,,Intel,,2.00 GHz,25.0,4,8,,,,,,,,Intel,Embedded,intel-spec-dataset
Intel Xeon Processor E3-1505M v5,Products formerly Skylake,,Intel,,2.80 GHz,45.0,4,8,,,,,,,,Intel,Mobile,intel-spec-dataset
Intel Xeon Processor E3-1535M v5,Products formerly Skylake,,Intel,,2.90 GHz,45.0,4,8,,,,,,,,Intel,Mobile,intel-spec-dataset
Intel Xeon Processor E3-1258L v4,Products formerly Broadwell,,Intel,,1.80 GHz,47.0,4,8,,,,,,,,Intel,Embedded,intel-spec-dataset
Intel Xeon Processor E3-1265L v4,Products formerly Broadwell,,Intel,,2.30 GHz,35.0,4,8,,,,,,,,Intel,Server,intel-spec-dataset
Intel Xeon Processor E3-1278L v4,Products formerly Broadwell,,Intel,,2.00 GHz,47.0,4,8,,,,,,,,Intel,Embedded,intel-spec-dataset
Intel Xeon Processor E3-1285 v4,Products formerly Broadwell,,Intel,,3.50 GHz,95.0,4,8,,,,,,,,Intel,Server,intel-spec-dataset
Intel Xeon Processor E3-1285L v4,Products formerly Broadwell,,Intel,,3.40 GHz,65.0,4,8,,,,,,,,Intel,Server,intel-spec-dataset
Intel Xeon Processor E3-1226 v3,Products formerly Haswell,,Intel,,3.30 GHz,84.0,4,4,,,,,,,,Intel,Server,intel-spec-dataset
Intel Xeon Processor E3-1231 v3,Products formerly Haswell,,Intel,,3.40 GHz,80.0,4,8,,,,,,,,Intel,Server,intel-spec-dataset
Intel Xeon Processor E3-1240L v3,Products formerly Haswell,,Intel,,2.00 GHz,25.0,4,8,,,,,,,,Intel,Server,intel-spec-dataset
Intel Xeon Processor E3-1241 v3,Products formerly Haswell,,Intel,,3.50 GHz,80.0,4,8,,,,,,,,Intel,Server,intel-spec-dataset
Intel Xeon Processor E3-1246 v3,Products formerly Haswell,,Intel,,3.50 GHz,84.0,4,8,,,,,,,,Intel,Server,intel-spec-dataset
Intel Xeon Processor E3-1271 v3,Products formerly Haswell,,Intel,,3.60 GHz,80.0,4,8,,,,,,,,Intel,Server,intel-spec-dataset
Intel Xeon Processor E3-1275L v3,Products formerly Haswell,,Intel,,2.70 GHz,45.0,4,8,,,,,,,,Intel,Server,intel-spec-dataset
Intel Xeon Processor E3-1276 v3,Products formerly Haswell,,Intel,,3.60 GHz,84.0,4,8,,,,,,,,Intel,Server,intel-spec-dataset
Intel Xeon Processor E3-1281 v3,Products formerly Haswell,,Intel,,3.70 GHz,82.0,4,8,,,,,,,,Intel,Server,intel-spec-dataset
Intel Xeon Processor E3-1286 v3,Products formerly Haswell,,Intel,,3.70 GHz,84.0,4,8,,,,,,,,Intel,Server,intel-spec-dataset
Intel Xeon Processor E3-1286L v3,Products formerly Haswell,,Intel,,3.20 GHz,65.0,4,8,,,,,,,,Intel,Server,intel-spec-dataset
Intel Xeon Processor E3-1220L v3,Products formerly Haswell,,Intel,,1.10 GHz,13.0,2,4,,,,,,,,Intel,Server,intel-spec-dataset
Intel Xeon Processor E3-1220 v3,Products formerly Haswell,,Intel,,3.10 GHz,80.0,4,4,,,,,,,,Intel,Server,intel-spec-dataset
Intel Xeon Processor E3-1225 v3,Products formerly Haswell,,Intel,,3.20 GHz,84.0,4,4,,,,,,,,Intel,Server,intel-spec-dataset
Intel Xeon Processor E3-1230 v3,Products formerly Haswell,,Intel,,3.30 GHz,80.0,4,8,,,,,,,,Intel,Server,intel-spec-dataset
Intel Xeon Processor E3-1230L v3,Products formerly Haswell,,Intel,,1.80 GHz,25.0,4,8,,,,,,,,Intel,Server,intel-spec-dataset
Intel Xeon Processor E3-1240 v3,Products formerly Haswell,,Intel,,3.40 GHz,80.0,4,8,,,,,,,,Intel,Server,intel-spec-dataset
Intel Xeon Processor E3-1245 v3,Products formerly Haswell,,Intel,,3.40 GHz,84.0,4,8,,,,,,,,Intel,Server,intel-spec-dataset
Intel Xeon Processor E3-1265L v3,Products formerly Haswell,,Intel,,2.50 GHz,45.0,4,8,,,,,,,,Intel,Server,intel-spec-dataset
Intel Xeon Processor E3-1268L v3,Products formerly Haswell,,Intel,,2.30 GHz,45.0,4,8,,,,,,,,Intel,Embedded,intel-spec-dataset
Intel Xeon Processor E3-1270 v3,Products formerly Haswell,,Intel,,3.50 GHz,80.0,4,8,,,,,,,,Intel,Server,intel-spec-dataset
Intel Xeon Processor E3-1275 v3,Products formerly Haswell,,Intel,,3.50 GHz,84.0,4,8,,,,,,,,Intel,Server,intel-spec-dataset
Intel Xeon Processor E3-1280 v3,Products formerly Haswell,,Intel,,3.60 GHz,82.0,4,8,,,,,,,,Intel,Server,intel-spec-dataset
Intel Xeon Processor E3-1285 v3,Products formerly Haswell,,Intel,,3.60 GHz,84.0,4,8,,,,,,,,Intel,Server,intel-spec-dataset
Intel Xeon Processor E3-1285L v3,Products formerly Haswell,,Intel,,3.10 GHz,65.0,4,8,,,,,,,,Intel,Server,intel-spec-dataset
Intel Xeon Processor E3-1105C v2,Products formerly Gladden,,Intel,,1.80 GHz,25.0,4,8,,,,,,,,Intel,Embedded,intel-spec-dataset
Intel Xeon Processor E3-1125C v2,Products formerly Gladden,,Intel,,2.50 GHz,40.0,4,8,,,,,,,,Intel,Embedded,intel-spec-dataset
Intel Xeon Processor E3-1220 v2,Products formerly Ivy Bridge,,Intel,,3.10 GHz,69.0,4,4,,,,,,,,Intel,Server,intel-spec-dataset
Intel Xeon Processor E3-1220L v2,Products formerly Ivy Bridge,,Intel,,2.30 GHz,17.0,2,4,,,,,,,,Intel,Server,intel-spec-dataset
Intel Xeon Processor E3-1225 v2,Products formerly Ivy Bridge,,Intel,,3.20 GHz,77.0,4,4,,,,,,,,Intel,Server,intel-spec-dataset
Intel Xeon Processor E3-1230 v2,Products formerly Ivy Bridge,,Intel,,3.30 GHz,69.0,4,8,,,,,,,,Intel,Server,intel-spec-dataset
Intel Xeon Processor E3-1240 v2,Products formerly Ivy Bridge,,Intel,,3.40 GHz,69.0,4,8,,,,,,,,Intel,Server,intel-spec-dataset
Intel Xeon Processor E3-1245 v2,Products formerly Ivy Bridge,,Intel,,3.40 GHz,77.0,4,8,,,,,,,,Intel,Server,intel-spec-dataset
Intel Xeon Processor E3-1265L v2,Products formerly Ivy Bridge,,Intel,,2.50 GHz,45.0,4,8,,,,,,,,Intel,Server,intel-spec-dataset
Intel Xeon Processor E3-1270 v2,Products formerly Ivy Bridge,,Intel,,3.50 GHz,69.0,4,8,,,,,,,,Intel,Server,intel-spec-dataset
Intel Xeon Processor E3-1275 v2,Products formerly Ivy Bridge,,Intel,,3.50 GHz,77.0,4,8,,,,,,,,Intel,Server,intel-spec-dataset
Intel Xeon Processor E3-1280 v2,Products formerly Ivy Bridge,,Intel,,3.60 GHz,69.0,4,8,,,,,,,,Intel,Server,intel-spec-dataset
Intel Xeon Processor E3-1290 v2,Products formerly Ivy Bridge,,Intel,,3.70 GHz,87.0,4,8,,,,,,,,Intel,Server,intel-spec-dataset
Intel Xeon Processor E3-1105C,Products formerly Gladden,,Intel,,1.00 GHz,25.0,4,8,,,,,,,,Intel,Embedded,intel-spec-dataset
Intel Xeon Processor E3-1125C,Products formerly Gladden,,Intel,,2.00 GHz,40.0,4,8,,,,,,,,Intel,Embedded,intel-spec-dataset
Intel Xeon Processor E3-1290,Products formerly Sandy Bridge,,Intel,,3.60 GHz,95.0,4,8,,,,,,,,Intel,Server,intel-spec-dataset
Intel Xeon Processor E3-1220,Products formerly Sandy Bridge,,Intel,,3.10 GHz,80.0,4,4,,,,,,,,Intel,Server,intel-spec-dataset
Intel Xeon Processor E3-1220L,Products formerly Sandy Bridge,,Intel,,2.20 GHz,20.0,2,4,,,,,,,,Intel,Server,intel-spec-dataset
Intel Xeon Processor E3-1225,Products formerly Sandy Bridge,,Intel,,3.10 GHz,95.0,4,4,,,,,,,,Intel,Server,intel-spec-dataset
Intel Xeon Processor E3-1230,Products formerly Sandy Bridge,,Intel,,3.20 GHz,80.0,4,8,,,,,,,,Intel,Server,intel-spec-dataset
Intel Xeon Processor E3-1235,Products formerly Sandy Bridge,,Intel,,3.20 GHz,95.0,4,8,,,,,,,,Intel,Server,intel-spec-dataset
Intel Xeon Processor E3-1240,Products formerly Sandy Bridge,,Intel,,3.30 GHz,80.0,4,8,,,,,,,,Intel,Server,intel-spec-dataset
Intel Xeon Processor E3-1245,Products formerly Sandy Bridge,,Intel,,3.30 GHz,95.0,4,8,,,,,,,,Intel,Server,intel-spec-dataset
Intel Xeon Processor E3-1260L,Products formerly Sandy Bridge,,Intel,,2.40 GHz,45.0,4,8,,,,,,,,Intel,Server,intel-spec-dataset
Intel Xeon Processor E3-1270,Products formerly Sandy Bridge,,Intel,,3.40 GHz,80.0,4,8,,,,,,,,Intel,Server,intel-spec-dataset
Intel Xeon Processor E3-1275,Products formerly Sandy Bridge,,Intel,,3.40 GHz,95.0,4,8,,,,,,,,Intel,Server,intel-spec-dataset
Intel Xeon Processor E3-1280,Products formerly Sandy Bridge,,Intel,,3.50 GHz,95.0,4,8,,,,,,,,Intel,Server,intel-spec-dataset
Intel Xeon Processor E5603,Products formerly Westmere EP,,Intel,,1.60 GHz,80.0,4,4,,,,,,,,Intel,Server,intel-spec-dataset
Intel Xeon Processor E5606,Products formerly Westmere EP,,Intel,,2.13 GHz,80.0,4,4,,,,,,,,Intel,Server,intel-spec-dataset
Intel Xeon Processor E5607,Products formerly Westmere EP,,Intel,,2.26 GHz,80.0,4,4,,,,,,,,Intel,Server,intel-spec-dataset
Intel Xeon Processor E5649,Products formerly Westmere EP,,Intel,,2.53 GHz,80.0,6,12,,,,,,,,Intel,Server,intel-spec-dataset
Intel Xeon Processor W3690,Products formerly Gulftown,,Intel,,3.46 GHz,130.0,6,12,,,,,,,,Intel,Server,intel-spec-dataset
Intel Xeon Processor X5647,Products formerly Westmere EP,,Intel,,2.93 GHz,130.0,4,8,,,,,,,,Intel,Server,intel-spec-dataset
Intel Xeon Processor X5672,Products formerly Westmere EP,,Intel,,3.20 GHz,95.0,4,8,,,,,,,,Intel,Server,intel-spec-dataset
Intel Xeon Processor X5675,Products formerly Westmere EP,,Intel,,3.06 GHz,95.0,6,12,,,,,,,,Intel,Server,intel-spec-dataset
Intel Xeon Processor X5687,Products formerly Westmere EP,,Intel,,3.60 GHz,130.0,4,8,,,,,,,,Intel,Server,intel-spec-dataset
Intel Xeon Processor X5690,Products formerly Westmere EP,,Intel,,3.46 GHz,130.0,6,12,,,,,,,,Intel,Server,intel-spec-dataset
Intel Xeon Processor W3670,Products formerly Westmere EP,,Intel,,3.20 GHz,130.0,6,12,,,,,,,,Intel,Server,intel-spec-dataset
Intel Xeon Processor X3480,Products formerly Lynnfield,,Intel,,3.06 GHz,95.0,4,8,,,,,,,,Intel,Server,intel-spec-dataset
Intel Xeon Processor E5620,Products formerly Westmere EP,,Intel,,2.40 GHz,80.0,4,8,,,,,,,,Intel,Server,intel-spec-dataset
Intel Xeon Processor E5630,Products formerly Westmere EP,,Intel,,2.53 GHz,80.0,4,8,,,,,,,,Intel,Server,intel-spec-dataset
Intel Xeon Processor E5640,Products formerly Westmere EP,,Intel,,2.66 GHz,80.0,4,8,,,,,,,,Intel,Server,intel-spec-dataset
Intel Xeon Processor E5645,Products formerly Westmere EP,,Intel,,2.40 GHz,80.0,6,12,,,,,,,,Intel,Server,intel-spec-dataset
Intel Xeon Processor L3406,Products formerly Clarkdale,,Intel,,2.26 GHz,30.0,2,4,,,,,,,,Intel,Server,intel-spec-dataset
Intel Xeon Processor L5609,Products formerly Westmere EP,,Intel,,1.86 GHz,40.0,4,4,,,,,,,,Intel,Server,intel-spec-dataset
Intel Xeon Processor L5618,Products formerly Westmere EP,,Intel,,1.87 GHz,40.0,4,8,,,,,,,,Intel,Server,intel-spec-dataset
Intel Xeon Processor L5630,Products formerly Westmere EP,,Intel,,2.13 GHz,40.0,4,8,,,,,,,,Intel,Server,intel-spec-dataset
Intel Xeon Processor L5638,Products formerly Westmere EP,,Intel,,2.00 GHz,60.0,6,12,,,,,,,,Intel,Server,intel-spec-dataset
Intel Xeon Processor L5640,Products formerly Westmere EP,,Intel,,2.26 GHz,60.0,6,12,,,,,,,,Intel,Server,intel-spec-dataset
Intel Xeon Processor W3680,Products formerly Westmere EP,,Intel,,3.33 GHz,130.0,6,12,,,,,,,,Intel,Server,intel-spec-dataset
Intel Xeon Processor X5650,Products formerly Westmere EP,,Intel,,2.66 GHz,95.0,6,12,,,,,,,,Intel,Server,intel-spec-dataset
Intel Xeon Processor X5660,Products formerly Westmere EP,,Intel,,2.80 GHz,95.0,6,12,,,,,,,,Intel,Server,intel-spec-dataset
Intel Xeon Processor X5667,Products formerly Westmere EP,,Intel,,3.06 GHz,95.0,4,8,,,,,,,,Intel,Server,intel-spec-dataset
Intel Xeon Processor X5670,Products formerly Westmere EP,,Intel,,2.93 GHz,95.0,6,12,,,,,,,,Intel,Server,intel-spec-dataset
Intel Xeon Processor X5677,Products formerly Westmere EP,,Intel,,3.46 GHz,130.0,4,8,,,,,,,,Intel,Server,intel-spec-dataset
Intel Xeon Processor X5680,Products formerly Westmere EP,,Intel,,3.33 GHz,130.0,6,12,,,,,,,,Intel,Server,intel-spec-dataset
Intel Xeon Processor E5503,Products formerly Nehalem EP,,Intel,,2.00 GHz,80.0,2,2,,,,,,,,Intel,Server,intel-spec-dataset
Intel Xeon Processor E5507,Products formerly Nehalem EP,,Intel,,2.26 GHz,80.0,4,4,,,,,,,,Intel,Server,intel-spec-dataset
Intel Xeon Processor E6510,Products formerly Nehalem EX,,Intel,,1.73 GHz,105.0,4,8,,,,,,,,Intel,Server,intel-spec-dataset
Intel Xeon Processor E6540,Products formerly Nehalem EX,,Intel,,2.00 GHz,105.0,6,12,,,,,,,,Intel,Server,intel-spec-dataset
Intel Xeon Processor E7520,Products formerly Nehalem EX,,Intel,,1.87 GHz,95.0,4,8,,,,,,,,Intel,Server,intel-spec-dataset
Intel Xeon Processor E7530,Products formerly Nehalem EX,,Intel,,1.87 GHz,105.0,6,12,,,,,,,,Intel,Server,intel-spec-dataset
Intel Xeon Processor E7540,Products formerly Nehalem EX,,Intel,,2.00 GHz,105.0,6,12,,,,,,,,Intel,Server,intel-spec-dataset
Intel Xeon Processor EC3539,Products formerly Jasper Forest,,Intel,,2.13 GHz,65.0,4,4,,,,,,,,Intel,Embedded,intel-spec-dataset
Intel Xeon Processor EC5509,Products formerly Jasper Forest,,Intel,,2.00 GHz,85.0,4,4,,,,,,,,Intel,Embedded,intel-spec-dataset
Intel Xeon Processor EC5539,Products formerly Jasper Forest,,Intel,,2.27 GHz,65.0,2,2,,,,,,,,Intel,Embedded,intel-spec-dataset
Intel Xeon Processor EC5549,Products formerly Jasper Forest,,Intel,,2.53 GHz,85.0,4,8,,,,,,,,Intel,Embedded,intel-spec-dataset
Intel Xeon Processor L7545,Products formerly Nehalem EX,,Intel,,1.87 GHz,95.0,6,12,,,,,,,,Intel,Server,intel-spec-dataset
Intel Xeon Processor L7555,Products formerly Nehalem EX,,Intel,,1.87 GHz,95.0,8,16,,,,,,,,Intel,Server,intel-spec-dataset
Intel Xeon Processor LC3518,Products formerly Jasper Forest,,Intel,,1.73 GHz,23.0,1,1,,,,,,,,Intel,Embedded,intel-spec-dataset
Intel Xeon Processor LC3528,Products formerly Jasper Forest,,Intel,,1.73 GHz,35.0,2,4,,,,,,,,Intel,Embedded,intel-spec-dataset
Intel Xeon Processor LC5518,Products formerly Jasper Forest,,Intel,,1.73 GHz,48.0,4,8,,,,,,,,Intel,Embedded,intel-spec-dataset
Intel Xeon Processor LC5528,Products formerly Jasper Forest,,Intel,,2.13 GHz,60.0,4,8,,,,,,,,Intel,Embedded,intel-spec-dataset
Intel Xeon Processor W3530,Products formerly Bloomfield,,Intel,,2.80 GHz,130.0,4,8,,,,,,,,Intel,Server,intel-spec-dataset
Intel Xeon Processor X6550,Products formerly Nehalem EX,,Intel,,2.00 GHz,130.0,8,16,,,,,,,,Intel,Server,intel-spec-dataset
Intel Xeon Processor X7542,Products formerly Nehalem EX,,Intel,,2.67 GHz,130.0,6,,,,,,,,,Intel,Server,intel-spec-dataset
Intel Xeon Processor X7550,Products formerly Nehalem EX,,Intel,,2.00 GHz,130.0,8,16,,,,,,,,Intel,Server,intel-spec-dataset
Intel Xeon Processor X7560,Products formerly Nehalem EX,,Intel,,2.27 GHz,130.0,8,16,,,,,,,,Intel,Server,intel-spec-dataset
Intel Xeon Processor W3565,Products formerly Bloomfield,,Intel,,3.20 GHz,130.0,4,8,,,,,,,,Intel,Server,intel-spec-dataset
Intel Xeon Processor L3426,Products formerly Lynnfield,,Intel,,1.86 GHz,45.0,4,8,,,,,,,,Intel,Server,intel-spec-dataset
Intel Xeon Processor X3430,Products formerly Lynnfield,,Intel,,2.40 GHz,95.0,4,4,,,,,,,,Intel,Server,intel-spec-dataset
Intel Xeon Processor X3440,Products formerly Lynnfield,,Intel,,2.53 GHz,95.0,4,8,,,,,,,,Intel,Server,intel-spec-dataset
Intel Xeon Processor X3450,Products formerly Lynnfield,,Intel,,2.66 GHz,95.0,4,8,,,,,,,,Intel,Server,intel-spec-dataset
Intel Xeon Processor X3460,Products formerly Lynnfield,,Intel,,2.80 GHz,95.0,4,8,,,,,,,,Intel,Server,intel-spec-dataset
Intel Xeon Processor X3470,Products formerly Lynnfield,,Intel,,2.93 GHz,95.0,4,8,,,,,,,,Intel,Server,intel-spec-dataset
Intel Xeon Processor L5530,Products formerly Nehalem EP,,Intel,,2.40 GHz,60.0,4,8,,,,,,,,Intel,Server,intel-spec-dataset
Intel Xeon Processor W3550,Products formerly Bloomfield,,Intel,,3.06 GHz,130.0,4,8,,,,,,,,Intel,Server,intel-spec-dataset
Intel Xeon Processor W3580,Products formerly Bloomfield,,Intel,,3.33 GHz,130.0,4,8,,,,,,,,Intel,Server,intel-spec-dataset
Intel Xeon Processor W5590,Products formerly Nehalem EP,,Intel,,3.33 GHz,130.0,4,8,,,,,,,,Intel,Server,intel-spec-dataset
Intel Xeon Processor E5502,Products formerly Nehalem EP,,Intel,,1.86 GHz,80.0,2,2,,,,,,,,Intel,Server,intel-spec-dataset
Intel Xeon Processor E5504,Products formerly Nehalem EP,,Intel,,2.00 GHz,80.0,4,4,,,,,,,,Intel,Server,intel-spec-dataset
Intel Xeon Processor E5506,Products formerly Nehalem EP,,Intel,,2.13 GHz,80.0,4,4,,,,,,,,Intel,Server,intel-spec-dataset
Intel Xeon Processor E5520,Products formerly Nehalem EP,,Intel,,2.26 GHz,80.0,4,8,,,,,,,,Intel,Server,intel-spec-dataset
Intel Xeon Processor E5530,Products formerly Nehalem EP,,Intel,,2.40 GHz,80.0,4,8,,,,,,,,Intel,Server,intel-spec-dataset
Intel Xeon Processor E5540,Products formerly Nehalem EP,,Intel,,2.53 GHz,80.0,4,8,,,,,,,,Intel,Server,intel-spec-dataset
Intel Xeon Processor L5506,Products formerly Nehalem EP,,Intel,,2.13 GHz,60.0,4,4,,,,,,,,Intel,Server,intel-spec-dataset
Intel Xeon Processor L5508,Products formerly Nehalem EP,,Intel,,2.00 GHz,38.0,2,4,,,,,,,,Intel,Embedded,intel-spec-dataset
Intel Xeon Processor L5518,Products formerly Nehalem EP,,Intel,,2.13 GHz,60.0,4,8,,,,,,,,Intel,Embedded,intel-spec-dataset
Intel Xeon Processor L5520,Products formerly Nehalem EP,,Intel,,2.26 GHz,60.0,4,8,,,,,,,,Intel,Server,intel-spec-dataset
Intel Xeon Processor W3520,Products formerly Bloomfield,,Intel,,2.66 GHz,130.0,4,8,,,,,,,,Intel,Server,intel-spec-dataset
Intel Xeon Processor W3540,Products formerly Bloomfield,,Intel,,2.93 GHz,130.0,4,8,,,,,,,,Intel,Server,intel-spec-dataset
Intel Xeon Processor W3570,Products formerly Bloomfield,,Intel,,3.20 GHz,130.0,4,8,,,,,,,,Intel,Server,intel-spec-dataset
Intel Xeon Processor W5580,Products formerly Nehalem EP,,Intel,,3.20 GHz,130.0,4,8,,,,,,,,Intel,Server,intel-spec-dataset
Intel Xeon Processor X5550,Products formerly Nehalem EP,,Intel,,2.66 GHz,95.0,4,8,,,,,,,,Intel,Server,intel-spec-dataset
Intel Xeon Processor X5560,Products formerly Nehalem EP,,Intel,,2.80 GHz,95.0,4,8,,,,,,,,Intel,Server,intel-spec-dataset
Intel Xeon Processor X5570,Products formerly Nehalem EP,,Intel,,2.93 GHz,95.0,4,8,,,,,,,,Intel,Server,intel-spec-dataset
Intel Xeon Processor X3380,Products formerly Yorkfield,,Intel,,3.16 GHz,95.0,4,,,,,,,,,Intel,Server,intel-spec-dataset
Intel Xeon Processor L3110,Products formerly Wolfdale,,Intel,,3.00 GHz,45.0,2,,,,,,,,,Intel,Server,intel-spec-dataset
Intel Xeon Processor L3360,Products formerly Yorkfield,,Intel,,2.83 GHz,65.0,4,,,,,,,,,Intel,Server,intel-spec-dataset
Intel Xeon Processor X5270,Products formerly Wolfdale,,Intel,,3.50 GHz,80.0,2,,,,,,,,,Intel,Server,intel-spec-dataset
Intel Xeon Processor L3014,Products formerly Wolfdale,,Intel,,2.40 GHz,30.0,1,,,,,,,,,Intel,Embedded,intel-spec-dataset
Intel Xeon Processor L5215,Products formerly Wolfdale,,Intel,,1.86 GHz,20.0,2,,,,,,,,,Intel,Server,intel-spec-dataset
Intel Xeon Processor E7420,Products formerly Dunnington,,Intel,,2.13 GHz,90.0,4,,,,,,,,,Intel,Server,intel-spec-dataset
Intel Xeon Processor E7430,Products formerly Dunnington,,Intel,,2.13 GHz,90.0,4,,,,,,,,,Intel,Server,intel-spec-dataset
Intel Xeon Processor E7440,Products formerly Dunnington,,Intel,,2.40 GHz,90.0,4,,,,,,,,,Intel,Server,intel-spec-dataset
Intel Xeon Processor E7450,Products formerly Dunnington,,Intel,,2.40 GHz,90.0,6,,,,,,,,,Intel,Server,intel-spec-dataset
Intel Xeon Processor L7445,Products formerly Dunnington,,Intel,,2.13 GHz,50.0,4,,,,,,,,,Intel,Server,intel-spec-dataset
Intel Xeon Processor L7455,Products formerly Dunnington,,Intel,,2.13 GHz,65.0,6,,,,,,,,,Intel,Server,intel-spec-dataset
Intel Xeon Processor X7460,Products formerly Dunnington,,Intel,,2.66 GHz,130.0,6,,,,,,,,,Intel,Server,intel-spec-dataset
Intel Xeon Processor L5430,Products formerly Harpertown,,Intel,,2.66 GHz,50.0,4,,,,,,,,,Intel,Server,intel-spec-dataset
Intel Xeon Processor X5470,Products formerly Harpertown,,Intel,,3.33 GHz,120.0,4,,,,,,,,,Intel,Server,intel-spec-dataset
Intel Xeon Processor X5492,Products formerly Harpertown,,Intel,,3.40 GHz,150.0,4,,,,,,,,,Intel,Server,intel-spec-dataset
Intel Xeon Processor E3120,Products formerly Wolfdale,,Intel,,3.16 GHz,65.0,2,,,,,,,,,Intel,Server,intel-spec-dataset
Intel Xeon Processor X3330,Products formerly Yorkfield,,Intel,,2.66 GHz,95.0,4,,,,,,,,,Intel,Server,intel-spec-dataset
Intel Xeon Processor X3370,Products formerly Yorkfield,,Intel,,3.00 GHz,95.0,4,,,,,,,,,Intel,Server,intel-spec-dataset
Intel Xeon Processor L5240,Products formerly Wolfdale,,Intel,,3.00 GHz,40.0,2,,,,,,,,,Intel,Server,intel-spec-dataset
Intel Xeon Processor E5220,Products formerly Wolfdale,,Intel,,2.33 GHz,65.0,2,,,,,,,,,Intel,Server,intel-spec-dataset
Intel Xeon Processor E5240,Products formerly Wolfdale,,Intel,,3.00 GHz,65.0,2,,,,,,,,,Intel,Embedded,intel-spec-dataset
Intel Xeon Processor L5318,Products formerly Clovertown,,Intel,,1.60 GHz,40.0,4,,,,,,,,,Intel,Server,intel-spec-dataset
Intel Xeon Processor L5408,Products formerly Harpertown,,Intel,,2.13 GHz,40.0,4,,,,,,,,,Intel,Embedded,intel-spec-dataset
Intel Xeon Processor L5410,Products formerly Harpertown,,Intel,,2.33 GHz,50.0,4,,,,,,,,,Intel,Server,intel-spec-dataset
Intel Xeon Processor L5420,Products formerly Harpertown,,Intel,,2.50 GHz,50.0,4,,,,,,,,,Intel,Server,intel-spec-dataset
Intel Xeon Processor X3320,Products formerly Yorkfield,,Intel,,2.50 GHz,95.0,4,,,,,,,,,Intel,Server,intel-spec-dataset
Intel Xeon Processor X3350,Products formerly Yorkfield,,Intel,,2.66 GHz,95.0,4,,,,,,,,,Intel,Server,intel-spec-dataset
Intel Xeon Processor X3360,Products formerly Yorkfield,,Intel,,2.83 GHz,95.0,4,,,,,,,,,Intel,Server,intel-spec-dataset
Intel Xeon Processor E3110,Products formerly Wolfdale,,Intel,,3.00 GHz,65.0,2,,,,,,,,,Intel,Server,intel-spec-dataset
Intel Xeon Processor L5238,Products formerly Wolfdale,,Intel,,2.66 GHz,35.0,2,,,,,,,,,Intel,Embedded,intel-spec-dataset
Intel Xeon Processor 3065,Products formerly Conroe,,Intel,,2.33 GHz,65.0,2,,,,,,,,,Intel,Server,intel-spec-dataset
Intel Xeon Processor E5205,Products formerly Wolfdale,,Intel,,1.86 GHz,65.0,2,,,,,,,,,Intel,Server,intel-spec-dataset
Intel Xeon Processor E5405,Products formerly Harpertown,,Intel,,2.00 GHz,80.0,4,,,,,,,,,Intel,Server,intel-spec-dataset
Intel Xeon Processor E5410,Products formerly Harpertown,,Intel,,2.33 GHz,80.0,4,,,,,,,,,Intel,Server,intel-spec-dataset
Intel Xeon Processor E5420,Products formerly Harpertown,,Intel,,2.50 GHz,80.0,4,,,,,,,,,Intel,Server,intel-spec-dataset
Intel Xeon Processor E5430,Products formerly Harpertown,,Intel,,2.66 GHz,80.0,4,,,,,,,,,Intel,Server,intel-spec-dataset
Intel Xeon Processor E5440,Products formerly Harpertown,,Intel,,2.83 GHz,80.0,4,,,,,,,,,Intel,Server,intel-spec-dataset
Intel Xeon Processor E5450,Products formerly Harpertown,,Intel,,3.00 GHz,80.0,4,,,,,,,,,Intel,Server,intel-spec-dataset
Intel Xeon Processor E5462,Products formerly Harpertown,,Intel,,2.80 GHz,80.0,4,,,,,,,,,Intel,Server,intel-spec-dataset
Intel Xeon Processor E5472,Products formerly Harpertown,,Intel,,3.00 GHz,80.0,4,,,,,,,,,Intel,Server,intel-spec-dataset
Intel Xeon Processor X5260,Products formerly Wolfdale,,Intel,,3.33 GHz,80.0,2,,,,,,,,,Intel,Server,intel-spec-dataset
Intel Xeon Processor X5272,Products formerly Wolfdale,,Intel,,3.40 GHz,80.0,2,,,,,,,,,Intel,Server,intel-spec-dataset
Intel Xeon Processor X5450,Products formerly Harpertown,,Intel,,3.00 GHz,120.0,4,,,,,,,,,Intel,Server,intel-spec-dataset
Intel Xeon Processor X5460,Products formerly Harpertown,,Intel,,3.16 GHz,120.0,4,,,,,,,,,Intel,Server,intel-spec-dataset
Intel Xeon Processor X5472,Products formerly Harpertown,,Intel,,3.00 GHz,120.0,4,,,,,,,,,Intel,Server,intel-spec-dataset
Intel Xeon Processor X5482,Products formerly Harpertown,,Intel,,3.20 GHz,150.0,4,,,,,,,,,Intel,Server,intel-spec-dataset
Intel Xeon Processor L5335,Products formerly Clovertown,,Intel,,2.00 GHz,50.0,4,,,,,,,,,Intel,Server,intel-spec-dataset
Intel Xeon Processor X5365,Products formerly Clovertown,,Intel,,3.00 GHz,150.0,4,,,,,,,,,Intel,Server,intel-spec-dataset
Intel Xeon Processor X3230,Products formerly Kentsfield,,Intel,,2.66 GHz,95.0,4,,,,,,,,,Intel,Server,intel-spec-dataset
Intel Xeon Processor E7210,Products formerly Tigerton,,Intel,,2.40 GHz,80.0,2,,,,,,,,,Intel,Server,intel-spec-dataset
Intel Xeon Processor E7220,Products formerly Tigerton,,Intel,,2.93 GHz,80.0,2,,,,,,,,,Intel,Server,intel-spec-dataset
Intel Xeon Processor E7310,Products formerly Tigerton,,Intel,,1.60 GHz,80.0,4,,,,,,,,,Intel,Server,intel-spec-dataset
Intel Xeon Processor E7320,Products formerly Tigerton,,Intel,,2.13 GHz,80.0,4,,,,,,,,,Intel,Server,intel-spec-dataset
Intel Xeon Processor E7330,Products formerly Tigerton,,Intel,,2.40 GHz,80.0,4,,,,,,,,,Intel,Server,intel-spec-dataset
Intel Xeon Processor E7340,Products formerly Tigerton,,Intel,,2.40 GHz,80.0,4,,,,,,,,,Intel,Server,intel-spec-dataset
Intel Xeon Processor L7345,Products formerly Tigerton,,Intel,,1.86 GHz,50.0,4,,,,,,,,,Intel,Server,intel-spec-dataset
Intel Xeon Processor X7350,Products formerly Tigerton,,Intel,,2.93 GHz,130.0,4,,,,,,,,,Intel,Server,intel-spec-dataset
Intel Xeon Processor L5310,Products formerly Clovertown,,Intel,,1.60 GHz,50.0,4,,,,,,,,,Intel,Server,intel-spec-dataset
Intel Xeon Processor L5320,Products formerly Clovertown,,Intel,,1.86 GHz,50.0,4,,,,,,,,,Intel,Server,intel-spec-dataset
Intel Xeon Processor X3210,Products formerly Kentsfield,,Intel,,2.13 GHz,105.0,4,,,,,,,,,Intel,Server,intel-spec-dataset
Intel Xeon Processor X3220,Products formerly Kentsfield,,Intel,,2.40 GHz,105.0,4,,,,,,,,,Intel,Server,intel-spec-dataset
Intel Xeon Processor E5310,Products formerly Clovertown,,Intel,,1.60 GHz,80.0,4,,,,,,,,,Intel,Server,intel-spec-dataset
Intel Xeon Processor E5320,Products formerly Clovertown,,Intel,,1.86 GHz,80.0,4,,,,,,,,,Intel,Server,intel-spec-dataset
Intel Xeon Processor E5335,Products formerly Clovertown,,Intel,,2.00 GHz,80.0,4,,,,,,,,,Intel,Server,intel-spec-dataset
Intel Xeon Processor E5345,Products formerly Clovertown,,Intel,,2.33 GHz,80.0,4,,,,,,,,,Intel,Server,intel-spec-dataset
Intel Xeon Processor LV 5128,Products formerly Woodcrest,,Intel,,1.86 GHz,40.0,2,,,,,,,,,Intel,Server,intel-spec-dataset
Intel Xeon Processor LV 5138,Products formerly Woodcrest,,Intel,,2.13 GHz,35.0,2,,,,,,,,,Intel,Server,intel-spec-dataset
Intel Xeon Processor X5355,Products formerly Clovertown,,Intel,,2.66 GHz,120.0,4,,,,,,,,,Intel,Server,intel-spec-dataset
"Intel Xeon Processor LV 1.66 GHz, 2M Cache, 667 MHz FSB",Products formerly Sossaman,,Intel,,1.66 GHz,31.0,2,,,,,,,,,Intel,Server,intel-spec-dataset
"Intel Xeon Processor LV 2.16 GHz, 2M Cache, 667 MHz FSB",Products formerly Sossaman,,Intel,,2.16 GHz,31.0,2,,,,,,,,,Intel,Server,intel-spec-dataset
"Intel Xeon Processor ULV 1.66 GHz, 2M Cache, 667 MHz FSB",Products formerly Sossaman,,Intel,,1.66 GHz,15.0,2,,,,,,,,,Intel,Server,intel-spec-dataset
Intel Xeon Processor 5130,Products formerly Woodcrest,,Intel,,2.00 GHz,65.0,2,,,,,,,,,Intel,Server,intel-spec-dataset
Intel Xeon Processor 5140,Products formerly Woodcrest,,Intel,,2.33 GHz,65.0,2,,,,,,,,,Intel,Server,intel-spec-dataset
Intel Xeon Processor LV 5148,Products formerly Woodcrest,,Intel,,2.33 GHz,40.0,2,,,,,,,,,Intel,Server,intel-spec-dataset
"Intel Xeon Processor LV 2.00 GHz, 2M Cache, 667 MHz FSB",Products formerly Sossaman,,Intel,,2.00 GHz,31.0,2,,,,,,,,,Intel,Server,intel-spec-dataset
"64-bit Intel Xeon Processor 3.20 GHz, 1M Cache, 800 MHz FSB",Products formerly Nocona,,Intel,,3.20 GHz,103.0,1,,,,,,,,,Intel,Server,intel-spec-dataset
"64-bit Intel Xeon Processor LV 2.80 GHz, 1M Cache, 800 MHz FSB",Products formerly Nocona,,Intel,,2.80 GHz,55.0,1,,,,,,,,,Intel,Server,intel-spec-dataset
"Intel Xeon Processor 2.80 GHz, 512K Cache, 533 MHz FSB",Products formerly Prestonia,,Intel,,2.80 GHz,74.0,1,,,,,,,,,Intel,Server,intel-spec-dataset
"Intel Xeon Processor LV 2.40 GHz, 512K Cache, 400 MHz FSB",Products formerly Prestonia,,Intel,,2.40 GHz,40.0,1,,,,,,,,,Intel,Server,intel-spec-dataset
"Intel Xeon Processor 2.40 GHz, 512K Cache, 533 MHz FSB",Products formerly Prestonia,,Intel,,2.40 GHz,65.0,1,,,,,,,,,Intel,Server,intel-spec-dataset
"Intel Xeon Processor LV 1.60 GHz, 512K Cache, 400 MHz FSB",Products formerly Prestonia,,Intel,,1.60 GHz,30.0,1,,,,,,,,,Intel,Server,intel-spec-dataset
"Intel Xeon Processor 2.00 GHz, 512K Cache, 533 MHz FSB",Products formerly Prestonia,,Intel,,2.00 GHz,58.0,1,,,,,,,,,Intel,Server,intel-spec-dataset
Intel Xeon Phi Coprocessor 7120A,Products formerly Knights Corner,,Intel,,1.24 GHz,300.0,61,,,,,,,,,Intel,Server,intel-spec-dataset
Intel Xeon Phi Coprocessor 7120D,Products formerly Knights Corner,,Intel,,1.24 GHz,270.0,61,,,,,,,,,Intel,Server,intel-spec-dataset
Intel Xeon Phi Coprocessor 3120A,Products formerly Knights Corner,,Intel,,1.10 GHz,300.0,57,,,,,,,,,Intel,Server,intel-spec-dataset
Intel Xeon Phi Coprocessor 3120P,Products formerly Knights Corner,,Intel,,1.10 GHz,300.0,57,,,,,,,,,Intel,Server,intel-spec-dataset
Intel Xeon Phi Coprocessor 5120D,Products formerly Knights Corner,,Intel,,1.05 GHz,245.0,60,,,,,,,,,Intel,Server,intel-spec-dataset
Intel Xeon Phi Coprocessor 7120P,Products formerly Knights Corner,,Intel,,1.24 GHz,300.0,61,,,,,,,,,Intel,Server,intel-spec-dataset
Intel Xeon Phi Coprocessor 7120X,Products formerly Knights Corner,,Intel,,1.24 GHz,300.0,61,,,,,,,,,Intel,Server,intel-spec-dataset
Intel Xeon Phi Coprocessor 5110P,Products formerly Knights Corner,,Intel,,1.05 GHz,225.0,60,,,,,,,,,Intel,Server,intel-spec-dataset
Intel Xeon Phi Processor 7210,Products formerly Knights Landing,,Intel,,1.30 GHz,215.0,64,,,,,,,,,Intel,Server,intel-spec-dataset
Intel Xeon Phi Processor 7210F,Products formerly Knights Landing,,Intel,,1.30 GHz,230.0,64,,,,,,,,,Intel,Server,intel-spec-dataset
Intel Xeon Phi Processor 7230,Products formerly Knights Landing,,Intel,,1.30 GHz,215.0,64,,,,,,,,,Intel,Server,intel-spec-dataset
Intel Xeon Phi Processor 7230F,Products formerly Knights Landing,,Intel,,1.30 GHz,230.0,64,,,,,,,,,Intel,Server,intel-spec-dataset
Intel Xeon Phi Processor 7250,Products formerly Knights Landing,,Intel,,1.40 GHz,215.0,68,,,,,,,,,Intel,Server,intel-spec-dataset
Intel Xeon Phi Processor 7250F,Products formerly Knights Landing,,Intel,,1.40 GHz,230.0,68,,,,,,,,,Intel,Server,intel-spec-dataset
Intel Xeon Phi Processor 7290,Products formerly Knights Landing,,Intel,,1.50 GHz,245.0,72,,,,,,,,,Intel,Server,intel-spec-dataset
Intel Xeon Phi Processor 7290F,Products formerly Knights Landing,,Intel,,1.50 GHz,260.0,72,,,,,,,,,Intel,Server,intel-spec-dataset
Intel Xeon Phi Processor 7235,Products formerly Knights Mill,,Intel,,1.30 GHz,250.0,64,,,,,,,,,Intel,Server,intel-spec-dataset
Intel Xeon Phi Processor 7285,Products formerly Knights Mill,,Intel,,1.30 GHz,250.0,68,,,,,,,,,Intel,Server,intel-spec-dataset
Intel Xeon Phi Processor 7295,Products formerly Knights Mill,,Intel,,1.50 GHz,320.0,72,,,,,,,,,Intel,Server,intel-spec-dataset
Intel Itanium Processor 9720,Products formerly Kittson,,Intel,,1.73 GHz,130.0,4,8,,,,,,,,Intel,Server,intel-spec-dataset
Intel Itanium Processor 9740,Products formerly Kittson,,Intel,,2.13 GHz,170.0,8,16,,,,,,,,Intel,Server,intel-spec-dataset
Intel Itanium Processor 9750,Products formerly Kittson,,Intel,,2.53 GHz,170.0,4,8,,,,,,,,Intel,Server,intel-spec-dataset
Intel Itanium Processor 9760,Products formerly Kittson,,Intel,,2.66 GHz,170.0,8,16,,,,,,,,Intel,Server,intel-spec-dataset
Intel Itanium Processor 9520,Products formerly Poulson,,Intel,,1.73 GHz,130.0,4,8,,,,,,,,Intel,Server,intel-spec-dataset
Intel Itanium Processor 9540,Products formerly Poulson,,Intel,,2.13 GHz,170.0,8,16,,,,,,,,Intel,Server,intel-spec-dataset
Intel Itanium Processor 9550,Products formerly Poulson,,Intel,,2.40 GHz,170.0,4,8,,,,,,,,Intel,Server,intel-spec-dataset
Intel Itanium Processor 9560,Products formerly Poulson,,Intel,,2.53 GHz,170.0,8,16,,,,,,,,Intel,Server,intel-spec-dataset
Intel Itanium Processor 9310,Products formerly Tukwila,,Intel,,1.60 GHz,130.0,2,4,,,,,,,,Intel,Server,intel-spec-dataset
Intel Itanium Processor 9320,Products formerly Tukwila,,Intel,,1.33 GHz,155.0,4,8,,,,,,,,Intel,Server,intel-spec-dataset
Intel Itanium Processor 9330,Products formerly Tukwila,,Intel,,1.46 GHz,155.0,4,8,,,,,,,,Intel,Server,intel-spec-dataset
Intel Itanium Processor 9350,Products formerly Tukwila,,Intel,,1.73 GHz,185.0,4,8,,,,,,,,Intel,Server,intel-spec-dataset
Intel Itanium Processor 9110N,Products formerly Montvale,,Intel,,1.60 GHz,75.0,1,,,,,,,,,Intel,Server,intel-spec-dataset
Intel Itanium Processor 9120N,Products formerly Montvale,,Intel,,1.42 GHz,104.0,2,,,,,,,,,Intel,Server,intel-spec-dataset
Intel Itanium Processor 9130M,Products formerly Montvale,,Intel,,1.66 GHz,104.0,2,,,,,,,,,Intel,Server,intel-spec-dataset
Intel Itanium Processor 9140M,Products formerly Montvale,,Intel,,1.66 GHz,104.0,2,,,,,,,,,Intel,Server,intel-spec-dataset
Intel Itanium Processor 9140N,Products formerly Montvale,,Intel,,1.60 GHz,104.0,2,,,,,,,,,Intel,Server,intel-spec-dataset
Intel Itanium Processor 9150M,Products formerly Montvale,,Intel,,1.66 GHz,104.0,2,,,,,,,,,Intel,Server,intel-spec-dataset
Intel Itanium Processor 9150N,Products formerly Montvale,,Intel,,1.60 GHz,104.0,2,,,,,,,,,Intel,Server,intel-spec-dataset
Intel Itanium Processor 9152M,Products formerly Montvale,,Intel,,1.66 GHz,104.0,2,,,,,,,,,Intel,Server,intel-spec-dataset
Intel Itanium Processor 9015,Products formerly Montecito,,Intel,,1.40 GHz,104.0,2,,,,,,,,,Intel,Server,intel-spec-dataset
Intel Atom Processor C5115,Products formerly Parker Ridge,,Intel,,2.80 GHz,43.0,4,4,,,,,,,,Intel,Server,intel-spec-dataset
Intel Atom Processor C5125,Products formerly Parker Ridge,,Intel,,2.80 GHz,50.0,8,8,,,,,,,,Intel,Server,intel-spec-dataset
Intel Atom Processor C5310,Products formerly Parker Ridge,,Intel,,1.60 GHz,32.0,4,4,,,,,,,,Intel,Server,intel-spec-dataset
Intel Atom Processor C5315,Products formerly Parker Ridge,,Intel,,2.40 GHz,38.0,4,4,,,,,,,,Intel,Server,intel-spec-dataset
Intel Atom Processor C5320,Products formerly Parker Ridge,,Intel,,2.40 GHz,41.0,8,8,,,,,,,,Intel,Server,intel-spec-dataset
Intel Atom Processor C5325,Products formerly Parker Ridge,,Intel,,2.40 GHz,41.0,8,8,,,,,,,,Intel,Server,intel-spec-dataset
Intel Atom Processor C3338R,Products formerly Denverton,,Intel,,1.80 GHz,10.5,2,2,,,,,,,,Intel,Server,intel-spec-dataset
Intel Atom Processor C3436L,Products formerly Denverton,,Intel,,1.30 GHz,10.75,4,4,,,,,,,,Intel,Server,intel-spec-dataset
Intel Atom Processor C3558R,Products formerly Denverton,,Intel,,2.40 GHz,17.0,4,4,,,,,,,,Intel,Server,intel-spec-dataset
Intel Atom Processor C3758R,Products formerly Denverton,,Intel,,2.40 GHz,26.0,8,8,,,,,,,,Intel,Server,intel-spec-dataset
Intel Atom Processor C3336,Products formerly Denverton,,Intel,,1.50 GHz,11.0,2,2,,,,,,,,Intel,Server,intel-spec-dataset
Intel Atom Processor C3308,Products formerly Denverton,,Intel,,1.60 GHz,9.5,2,2,,,,,,,,Intel,Server,intel-spec-dataset
Intel Atom Processor C3508,Products formerly Denverton,,Intel,,1.60 GHz,11.5,4,4,,,,,,,,Intel,Server,intel-spec-dataset
Intel Atom Processor C3538,Products formerly Denverton,,Intel,,2.10 GHz,15.0,4,4,,,,,,,,Intel,Server,intel-spec-dataset
Intel Atom Processor C3558,Products formerly Denverton,,Intel,,2.20 GHz,16.0,4,4,,,,,,,,Intel,Server,intel-spec-dataset
Intel Atom Processor C3708,Products formerly Denverton,,Intel,,1.70 GHz,17.0,8,8,,,,,,,,Intel,Server,intel-spec-dataset
Intel Atom Processor C3750,Products formerly Denverton,,Intel,,2.20 GHz,21.0,8,8,,,,,,,,Intel,Server,intel-spec-dataset
Intel Atom Processor C3758,Products formerly Denverton,,Intel,,2.20 GHz,25.0,8,8,,,,,,,,Intel,Server,intel-spec-dataset
Intel Atom Processor C3808,Products formerly Denverton,,Intel,,2.00 GHz,25.0,12,12,,,,,,,,Intel,Server,intel-spec-dataset
Intel Atom Processor C3830,Products formerly Denverton,,Intel,,1.90 GHz,21.5,12,12,,,,,,,,Intel,Server,intel-spec-dataset
Intel Atom Processor C3850,Products formerly Denverton,,Intel,,2.10 GHz,25.0,12,12,,,,,,,,Intel,Server,intel-spec-dataset
Intel Atom Processor C3858,Products formerly Denverton,,Intel,,2.00 GHz,25.0,12,12,,,,,,,,Intel,Server,intel-spec-dataset
Intel Atom Processor C3950,Products formerly Denverton,,Intel,,1.70 GHz,24.0,16,16,,,,,,,,Intel,Server,intel-spec-dataset
Intel Atom Processor C3955,Products formerly Denverton,,Intel,,2.10 GHz,32.0,16,16,,,,,,,,Intel,Server,intel-spec-dataset
Intel Atom Processor C3958,Products formerly Denverton,,Intel,,2.00 GHz,31.0,16,16,,,,,,,,Intel,Server,intel-spec-dataset
Intel Atom Processor C2316,Products formerly Rangeley,,Intel,,1.50 GHz,7.0,2,2,,,,,,,,Intel,Embedded,intel-spec-dataset
Intel Atom Processor C2516,Products formerly Rangeley,,Intel,,1.40 GHz,10.0,4,4,,,,,,,,Intel,Embedded,intel-spec-dataset
Intel Atom Processor C3338,Products formerly Denverton,,Intel,,1.50 GHz,8.5,2,2,,,,,,,,Intel,Server,intel-spec-dataset
Intel Atom Processor C2308,Products formerly Rangeley,,Intel,,1.25 GHz,6.0,2,2,,,,,,,,Intel,Embedded,intel-spec-dataset
Intel Atom Processor C2508,Products formerly Rangeley,,Intel,,1.25 GHz,9.5,4,4,,,,,,,,Intel,Embedded,intel-spec-dataset
Intel Atom Processor C2338,Products formerly Rangeley,,Intel,,1.70 GHz,7.0,2,2,,,,,,,,Intel,Embedded,intel-spec-dataset
Intel Atom Processor C2350,Products formerly Avoton,,Intel,,1.70 GHz,6.0,2,2,,,,,,,,Intel,Server,intel-spec-dataset
Intel Atom Processor C2358,Products formerly Rangeley,,Intel,,1.70 GHz,7.0,2,2,,,,,,,,Intel,Embedded,intel-spec-dataset
Intel Atom Processor C2518,Products formerly Rangeley,,Intel,,1.70 GHz,13.0,4,4,,,,,,,,Intel,Embedded,intel-spec-dataset
Intel Atom Processor C2530,Products formerly Avoton,,Intel,,1.70 GHz,9.0,4,4,,,,,,,,Intel,Server,intel-spec-dataset
Intel Atom Processor C2538,Products formerly Rangeley,,Intel,,2.40 GHz,15.0,4,4,,,,,,,,Intel,Embedded,intel-spec-dataset
Intel Atom Processor C2550,Products formerly Avoton,,Intel,,2.40 GHz,14.0,4,4,,,,,,,,Intel,Server,intel-spec-dataset
Intel Atom Processor C2558,Products formerly Rangeley,,Intel,,2.40 GHz,15.0,4,4,,,,,,,,Intel,Embedded,intel-spec-dataset
Intel Atom Processor C2718,Products formerly Rangeley,,Intel,,2.00 GHz,18.0,8,8,,,,,,,,Intel,Embedded,intel-spec-dataset
Intel Atom Processor C2730,Products formerly Avoton,,Intel,,1.70 GHz,12.0,8,8,,,,,,,,Intel,Server,intel-spec-dataset
Intel Atom Processor C2738,Products formerly Rangeley,,Intel,,2.40 GHz,20.0,8,8,,,,,,,,Intel,Embedded,intel-spec-dataset
Intel Atom Processor C2750,Products formerly Avoton,,Intel,,2.40 GHz,20.0,8,8,,,,,,,,Intel,Server,intel-spec-dataset
Intel Atom Processor C2758,Products formerly Rangeley,,Intel,,2.40 GHz,20.0,8,8,,,,,,,,Intel,Embedded,intel-spec-dataset
Intel Atom Processor D2550,Products formerly Cedarview,,Intel,,1.86 GHz,10.0,2,4,,,,,,,,Intel,Desktop,intel-spec-dataset
Intel Atom Processor D2500,Products formerly Cedarview,,Intel,,1.86 GHz,10.0,2,2,,,,,,,,Intel,Desktop,intel-spec-dataset
Intel Atom Processor D2700,Products formerly Cedarview,,Intel,,2.13 GHz,10.0,2,4,,,,,,,,Intel,Desktop,intel-spec-dataset
Intel Atom Processor E3805,Products formerly Bay Trail,,Intel,,1.33 GHz,3.0,2,2,,,,,,,,Intel,Embedded,intel-spec-dataset
Intel Atom Processor E3815,Products formerly Bay Trail,,Intel,,1.46 GHz,5.0,1,1,,,,,,,,Intel,Embedded,intel-spec-dataset
Intel Atom Processor E3825,Products formerly Bay Trail,,Intel,,1.33 GHz,6.0,2,2,,,,,,,,Intel,Embedded,intel-spec-dataset
Intel Atom Processor E3826,Products formerly Bay Trail,,Intel,,1.46 GHz,7.0,2,2,,,,,,,,Intel,Embedded,intel-spec-dataset
Intel Atom Processor E3827,Products formerly Bay Trail,,Intel,,1.75 GHz,8.0,2,2,,,,,,,,Intel,Embedded,intel-spec-dataset
Intel Atom Processor E3845,Products formerly Bay Trail,,Intel,,1.91 GHz,10.0,4,4,,,,,,,,Intel,Embedded,intel-spec-dataset
Intel Atom Processor N2600,Products formerly Cedarview,,Intel,,1.60 GHz,3.5,2,4,,,,,,,,Intel,Mobile,intel-spec-dataset
Intel Atom Processor N2800,Products formerly Cedarview,,Intel,,1.86 GHz,6.5,2,4,,,,,,,,Intel,Mobile,intel-spec-dataset
Intel Atom Processor P5322,Products formerly Snow Ridge,,Intel,,2.20 GHz,55.0,8,8,,,,,,,,Intel,Server,intel-spec-dataset
Intel Atom Processor P5332,Products formerly Snow Ridge,,Intel,,2.20 GHz,61.0,12,12,,,,,,,,Intel,Server,intel-spec-dataset
Intel Atom Processor P5342,Products formerly Snow Ridge,,Intel,,2.20 GHz,71.0,16,16,,,,,,,,Intel,Server,intel-spec-dataset
Intel Atom Processor P5352,Products formerly Snow Ridge,,Intel,,2.20 GHz,78.0,20,20,,,,,,,,Intel,Server,intel-spec-dataset
Intel Atom Processor P5362,Products formerly Snow Ridge,,Intel,,2.20 GHz,83.0,24,24,,,,,,,,Intel,Server,intel-spec-dataset
Intel Atom Processor P5721,Products formerly Snow Ridge,,Intel,,2.20 GHz,48.0,8,8,,,,,,,,Intel,Server,intel-spec-dataset
Intel Atom Processor P5731,Products formerly Snow Ridge,,Intel,,2.20 GHz,54.5,12,12,,,,,,,,Intel,Server,intel-spec-dataset
Intel Atom Processor P5742,Products formerly Snow Ridge,,Intel,,2.20 GHz,67.0,16,16,,,,,,,,Intel,Server,intel-spec-dataset
Intel Atom Processor P5752,Products formerly Snow Ridge,,Intel,,2.20 GHz,74.5,20,20,,,,,,,,Intel,Server,intel-spec-dataset
Intel Atom Processor S1220,Products formerly Centerton,,Intel,,1.60 GHz,8.1,2,4,,,,,,,,Intel,Server,intel-spec-dataset
Intel Atom Processor S1240,Products formerly Centerton,,Intel,,1.60 GHz,6.1,2,4,,,,,,,,Intel,Server,intel-spec-dataset
Intel Atom Processor S1260,Products formerly Centerton,,Intel,,2.00 GHz,8.5,2,4,,,,,,,,Intel,Server,intel-spec-dataset
Intel Atom x6214RE Processor,Products formerly Elkhart Lake,,Intel,,1.40 GHz,6.0,2,2,,,,,,,,Intel,Embedded,intel-spec-dataset
Intel Atom x6416RE Processor,Products formerly Elkhart Lake,,Intel,,1.70 GHz,9.0,4,4,,,,,,,,Intel,Embedded,intel-spec-dataset
Intel Atom x6200FE Processor,Products formerly Elkhart Lake,,Intel,,1.00 GHz,4.5,2,2,,,,,,,,Intel,Embedded,intel-spec-dataset
Intel Atom x6211E Processor,Products formerly Elkhart Lake,,Intel,,1.30 GHz,6.0,2,2,,,,,,,,Intel,Embedded,intel-spec-dataset
Intel Atom x6212RE Processor,Products formerly Elkhart Lake,,Intel,,1.20 GHz,6.0,2,2,,,,,,,,Intel,Embedded,intel-spec-dataset
Intel Atom x6413E Processor,Products formerly Elkhart Lake,,Intel,,1.50 GHz,9.0,4,4,,,,,,,,Intel,Embedded,intel-spec-dataset
Intel Atom x6414RE Processor,Products formerly Elkhart Lake,,Intel,,1.50 GHz,9.0,4,4,,,,,,,,Intel,Embedded,intel-spec-dataset
Intel Atom x6425E Processor,Products formerly Elkhart Lake,,Intel,,2.00 GHz,12.0,4,4,,,,,,,,Intel,Embedded,intel-spec-dataset
Intel Atom x6425RE Processor,Products formerly Elkhart Lake,,Intel,,1.90 GHz,12.0,4,4,,,,,,,,Intel,Embedded,intel-spec-dataset
Intel Atom x6427FE Processor,Products formerly Elkhart Lake,,Intel,,1.90 GHz,12.0,4,4,,,,,,,,Intel,Embedded,intel-spec-dataset
Intel Atom x5-E3930 Processor,Products formerly Apollo Lake,,Intel,,1.30 GHz,6.5,2,2,,,,,,,,Intel,Embedded,intel-spec-dataset
Intel Atom x5-E3940 Processor,Products formerly Apollo Lake,,Intel,,1.60 GHz,9.5,4,4,,,,,,,,Intel,Embedded,intel-spec-dataset
Intel Atom x7-E3950 Processor,Products formerly Apollo Lake,,Intel,,1.60 GHz,12.0,4,4,,,,,,,,Intel,Embedded,intel-spec-dataset
Intel Atom x5-E8000 Processor,Products formerly Braswell,,Intel,,1.04 GHz,5.0,4,4,,,,,,,,Intel,Embedded,intel-spec-dataset
Intel Atom Processor Z600,Products formerly Lincroft,,Intel,,1.20 GHz,1.3,1,2,,,,,,,,Intel,Mobile,intel-spec-dataset
Intel Atom Processor Z615,Products formerly Lincroft,,Intel,,1.60 GHz,2.2,1,2,,,,,,,,Intel,Mobile,intel-spec-dataset
Intel Atom Processor Z625,Products formerly Lincroft,,Intel,,1.90 GHz,2.2,1,2,,,,,,,,Intel,Mobile,intel-spec-dataset
Intel Atom Processor Z650,Products formerly Lincroft,,Intel,,1.20 GHz,3.0,1,2,,,,,,,,Intel,Mobile,intel-spec-dataset
Intel Atom Processor Z670,Products formerly Lincroft,,Intel,,1.50 GHz,3.0,1,2,,,,,,,,Intel,Mobile,intel-spec-dataset
Intel Atom Processor N570,Products formerly Pineview,,Intel,,1.66 GHz,8.5,2,4,,,,,,,,Intel,Mobile,intel-spec-dataset
Intel Atom Processor E645C,Products formerly Stellarton,,Intel,,1.00 GHz,7.0,1,2,,,,,,,,Intel,Embedded,intel-spec-dataset
Intel Atom Processor E645CT,Products formerly Stellarton,,Intel,,1.00 GHz,7.0,1,2,,,,,,,,Intel,Embedded,intel-spec-dataset
Intel Atom Processor E665C,Products formerly Stellarton,,Intel,,1.30 GHz,7.0,1,2,,,,,,,,Intel,Embedded,intel-spec-dataset
Intel Atom Processor E665CT,Products formerly Stellarton,,Intel,,1.30 GHz,7.0,1,2,,,,,,,,Intel,Embedded,intel-spec-dataset
Intel Atom Processor E620,Products formerly Tunnel Creek,,Intel,,600 MHz,3.3,1,2,,,,,,,,Intel,Embedded,intel-spec-dataset
Intel Atom Processor E620T,Products formerly Tunnel Creek,,Intel,,600 MHz,3.3,1,2,,,,,,,,Intel,Embedded,intel-spec-dataset
Intel Atom Processor E640,Products formerly Tunnel Creek,,Intel,,1.00 GHz,3.6,1,2,,,,,,,,Intel,Embedded,intel-spec-dataset
Intel Atom Processor E640T,Products formerly Tunnel Creek,,Intel,,1.00 GHz,3.6,1,2,,,,,,,,Intel,Embedded,intel-spec-dataset
Intel Atom Processor E660,Products formerly Tunnel Creek,,Intel,,1.30 GHz,3.6,1,2,,,,,,,,Intel,Embedded,intel-spec-dataset
Intel Atom Processor E660T,Products formerly Tunnel Creek,,Intel,,1.30 GHz,3.6,1,2,,,,,,,,Intel,Embedded,intel-spec-dataset
Intel Atom Processor E680,Products formerly Tunnel Creek,,Intel,,1.60 GHz,4.5,1,2,,,,,,,,Intel,Embedded,intel-spec-dataset
Intel Atom Processor E680T,Products formerly Tunnel Creek,,Intel,,1.60 GHz,4.5,1,2,,,,,,,,Intel,Embedded,intel-spec-dataset
Intel Atom Processor N550,Products formerly Pineview,,Intel,,1.50 GHz,8.5,2,4,,,,,,,,Intel,Mobile,intel-spec-dataset
Intel Atom Processor D425,Products formerly Pineview,,Intel,,1.80 GHz,10.0,1,2,,,,,,,,Intel,Desktop,intel-spec-dataset
Intel Atom Processor D525,Products formerly Pineview,,Intel,,1.80 GHz,13.0,2,4,,,,,,,,Intel,Desktop,intel-spec-dataset
Intel Atom Processor N455,Products formerly Pineview,,Intel,,1.66 GHz,6.5,1,2,,,,,,,,Intel,Mobile,intel-spec-dataset
Intel Atom Processor N475,Products formerly Pineview,,Intel,,1.83 GHz,6.5,1,2,,,,,,,,Intel,Mobile,intel-spec-dataset
Intel Atom Processor Z560,Products formerly Silverthorne,,Intel,,2.13 GHz,2.5,1,,,,,,,,,Intel,Mobile,intel-spec-dataset
Intel Atom Processor D410,Products formerly Pineview,,Intel,,1.66 GHz,10.0,1,2,,,,,,,,Intel,Desktop,intel-spec-dataset
Intel Atom Processor D510,Products formerly Pineview,,Intel,,1.66 GHz,13.0,2,4,,,,,,,,Intel,Desktop,intel-spec-dataset
Intel Atom Processor N450,Products formerly Pineview,,Intel,,1.66 GHz,5.5,1,2,,,,,,,,Intel,Mobile,intel-spec-dataset
Intel Atom Processor N470,Products formerly Pineview,,Intel,,1.83 GHz,6.5,1,2,,,,,,,,Intel,Mobile,intel-spec-dataset
Intel Atom Processor Z515,Products formerly Silverthorne,,Intel,,1.20 GHz,1.4,1,,,,,,,,,Intel,Mobile,intel-spec-dataset
Intel Atom Processor Z550,Products formerly Silverthorne,,Intel,,2.00 GHz,2.4,1,,,,,,,,,Intel,Mobile,intel-spec-dataset
Intel Atom Processor Z510P,Products formerly Silverthorne,,Intel,,1.10 GHz,2.2,1,,,,,,,,,Intel,Mobile,intel-spec-dataset
Intel Atom Processor Z510PT,Products formerly Silverthorne,,Intel,,1.10 GHz,2.2,1,,,,,,,,,Intel,Mobile,intel-spec-dataset
Intel Atom Processor Z520PT,Products formerly Silverthorne,,Intel,,1.33 GHz,2.2,1,,,,,,,,,Intel,Mobile,intel-spec-dataset
Intel Atom Processor Z530P,Products formerly Silverthorne,,Intel,,1.60 GHz,2.2,1,,,,,,,,,Intel,Mobile,intel-spec-dataset
Intel Atom Processor N280,Products formerly Diamondville,,Intel,,1.66 GHz,2.5,1,,,,,,,,,Intel,Mobile,intel-spec-dataset
Intel Atom Processor 330,Products formerly Diamondville,,Intel,,1.60 GHz,8.0,2,,,,,,,,,Intel,Desktop,intel-spec-dataset
Intel Atom Processor 230,Products formerly Diamondville,,Intel,,1.60 GHz,4.0,1,,,,,,,,,Intel,Desktop,intel-spec-dataset
Intel Atom Processor N270,Products formerly Diamondville,,Intel,,1.60 GHz,2.5,1,,,,,,,,,Intel,Mobile,intel-spec-dataset
Intel Atom Processor Z500,Products formerly Silverthorne,,Intel,,800 MHz,0.65,1,,,,,,,,,Intel,Mobile,intel-spec-dataset
Intel Atom Processor Z510,Products formerly Silverthorne,,Intel,,1.10 GHz,2.0,1,,,,,,,,,Intel,Mobile,intel-spec-dataset
Intel Atom Processor Z520,Products formerly Silverthorne,,Intel,,1.33 GHz,2.0,1,,,,,,,,,Intel,Mobile,intel-spec-dataset
Intel Atom Processor Z530,Products formerly Silverthorne,,Intel,,1.60 GHz,2.0,1,,,,,,,,,Intel,Mobile,intel-spec-dataset
Intel Atom Processor Z540,Products formerly Silverthorne,,Intel,,1.86 GHz,2.4,1,,,,,,,,,Intel,Mobile,intel-spec-dataset
Intel Quark SoC X1001,Products formerly Clanton,,Intel,,400 MHz,2.2,1,1,,,,,,,,Intel,Embedded,intel-spec-dataset
Intel Quark SoC X1011,Products formerly Clanton,,Intel,,400 MHz,2.2,1,1,,,,,,,,Intel,Embedded,intel-spec-dataset
Intel Quark SoC X1020,Products formerly Clanton,,Intel,,400 MHz,2.2,1,1,,,,,,,,Intel,Embedded,intel-spec-dataset
Intel Quark SoC X1021,Products formerly Clanton,,Intel,,400 MHz,2.2,1,1,,,,,,,,Intel,Embedded,intel-spec-dataset
Intel Quark SoC X1021D,Products formerly Clanton,,Intel,,400 MHz,2.2,1,1,,,,,,,,Intel,Embedded,intel-spec-dataset
Intel Quark SoC X1010,Products formerly Clanton,,Intel,,400 MHz,2.2,1,1,,,,,,,,Intel,Embedded,intel-spec-dataset
Intel Quark SoC X1020D,Products formerly Clanton,,Intel,,400 MHz,2.2,1,1,,,,,,,,Intel,Embedded,intel-spec-dataset
Intel Quark SoC X1000,Products formerly Clanton,,Intel,,400 MHz,2.2,1,1,,,,,,,,Intel,Embedded,intel-spec-dataset
Intel Quark Microcontroller D1000,Products formerly Silver Butte,,Intel,,33 MHz,0.025,1,,,,,,,,,Intel,Embedded,intel-spec-dataset
AMD Athlon Gold 7220C,AMD Athlon™ Processors,AMD Athlon™ Processors,AMD,,2.4GHz,15.0,2,4,,TSMC 6nm FinFET,,,,,,AMD,Laptop,amd-spec-dataset
AMD Athlon Silver 7120C,AMD Athlon™ Processors,AMD Athlon™ Processors,AMD,,2.4GHz,15.0,2,2,,TSMC 6nm FinFET,,,,,,AMD,Laptop,amd-spec-dataset
AMD Ryzen 5 7520C,AMD Ryzen™ Processors,AMD Ryzen™ 5 Processors,AMD,,2.8GHz,15.0,4,8,,TSMC 6nm FinFET,,,,,,AMD,Laptop,amd-spec-dataset
AMD Ryzen 3 7320C,AMD Ryzen™ Processors,AMD Ryzen™ 3 Processors,AMD,,2.4GHz,15.0,4,8,,TSMC 6nm FinFET,,,,,,AMD,Laptop,amd-spec-dataset
AMD Ryzen 9 PRO 7940HS,AMD Ryzen™ PRO Processors,AMD Ryzen™ 9 PRO Processors with Radeon™ Graphics,AMD,,4.0GHz,45.0,8,16,,TSMC 4nm FinFET,,,,,,AMD,"Laptop, Mobile Workstation",amd-spec-dataset
AMD Ryzen 7 PRO 7840HS,AMD Ryzen™ PRO Processors,AMD Ryzen™ 7 PRO Processors with Radeon™ Graphics,AMD,,3.8GHz,45.0,8,16,,TSMC 4nm FinFET,,,,,,AMD,"Laptop, Mobile Workstation",amd-spec-dataset
AMD Ryzen 7 PRO 7840U,AMD Ryzen™ PRO Processors,AMD Ryzen™ 7 PRO Processors with Radeon™ Graphics,AMD,,3.3GHz,28.0,8,16,,TSMC 4nm FinFET,,,,,,AMD,"Laptop, Mobile Workstation",amd-spec-dataset
AMD Ryzen 5 PRO 7540U,AMD Ryzen™ PRO Processors,AMD Ryzen™ 5 PRO Processors with Radeon™ Graphics,AMD,,3.2GHz,28.0,6,12,,TSMC 4nm FinFET,,,,,,AMD,"Laptop, Mobile Workstation",amd-spec-dataset
AMD Ryzen 7 7840U,AMD Ryzen™ Processors,AMD Ryzen™ 7 Processors with Radeon™ Graphics,AMD,,3.3GHz,28.0,8,16,,TSMC 4nm FinFET,,,,,,AMD,Laptop,amd-spec-dataset
AMD Ryzen 5 PRO 7640HS,AMD Ryzen™ PRO Processors,AMD Ryzen™ 5 PRO Processors with Radeon™ Graphics,AMD,,4.3GHz,45.0,6,12,,TSMC 4nm FinFET,,,,,,AMD,"Laptop, Mobile Workstation",amd-spec-dataset
AMD Ryzen 5 PRO 7640U,AMD Ryzen™ PRO Processors,AMD Ryzen™ 5 PRO Processors with Radeon™ Graphics,AMD,,3.5GHz,28.0,6,12,,TSMC 4nm FinFET,,,,,,AMD,"Laptop, Mobile Workstation",amd-spec-dataset
AMD Ryzen 7 PRO 7730U,AMD Ryzen™ PRO Processors,AMD Ryzen™ 7 Processors with Radeon™ Graphics,AMD,,2.0GHz,15.0,8,16,,TSMC 7nm FinFET,,,,,,AMD,Laptop,amd-spec-dataset
AMD Ryzen 5 7540U,AMD Ryzen™ Processors,AMD Ryzen™ 5 Processors with Radeon™ Graphics,AMD,,3.2GHz,28.0,6,12,,TSMC 4nm FinFET,,,,,,AMD,Laptop,amd-spec-dataset
AMD Ryzen 5 PRO 7530U,AMD Ryzen™ PRO Processors,AMD Ryzen™ 5 Processors with Radeon™ Graphics,AMD,,2.0GHz,15.0,6,12,,TSMC 7nm FinFET,,,,,,AMD,Laptop,amd-spec-dataset
AMD Ryzen 3 7440U,AMD Ryzen™ Processors,AMD Ryzen™ 3 Processors with Radeon™ Graphics,AMD,,3.0GHz,28.0,4,8,,TSMC 4nm FinFET,,,,,,AMD,Laptop,amd-spec-dataset
AMD Ryzen 3 PRO 7330U,AMD Ryzen™ PRO Processors,AMD Ryzen™ 3 Processors with Radeon™ Graphics,AMD,,2.3GHz,15.0,4,8,,TSMC 7nm FinFET,,,,,,AMD,Laptop,amd-spec-dataset
AMD Ryzen 9 PRO 7945,,,AMD,,3.7GHz,65.0,12,24,,TSMC 5nm FinFET,,,,,,AMD,Desktop,amd-spec-dataset
AMD Ryzen 7 PRO 7745,,,AMD,,3.8GHz,65.0,8,16,,TSMC 5nm FinFET,,,,,,AMD,Desktop,amd-spec-dataset
AMD Ryzen 5 PRO 7645,,,AMD,,3.8GHz,65.0,6,12,,TSMC 5nm FinFET,,,,,,AMD,Desktop,amd-spec-dataset
AMD Ryzen 9 5900 (OEM Only),AMD Ryzen™ Processors,AMD Ryzen™ 9 Desktop Processors,AMD,1/12/2021,3.0GHz,65.0,12,24,,TSMC 7nm FinFET,,,,,,AMD,Desktop,amd-spec-dataset
AMD Ryzen 7 5800 (OEM Only),AMD Ryzen™ Processors,AMD Ryzen™ 7 Desktop Processors,AMD,1/12/2021,3.4GHz,65.0,8,16,,TSMC 7nm FinFET,,,,,,AMD,Desktop,amd-spec-dataset
AMD Ryzen 5 5600X3D,AMD Ryzen™ Processors,AMD Ryzen™ 5 Desktop Processors,AMD,,3.3GHz,105.0,6,12,,TSMC 7nm FinFET,,,,,,AMD,Desktop,amd-spec-dataset
AMD Ryzen 9 6900HS​,AMD Ryzen™ Processors,AMD Ryzen™ 9 Mobile Processors with Radeon™ Graphics,AMD,,3.3GHz,35.0,8,16,,TSMC 6nm FinFET,,,,,,AMD,Laptop,amd-spec-dataset
AMD Ryzen 5 6600HS​,AMD Ryzen™ Processors,AMD Ryzen™ 5 Mobile Processors with Radeon™ Graphics,AMD,,3.3GHz,35.0,6,12,,TSMC 6nm FinFET,,,,,,AMD,Laptop,amd-spec-dataset
AMD Ryzen 9 5900HS,AMD Ryzen™ Processors,AMD Ryzen™ 9 Mobile Processors with Radeon™ Graphics,AMD,1/12/2021,3.0GHz,35.0,8,16,,TSMC 7nm FinFET,,,,,,AMD,Laptop,amd-spec-dataset
AMD Ryzen 5 5600H,AMD Ryzen™ Processors,AMD Ryzen™ 5 Mobile Processors with Radeon™ Graphics,AMD,1/12/2021,3.3GHz,45.0,6,12,,TSMC 7nm FinFET,,,,,,AMD,Laptop,amd-spec-dataset
AMD Ryzen 5 5600HS,AMD Ryzen™ Processors,AMD Ryzen™ 5 Mobile Processors with Radeon™ Graphics,AMD,1/12/2021,3.0GHz,35.0,6,12,,TSMC 7nm FinFET,,,,,,AMD,Laptop,amd-spec-dataset
AMD Ryzen 5 5560U,AMD Ryzen™ Processors,AMD Ryzen™ 5 Mobile Processors with Radeon™ Graphics,AMD,,2.3GHz,15.0,6,12,,TSMC 7nm FinFET,,,,,,AMD,Laptop,amd-spec-dataset
AMD Ryzen 9 3900 Processor (OEM Only),AMD Ryzen™ Processors,AMD Ryzen™ 9 Desktop Processors,AMD,9/24/2019,3.1GHz,65.0,12,24,,TSMC 7nm FinFET,,,,,,AMD,Desktop,amd-spec-dataset
AMD Ryzen 7 5700GE,AMD Ryzen™ Processors,AMD Ryzen™ 7 5000 G-Series Desktop Processors with Radeon™ Graphics,AMD,4/13/2021,3.2GHz,35.0,8,16,,TSMC 7nm FinFET,,,,,,AMD,Desktop,amd-spec-dataset
AMD Ryzen 5 5600GE,AMD Ryzen™ Processors,AMD Ryzen™ 5 5000 G-Series Desktop Processors with Radeon™ Graphics,AMD,4/13/2021,3.4GHz,35.0,6,12,,TSMC 7nm FinFET,,,,,,AMD,Desktop,amd-spec-dataset
AMD Ryzen 3 5300G (OEM Only),AMD Ryzen™ Processors,AMD Ryzen™ 3 5000 G-Series Desktop Processors with Radeon™ Graphics,AMD,4/13/2021,4.0GHz,65.0,4,8,,TSMC 7nm FinFET,,,,,,AMD,Desktop,amd-spec-dataset
AMD Ryzen 3 5300GE (OEM Only),AMD Ryzen™ Processors,AMD Ryzen™ 3 5000 G-Series Desktop Processors with Radeon™ Graphics,AMD,4/13/2021,3.6GHz,35.0,4,8,,TSMC 7nm FinFET,,,,,,AMD,Desktop,amd-spec-dataset
AMD Ryzen 7 4700G (OEM Only),AMD Ryzen™ Processors,AMD Ryzen™ 7 4000 G-Series Desktop Processors with Radeon™ Graphics,AMD,7/21/2020,3.6GHz,65.0,8,16,,TSMC 7nm FinFET,,,,,,AMD,Desktop,amd-spec-dataset
AMD Ryzen 5 3500 Processor (OEM Only),AMD Ryzen™ Processors,AMD Ryzen™ 5 Desktop Processors,AMD,,3.6GHz,65.0,6,6,,TSMC 7nm FinFET,,,,,,AMD,Desktop,amd-spec-dataset
AMD Ryzen 3 4300G (OEM Only),AMD Ryzen™ Processors,AMD Ryzen™ 3 4000 G-Series Desktop Processors with Radeon™ Graphics,AMD,7/21/2020,3.8GHz,65.0,4,8,,TSMC 7nm FinFET,,,,,,AMD,Desktop,amd-spec-dataset
AMD Ryzen 7 4700GE (OEM Only),AMD Ryzen™ Processors,AMD Ryzen™ 7 4000 G-Series Desktop Processors with Radeon™ Graphics,AMD,7/21/2020,3.1GHz,35.0,8,16,,TSMC 7nm FinFET,,,,,,AMD,Desktop,amd-spec-dataset
AMD Ryzen 5 4600GE (OEM Only),AMD Ryzen™ Processors,AMD Ryzen™ 5 4000 G-Series Desktop Processors with Radeon™ Graphics,AMD,7/21/2020,3.3GHz,35.0,6,12,,TSMC 7nm FinFET,,,,,,AMD,Desktop,amd-spec-dataset
AMD Ryzen 3 4300GE (OEM Only),AMD Ryzen™ Processors,AMD Ryzen™ 3 4000 G-Series Desktop Processors with Radeon™ Graphics,AMD,7/21/2020,3.5GHz,35.0,4,8,,TSMC 7nm FinFET,,,,,,AMD,Desktop,amd-spec-dataset
AMD Ryzen 5 3400G with Radeon RX Vega 11 Graphics,AMD Ryzen™ Processors,AMD Ryzen™ 5 Desktop Processors with Radeon™ Vega Graphics,AMD,,3.7GHz,65.0,4,8,,12nm FinFET,,,,,,AMD,Boxed Processor,amd-spec-dataset
AMD Ryzen 7 4980U Microsoft Surface Edition,AMD Ryzen™ Processors,AMD Ryzen™ 7 Mobile Processors with Radeon™ Graphics Microsoft Surface® Edition,AMD,4/13/2021,2.0GHz,15.0,8,16,,TSMC 7nm FinFET,,,,,,AMD,Laptop,amd-spec-dataset
AMD Ryzen 5 3400GE (OEM Only),AMD Ryzen™ Processors,AMD Ryzen™ 5 Desktop Processors with Radeon™ Vega Graphics,AMD,7/7/19,3.3GHz,35.0,4,8,,12nm,,,,,,AMD,Desktop,amd-spec-dataset
AMD Ryzen 5 4680U Microsoft Surface Edition,AMD Ryzen™ Processors,AMD Ryzen™ 5 Mobile Processors with Radeon™ Graphics Microsoft Surface® Edition,AMD,4/13/2021,2.2GHz,15.0,6,12,,TSMC 7nm FinFET,,,,,,AMD,Laptop,amd-spec-dataset
AMD Ryzen 7 3780U Microsoft Surface Edition,AMD Ryzen™ Processors,AMD Ryzen™ 7 Mobile Processors with Radeon™ RX Vega 11 Graphics Microsoft Surface® Edition,AMD,,2.3GHz,15.0,4,8,,12nm,,,,,,AMD,Laptop,amd-spec-dataset
AMD Ryzen 3 3200G with Radeon Vega 8 Graphics,AMD Ryzen™ Processors,AMD Ryzen™ 3 Desktop Processors with Radeon™ Vega Graphics,AMD,7/7/2019,3.6GHz,65.0,4,4,,12nm FinFET,,,,,,AMD,Boxed Processor,amd-spec-dataset
AMD Ryzen 3 3200GE (OEM Only),AMD Ryzen™ Processors,AMD Ryzen™ 3 Desktop Processors with Radeon™ Vega Graphics,AMD,7/7/19,3.3GHz,35.0,4,4,,12nm,,,,,,AMD,Desktop,amd-spec-dataset
AMD Athlon 320GE,AMD Athlon™ Processors,AMD Athlon™ Desktop Processors with Radeon™ Vega Graphics,AMD,7/7/2019,3.5GHz,35.0,2,4,,14nm FinFET,,,,,,AMD,Desktop,amd-spec-dataset
AMD Athlon 300GE,AMD Athlon™ Processors,AMD Athlon™ Desktop Processors with Radeon™ Vega Graphics,AMD,7/7/19,3.4GHz,35.0,2,4,,14nm,,,,,,AMD,Desktop,amd-spec-dataset
AMD Ryzen 3 3350U,AMD Ryzen™ Processors,AMD Ryzen™ 3 Mobile Processors with Radeon™ Vega Graphics,AMD,Q1 2019,2.1GHz,15.0,4,4,,12nm,,,,,,AMD,Laptop,amd-spec-dataset
AMD Ryzen 5 3580U Microsoft Surface Edition,AMD Ryzen™ Processors,AMD Ryzen™ 5 Mobile Processors with Radeon™ Vega 9 Graphics Microsoft Surface® Edition,AMD,,2.1GHz,15.0,4,8,,12nm,,,,,,AMD,Laptop,amd-spec-dataset
AMD Ryzen 7 3700C,AMD Ryzen™ Processors,AMD Ryzen™ 7 Mobile Processors with Radeon™ Graphics,AMD,9/22/2020,2.3GHz,15.0,4,8,,12nm,,,,,,AMD,Laptop,amd-spec-dataset
AMD Ryzen 5 3450U,AMD Ryzen™ Processors,AMD Ryzen™ 5 Mobile Processors with Radeon™ Vega Graphics,AMD,Q2 2020,2.1GHz,15.0,4,8,,12nm,,,,,,AMD,Laptop,amd-spec-dataset
AMD Ryzen 5 3500C,AMD Ryzen™ Processors,AMD Ryzen™ 5 Mobile Processors with Radeon™ Graphics,AMD,9/22/2020,2.1GHz,15.0,4,8,,12nm,,,,,,AMD,Laptop,amd-spec-dataset
AMD Athlon Gold 3150U,AMD Athlon™ Processors,AMD Athlon™ Mobile Processors with Radeon™ Graphics,AMD,1/6/2020,2.4GHz,15.0,2,4,,14nm,,,,,,AMD,Laptop,amd-spec-dataset
AMD Ryzen 3 3250C,AMD Ryzen™ Processors,AMD Ryzen™ 3 Mobile Processors with Radeon™ Graphics,AMD,9/22/2020,2.6GHz,15.0,2,4,,14nm,,,,,,AMD,Laptop,amd-spec-dataset
AMD Athlon Silver 3050U,AMD Athlon™ Processors,AMD Athlon™ Mobile Processors with Radeon™ Graphics,AMD,1/6/2020,2.3GHz,15.0,2,2,,14nm,,,,,,AMD,Laptop,amd-spec-dataset
AMD Athlon Silver 3050e,AMD Athlon™ Processors,AMD Athlon™ Mobile Processors with Radeon™ Graphics,AMD,1/6/2020,1.4GHz,6.0,2,4,,14nm,,,,,,AMD,Laptop,amd-spec-dataset
AMD Athlon Gold 3150C,AMD Athlon™ Processors,AMD Athlon™ Mobile Processors with Radeon™ Graphics,AMD,9/22/2020,2.4GHz,15.0,2,4,,14nm,,,,,,AMD,Laptop,amd-spec-dataset
AMD Athlon Silver 3050C,AMD Athlon™ Processors,AMD Athlon™ Mobile Processors with Radeon™ Graphics,AMD,9/22/2020,2.3GHz,15.0,2,2,,14nm,,,,,,AMD,Laptop,amd-spec-dataset
AMD Athlon Gold 3150GE (OEM Only),AMD Athlon™ Processors,AMD Athlon™ 3000 G-Series Desktop Processors with Radeon™ Graphics,AMD,7/21/2020,3.3GHz,35.0,4,4,,12nm,,,,,,AMD,Desktop,amd-spec-dataset
AMD 3020e,AMD,AMD 3000 Series Mobile Processors with Radeon™ Graphics,AMD,1/6/2020,1.2GHz,6.0,2,2,,14nm,,,,,,AMD,Laptop,amd-spec-dataset
AMD Athlon Gold 3150G (OEM Only),AMD Athlon™ Processors,AMD Athlon™ 3000 G-Series Desktop Processors with Radeon™ Graphics,AMD,7/21/2020,3.5GHz,65.0,4,4,,12nm,,,,,,AMD,Desktop,amd-spec-dataset
AMD Athlon Silver 3050GE (OEM Only),AMD Athlon™ Processors,AMD Athlon™ 3000 G-Series Desktop Processors with Radeon™ Graphics,AMD,7/21/2020,3.4GHz,35.0,2,4,,14nm,,,,,,AMD,Desktop,amd-spec-dataset
AMD 3015e,AMD,AMD 3000 Series Mobile Processors with Radeon™ Graphics,AMD,7/6/2020,1.2GHz,6.0,2,4,,14nm,,,,,,AMD,Laptop,amd-spec-dataset
AMD 3015Ce,AMD,AMD 3000 Series Mobile Processors with Radeon™ Graphics,AMD,4/29/2021,1.2GHz,6.0,2,4,,14nm,,,,,,AMD,Laptop,amd-spec-dataset
AMD Ryzen 7 2700E Processor,AMD Ryzen™ Processors,AMD Ryzen™ 7 Desktop Processors,AMD,September 2018,2.8GHz,45.0,8,16,,12nm,,,,,,AMD,Desktop,amd-spec-dataset
AMD Ryzen 5 2400G with Radeon RX Vega 11 Graphics,AMD Ryzen™ Processors,AMD Ryzen™ 5 Desktop Processors with Radeon™ Vega Graphics,AMD,02/12/2018,3.6GHz,65.0,4,8,,14nm FinFET,,,,,,AMD,Boxed Processor,amd-spec-dataset
AMD Ryzen 5 2400GE with Radeon RX Vega 11 Graphics,AMD Ryzen™ Processors,AMD Ryzen™ 5 Desktop Processors with Radeon™ Vega Graphics,AMD,04/19/2018,3.2GHz,35.0,4,8,,14nm FinFET,,,,,,AMD,Desktop,amd-spec-dataset
AMD Ryzen 3 2200G with Radeon Vega 8 Graphics,AMD Ryzen™ Processors,AMD Ryzen™ 3 Desktop Processors with Radeon™ Vega Graphics,AMD,02/12/2018,3.5GHz,65.0,4,4,,14nm FinFET,,,,,,AMD,Boxed Processor,amd-spec-dataset
AMD Ryzen 7 PRO 6860Z,AMD Ryzen™ PRO Processors,AMD Ryzen™ 7 PRO 6000 Series Mobile Processors,AMD,,2.7GHz,28.0,8,16,,TSMC 6nm FinFET,,,,,,AMD,Laptop,amd-spec-dataset
AMD Ryzen 3 2200GE with Radeon Vega 8 Graphics,AMD Ryzen™ Processors,AMD Ryzen™ 3 Desktop Processors with Radeon™ Vega Graphics,AMD,04/19/2018,3.2GHz,35.0,4,4,,14nm FinFET,,,,,,AMD,Desktop,amd-spec-dataset
AMD Ryzen 9 PRO 5945,AMD Ryzen™ PRO Processors,AMD Ryzen™ 9 PRO 5000 Series Desktop Processors,AMD,,3.0GHz,65.0,12,24,,TSMC 7nm FinFET,,,,,,AMD,Desktop,amd-spec-dataset
AMD Ryzen 7 PRO 5845,AMD Ryzen™ PRO Processors,AMD Ryzen™ 7 PRO 5000 Series Desktop Processors,AMD,,3.4GHz,65.0,8,16,,TSMC 7nm FinFET,,,,,,AMD,Desktop,amd-spec-dataset
AMD Ryzen 5 PRO 5645,AMD Ryzen™ PRO Processors,AMD Ryzen™ 5 PRO 5000 Series Desktop Processors,AMD,,3.7GHz,65.0,6,12,,TSMC 7nm FinFET,,,,,,AMD,Desktop,amd-spec-dataset
AMD Ryzen 9 PRO 3900,AMD Ryzen™ PRO Processors,AMD Ryzen™ 9 PRO Desktop Processors,AMD,9/30/19,3.1GHz,65.0,12,24,,TSMC 7nm FinFET,,,,,,AMD,Desktop,amd-spec-dataset
AMD Ryzen 7 PRO 3700,AMD Ryzen™ PRO Processors,AMD Ryzen™ 7 PRO Desktop Processors,AMD,9/30/19,3.6GHz,65.0,8,16,,TSMC 7nm FinFET,,,,,,AMD,Desktop,amd-spec-dataset
AMD Ryzen 5 PRO 4655G,AMD Ryzen™ PRO Processors,AMD Ryzen™ 5 PRO 4000 Series Desktop Processors,AMD,,3.7GHz,65.0,6,12,,TSMC 7nm FinFET,,,,,,AMD,Desktop,amd-spec-dataset
AMD Ryzen 7 1700 Processor,AMD Ryzen™ Processors,AMD Ryzen™ 7 Desktop Processors,AMD,3/2/2017,3.0GHz,65.0,8,16,,14nm,,,,,,AMD,Boxed Processor,amd-spec-dataset
AMD Ryzen 5 PRO 3600,AMD Ryzen™ PRO Processors,AMD Ryzen™ 5 PRO Desktop Processors,AMD,9/30/19,3.6GHz,65.0,6,12,,TSMC 7nm FinFET,,,,,,AMD,Desktop,amd-spec-dataset
AMD Ryzen 5 PRO 4655GE,AMD Ryzen™ PRO Processors,AMD Ryzen™ 5 PRO 4000 Series Desktop Processors,AMD,,3.3GHz,35.0,6,12,,TSMC 7nm FinFET,,,,,,AMD,Desktop,amd-spec-dataset
AMD Ryzen 3 PRO 4355G,AMD Ryzen™ PRO Processors,AMD Ryzen™ 3 PRO 4000 Series Desktop Processors,AMD,Q4 2022,3.8GHz,65.0,4,8,,TSMC 7nm FinFET,,,,,,AMD,Desktop,amd-spec-dataset
AMD Ryzen 3 PRO 4355GE,AMD Ryzen™ PRO Processors,AMD Ryzen™ 3 PRO 4000 Series Desktop Processors,AMD,Q4 2022,3.5GHz,35.0,4,8,,TSMC 7nm FinFET,,,,,,AMD,Desktop,amd-spec-dataset
AMD Ryzen 5 1600 (AF),AMD Ryzen™ Processors,AMD Ryzen™ 5 Desktop Processors,AMD,,3.2GHz,65.0,6,12,,12nm,,,,,,AMD,Boxed Processor,amd-spec-dataset
AMD Ryzen 5 PRO 3400G,AMD Ryzen™ PRO Processors,AMD Ryzen™ 5 PRO Desktop Processors with Radeon™ Vega Graphics,AMD,9/30/19,3.7GHz,65.0,4,8,,12nm,,,,,,AMD,Desktop,amd-spec-dataset
AMD Ryzen 5 PRO 3350G,AMD Ryzen™ PRO Processors,AMD Ryzen™ 5 PRO 3000 Series Desktop Processors,AMD,7/21/2020,3.6GHz,65.0,4,8,,12nm,,,,,,AMD,Desktop,amd-spec-dataset
AMD Ryzen 5 PRO 3350GE,AMD Ryzen™ PRO Processors,AMD Ryzen™ 5 PRO 3000 Series Desktop Processors,AMD,7/21/2020,3.3GHz,35.0,4,4,,12nm,,,,,,AMD,Desktop,amd-spec-dataset
AMD Ryzen 3 PRO 3200G,AMD Ryzen™ PRO Processors,AMD Ryzen™ 3 PRO Desktop Processors with Radeon™ Vega Graphics,AMD,9/30/19,3.6GHz,65.0,4,4,,12nm,,,,,,AMD,Desktop,amd-spec-dataset
AMD Athlon PRO 300GE,AMD Athlon™ PRO Processors,AMD Athlon™ PRO Desktop Processors with Radeon™ Vega Graphics,AMD,9/30/19,3.4GHz,35.0,2,4,,12nm,,,,,,AMD,Desktop,amd-spec-dataset
AMD Ryzen 7 PRO 4750U,AMD Ryzen™ PRO Processors,AMD Ryzen™ 7 PRO 4000 Series Mobile Processors,AMD,5/7/2020,1.7GHz,15.0,8,16,,TSMC 7nm FinFET,,,,,,AMD,Laptop,amd-spec-dataset
AMD Ryzen 7 PRO 1700X Processor,AMD Ryzen™ PRO Processors,AMD Ryzen™ 7 PRO Desktop Processors,AMD,06/29/2017,3.4GHz,95.0,8,16,,14nm,,,,,,AMD,Desktop,amd-spec-dataset
AMD Athlon PRO 3145B,AMD Athlon™ PRO Processors,AMD Athlon™ PRO Mobile Processors with Radeon™ Graphics,AMD,Q12021,2.4GHz,15.0,2,4,,14nm,,,,,,AMD,Laptop,amd-spec-dataset
AMD Athlon PRO 3045B,AMD Athlon™ PRO Processors,AMD Athlon™ PRO Mobile Processors with Radeon™ Graphics,AMD,Q12021,2.3GHz,15.0,2,2,,14nm,,,,,,AMD,Laptop,amd-spec-dataset
AMD Athlon PRO 300U Mobile Processor with Radeon Vega 3 Graphics,AMD Athlon™ PRO Processors,AMD Athlon™ PRO Mobile Processors with Radeon™ Vega Graphics,AMD,,2.4GHz,15.0,2,4,,14nm,,,,,,AMD,Laptop,amd-spec-dataset
AMD Ryzen 5 PRO 2400G with Radeon Vega 11 Graphics,AMD Ryzen™ PRO Processors,AMD Ryzen™ 5 PRO Desktop Processors with Radeon™ Vega Graphics,AMD,5/10/2018,3.6GHz,65.0,4,8,,14nm FinFET,,,,,,AMD,Desktop,amd-spec-dataset
AMD Ryzen 5 PRO 2400GE with Radeon Vega 11 Graphics,AMD Ryzen™ PRO Processors,AMD Ryzen™ 5 PRO Desktop Processors with Radeon™ Vega Graphics,AMD,5/10/2018,3.2GHz,35.0,4,8,,14nm FinFET,,,,,,AMD,Desktop,amd-spec-dataset
AMD Ryzen 3 PRO 2200G with Radeon Vega 8 Graphics,AMD Ryzen™ PRO Processors,AMD Ryzen™ 3 PRO Desktop Processors with Radeon™ Vega Graphics,AMD,5/10/2018,3.5GHz,65.0,4,4,,14nm FinFET,,,,,,AMD,Desktop,amd-spec-dataset
AMD Ryzen 3 PRO 2200GE with Radeon Vega 8 Graphics,AMD Ryzen™ PRO Processors,AMD Ryzen™ 3 PRO Desktop Processors with Radeon™ Vega Graphics,AMD,5/10/2018,3.2GHz,35.0,4,4,,14nm FinFET,,,,,,AMD,Desktop,amd-spec-dataset
7th Gen AMD PRO A4-5350B APU,AMD PRO A-Series Processors,AMD PRO A-Series A4 APU for Laptops,AMD,Q1 2020,3.0GHz,15.0,2,,,28nm,,,,,,AMD,Laptop,amd-spec-dataset
7th Gen AMD PRO A4-4350B APU,AMD PRO A-Series Processors,AMD PRO A-Series A4 APU for Laptops,AMD,Q1 2018,2.5GHz,15.0,2,,,28nm,,,,,,AMD,Laptop,amd-spec-dataset
7th Gen AMD PRO A6-8350B APU,AMD PRO A-Series Processors,AMD PRO A-Series A6 APU for Laptops,AMD,Q1 2020,3.1GHz,15.0,2,,,28nm,,,,,,AMD,Laptop,amd-spec-dataset
7th Gen AMD PRO A6-7350B APU,AMD PRO A-Series Processors,AMD PRO A-Series A6 APU for Laptops,AMD,Q1 2018,3.0GHz,15.0,2,,,28nm,,,,,,AMD,Laptop,amd-spec-dataset
7th Gen A12-9800 APU,AMD A-Series Processors,AMD A12-Series APU for Desktops,AMD,"Channel: 7/27/2017, OEM: 9/5/2016",3.8GHz,65.0,4,,,28nm,,,,,,AMD,Boxed Processor,amd-spec-dataset
7th Gen A12-9800E APU,AMD A-Series Processors,AMD A12-Series APU for Desktops,AMD,9/5/2016,3.1GHz,35.0,4,,,28nm,,,,,,AMD,Boxed Processor,amd-spec-dataset
7th Gen A10-9700 APU,AMD A-Series Processors,AMD A10-Series APU for Desktops,AMD,"Channel: 7/27/2017, OEM: 9/5/2016",3.5GHz,65.0,4,,,28nm,,,,,,AMD,Boxed Processor,amd-spec-dataset
7th Gen A10-9700E APU,AMD A-Series Processors,AMD A10-Series APU for Desktops,AMD,9/5/2016,3.0GHz,35.0,4,,,28nm,,,,,,AMD,Boxed Processor,amd-spec-dataset
7th Gen A8-9600 APU,AMD A-Series Processors,AMD A8-Series APU for Desktops,AMD,"Channel: 7/27/2017, OEM: 9/5/2016",3.1GHz,65.0,4,,,28nm,,,,,,AMD,Boxed Processor,amd-spec-dataset
7th Gen A6-9550 APU,AMD A-Series Processors,AMD A6-Series APU for Desktops,AMD,7/27/2017,3.8GHz,65.0,2,,,28nm,,,,,,AMD,Boxed Processor,amd-spec-dataset
7th Gen A6-9500 APU,AMD A-Series Processors,AMD A6-Series APU for Desktops,AMD,"Channel: 7/27/2017, OEM: 9/5/2016",3.5GHz,65.0,2,,,28nm,,,,,,AMD,Boxed Processor,amd-spec-dataset
7th Gen A6-9500E APU,AMD A-Series Processors,AMD A6-Series APU for Desktops,AMD,"Channel: 7/27/2017, OEM: 9/5/2016",3.0GHz,35.0,2,,,28nm,,,,,,AMD,Boxed Processor,amd-spec-dataset
7th Gen A12-9730P APU,AMD A-Series Processors,AMD A12-Series APU for Laptops,AMD,Q216,2.8GHz,35.0,4,,,28nm,,,,,,AMD,Laptop,amd-spec-dataset
7th Gen A12-9700P APU,AMD A-Series Processors,AMD A12-Series APU for Laptops,AMD,Q216,2.5GHz,15.0,4,,,28nm,,,,,,AMD,Laptop,amd-spec-dataset
AMD EPYC 9754,AMD EPYC™,AMD EPYC™ 9004 Series,AMD,,2.25GHz,360.0,128,256,,,,,,,,AMD,Server,amd-spec-dataset
7th Gen A10-9630P APU,AMD A-Series Processors,AMD A10-Series APU for Laptops,AMD,Q216,2.6GHz,35.0,4,,,28nm,,,,,,AMD,Laptop,amd-spec-dataset
AMD EPYC 9754S,AMD EPYC™,AMD EPYC™ 9004 Series,AMD,,2.25GHz,360.0,128,128,,,,,,,,AMD,Server,amd-spec-dataset
7th Gen A10-9600P APU,AMD A-Series Processors,AMD A10-Series APU for Laptops,AMD,Q216,2.4GHz,15.0,4,,,28nm,,,,,,AMD,Laptop,amd-spec-dataset
AMD EPYC 9734,AMD EPYC™,AMD EPYC™ 9004 Series,AMD,,2.2GHz,340.0,112,224,,,,,,,,AMD,Server,amd-spec-dataset
7th Gen A9-9425 APU,AMD A-Series Processors,AMD A9-Series APU for Laptops,AMD,2Q18,3.1GHz,15.0,2,,,28nm,,,,,,AMD,Laptop,amd-spec-dataset
7th Gen A9-9420 APU,AMD A-Series Processors,AMD A9-Series APU for Laptops,AMD,Q217,3.0GHz,15.0,2,,,28nm,,,,,,AMD,Laptop,amd-spec-dataset
AMD EPYC 9684X,AMD EPYC™,AMD EPYC™ 9004 Series,AMD,,2.55GHz,400.0,96,192,,,,,,,,AMD,Server,amd-spec-dataset
AMD EPYC 9384X,AMD EPYC™,AMD EPYC™ 9004 Series,AMD,,3.1GHz,320.0,32,64,,,,,,,,AMD,Server,amd-spec-dataset
AMD EPYC 9184X,AMD EPYC™,AMD EPYC™ 9004 Series,AMD,,3.55GHz,320.0,16,32,,,,,,,,AMD,Server,amd-spec-dataset
7th Gen A6-9225 APU,AMD A-Series Processors,AMD A6-Series APU for Laptops,AMD,2Q18,2.6GHz,15.0,2,,,28nm,,,,,,AMD,Laptop,amd-spec-dataset
7th Gen A6-9220 APU,AMD A-Series Processors,AMD A6-Series APU for Laptops,AMD,Q217,2.5GHz,15.0,2,,,28nm,,,,,,AMD,Laptop,amd-spec-dataset
7th Gen A6-9220C APU,AMD A-Series Processors,AMD A6-Series APU for Laptops,AMD,,1.8GHz,6.0,2,2,,28nm,,,,,,AMD,Laptop,amd-spec-dataset
7th Gen A6-9210 APU,AMD A-Series Processors,AMD A6-Series APU for Laptops,AMD,Q216,2.4GHz,15.0,2,,,28nm,,,,,,AMD,Laptop,amd-spec-dataset
7th Gen A4-9125 APU,AMD A-Series Processors,AMD A4-Series APU for Laptops,AMD,2Q18,2.3GHz,15.0,2,,,28nm,,,,,,AMD,Laptop,amd-spec-dataset
7th Gen A4-9120 APU,AMD A-Series Processors,AMD A4-Series APU for Laptops,AMD,Q217,2.2GHz,15.0,2,,,28nm,,,,,,AMD,Laptop,amd-spec-dataset
7th Gen A4-9120C APU,AMD A-Series Processors,AMD A4-Series APU for Laptops,AMD,,1.6GHz,6.0,2,2,,28nm,,,,,,AMD,Laptop,amd-spec-dataset
7th Gen AMD PRO A12-9800 APU,AMD PRO A-Series Processors,AMD PRO A-Series A12 APU for Desktops,AMD,10/03/2016,3.8GHz,65.0,4,,,28nm,,,,,,AMD,Desktop,amd-spec-dataset
7th Gen AMD PRO A12-9800E APU,AMD PRO A-Series Processors,AMD PRO A-Series A12 APU for Desktops,AMD,10/03/2016,3.1GHz,35.0,4,,,28nm,,,,,,AMD,Desktop,amd-spec-dataset
7th Gen AMD PRO A10-9700 APU,AMD PRO A-Series Processors,AMD PRO A-Series A10 APU for Desktops,AMD,10/03/2016,3.5GHz,65.0,4,,,28nm,,,,,,AMD,Desktop,amd-spec-dataset
7th Gen AMD PRO A10-9700E APU,AMD PRO A-Series Processors,AMD PRO A-Series A10 APU for Desktops,AMD,10/03/2016,3.0GHz,35.0,4,,,28nm,,,,,,AMD,Desktop,amd-spec-dataset
7th Gen AMD PRO A8-9600 APU,AMD PRO A-Series Processors,AMD PRO A-Series A8 APU for Desktops,AMD,10/03/2016,3.1GHz,65.0,4,,,28nm,,,,,,AMD,Desktop,amd-spec-dataset
7th Gen AMD PRO A6-9500 APU,AMD PRO A-Series Processors,AMD PRO A-Series A6 APU for Desktops,AMD,10/03/2016,3.5GHz,65.0,2,,,28nm,,,,,,AMD,Desktop,amd-spec-dataset
7th Gen AMD PRO A6-9500E APU,AMD PRO A-Series Processors,AMD PRO A-Series A6 APU for Desktops,AMD,10/03/2016,3.0GHz,35.0,2,,,28nm,,,,,,AMD,Desktop,amd-spec-dataset
7th Gen AMD PRO A12-9830B APU,AMD PRO A-Series Processors,AMD PRO A-Series A12 APU for Laptops,AMD,10/24/2016,3.0GHz,35.0,4,,,28nm,,,,,,AMD,Laptop,amd-spec-dataset
7th Gen AMD PRO A12-9800B APU,AMD PRO A-Series Processors,AMD PRO A-Series A12 APU for Laptops,AMD,10/24/2016,2.7GHz,15.0,4,,,28nm,,,,,,AMD,Laptop,amd-spec-dataset
7th Gen AMD PRO A10-9730B APU,AMD PRO A-Series Processors,AMD PRO A-Series A10 APU for Laptops,AMD,10/24/2016,2.8GHz,35.0,4,,,28nm,,,,,,AMD,Laptop,amd-spec-dataset
7th Gen AMD PRO A10-9700B APU,AMD PRO A-Series Processors,AMD PRO A-Series A10 APU for Laptops,AMD,10/24/2016,2.5GHz,15.0,4,,,28nm,,,,,,AMD,Laptop,amd-spec-dataset
7th Gen AMD PRO A8-9630B,AMD PRO A-Series Processors,AMD PRO A-Series A8 APU for Laptops,AMD,10/24/2016,2.6GHz,35.0,4,,,28nm,,,,,,AMD,Laptop,amd-spec-dataset
7th Gen AMD PRO A8-9600B APU,AMD PRO A-Series Processors,AMD PRO A-Series A8 APU for Laptops,AMD,10/24/2016,2.4GHz,15.0,4,,,28nm,,,,,,AMD,Laptop,amd-spec-dataset
7th Gen AMD PRO A6-9500B APU,AMD PRO A-Series Processors,AMD PRO A-Series A6 APU for Laptops,AMD,10/24/2016,2.3GHz,15.0,2,,,28nm,,,,,,AMD,Laptop,amd-spec-dataset
7th Gen FX 9830P APU,AMD FX-Series Processors,AMD FX-Series Processors for Laptops,AMD,Q216,3.0GHz,35.0,4,,,28nm,,,,,,AMD,Laptop,amd-spec-dataset
7th Gen FX 9800P APU,AMD FX-Series Processors,AMD FX-Series Processors for Laptops,AMD,Q216,2.7GHz,15.0,4,,,28nm,,,,,,AMD,Laptop,amd-spec-dataset
7th Gen E2-9010 APU,AMD E-Series Processors,AMD E2-Series APU for Laptops,AMD,Q217,200MHz,15.0,2,,,28nm,,,,,,AMD,Laptop,amd-spec-dataset
6th Gen A10-8700P APU,AMD A-Series Processors,AMD A10-Series APU for Laptops,AMD,,1.8GHz,15.0,4,4,,28nm,,,,,,AMD,Laptop,amd-spec-dataset
6th Gen A8-8600P APU,AMD A-Series Processors,AMD A8-Series APU for Laptops,AMD,,1.6GHz,15.0,4,4,,28nm,,,,,,AMD,Laptop,amd-spec-dataset
6th Gen AMD PRO A12-8870 APU,AMD PRO A-Series Processors,AMD PRO A-Series A12 APU for Desktops,AMD,3Q 2016,3.7GHz,65.0,4,,,28nm,,,,,,AMD,Desktop,amd-spec-dataset
6th Gen AMD PRO A12-8870E APU,AMD PRO A-Series Processors,AMD PRO A-Series A12 APU for Desktops,AMD,,2.9GHz,35.0,4,,,28nm,,,,,,AMD,Desktop,amd-spec-dataset
6th Gen AMD PRO A10-8850B APU,AMD PRO A-Series Processors,AMD PRO A-Series A10 APU for Desktops,AMD,,3.9GHz,95.0,4,4,,28nm,,,,,,AMD,Desktop,amd-spec-dataset
6th Gen AMD PRO A10-8770 APU,AMD PRO A-Series Processors,AMD PRO A-Series A10 APU for Desktops,AMD,3Q 2016,3.5GHz,65.0,4,,,28nm,,,,,,AMD,Desktop,amd-spec-dataset
6th Gen AMD PRO A10-8770E APU,AMD PRO A-Series Processors,AMD PRO A-Series A10 APU for Desktops,AMD,3Q 2016,2.8GHz,35.0,4,,,28nm,,,,,,AMD,Desktop,amd-spec-dataset
6th Gen AMD PRO A10-8750B APU,AMD PRO A-Series Processors,AMD PRO A-Series A10 APU for Desktops,AMD,,3.6GHz,65.0,4,4,,28nm,,,,,,AMD,Desktop,amd-spec-dataset
6th Gen AMD PRO A8-8650B APU,AMD PRO A-Series Processors,AMD PRO A-Series A8 APU for Desktops,AMD,,3.2GHz,65.0,4,4,,28nm,,,,,,AMD,Desktop,amd-spec-dataset
6th Gen AMD PRO A6-8570 APU,AMD PRO A-Series Processors,AMD PRO A-Series A6 APU for Desktops,AMD,,3.5GHz,65.0,2,,,28nm,,,,,,AMD,Desktop,amd-spec-dataset
6th Gen AMD PRO A6-8570E APU,AMD PRO A-Series Processors,AMD PRO A-Series A6 APU for Desktops,AMD,,3.0GHz,35.0,2,,,28nm,,,,,,AMD,Desktop,amd-spec-dataset
6th Gen AMD PRO A6-8550B APU,AMD PRO A-Series Processors,AMD PRO A-Series A6 APU for Desktops,AMD,,3.7GHz,65.0,2,2,,28nm,,,,,,AMD,Desktop,amd-spec-dataset
6th Gen AMD PRO A4-8350B APU,AMD PRO A-Series Processors,AMD PRO A-Series A4 APU for Desktops,AMD,,3.5GHz,65.0,2,2,,28nm,,,,,,AMD,Desktop,amd-spec-dataset
6th Gen AMD PRO A12-8800B APU,AMD PRO A-Series Processors,AMD PRO A-Series A12 APU for Laptops,AMD,,2.1GHz,15.0,4,4,,28nm,,,,,,AMD,Laptop,amd-spec-dataset
6th Gen AMD PRO A10-8700B APU,AMD PRO A-Series Processors,AMD PRO A-Series A10 APU for Laptops,AMD,,1.8GHz,15.0,4,4,,28nm,,,,,,AMD,Laptop,amd-spec-dataset
6th Gen AMD PRO A8-8600B APU,AMD PRO A-Series Processors,AMD PRO A-Series A8 APU for Laptops,AMD,,1.6GHz,15.0,4,4,,28nm,,,,,,AMD,Laptop,amd-spec-dataset
6th Gen AMD PRO A6-8500B APU,AMD PRO A-Series Processors,AMD PRO A-Series A6 APU for Laptops,AMD,,1.6GHz,15.0,2,4,,28nm,,,,,,AMD,Laptop,amd-spec-dataset
6th Gen FX-8800P APU,AMD FX-Series Processors,AMD FX-Series Processors for Laptops,AMD,,2.1GHz,15.0,4,4,,28nm,,,,,,AMD,Laptop,amd-spec-dataset
A10-7890K with Radeon R7 Graphics and Wraith cooler,AMD A-Series Processors,AMD A10-Series APU for Desktops,AMD,,4.1GHz,95.0,4,,,28nm,,,,,,AMD,Boxed Processor,amd-spec-dataset
A10-7870K with Radeon R7 Series,AMD A-Series Processors,AMD A10-Series APU for Desktops,AMD,,3.9GHz,95.0,4,4,,28nm,,,,,,AMD,Boxed Processor,amd-spec-dataset
A10-7870K with Radeon R7 Graphics and Near Silent Thermal Solution,AMD A-Series Processors,AMD A10-Series APU for Desktops,AMD,,3.9GHz,95.0,4,,,28nm,,,,,,AMD,Boxed Processor,amd-spec-dataset
A10-7860K with Radeon R7 Series,AMD A-Series Processors,AMD A10-Series APU for Desktops,AMD,,3.6GHz,65.0,4,4,,28nm,,,,,,AMD,Boxed Processor,amd-spec-dataset
A10-7860K with Radeon R7 Graphics and Near Silent Thermal Solution,AMD A-Series Processors,AMD A10-Series APU for Desktops,AMD,,3.6GHz,65.0,4,4,,28nm,,,,,,AMD,Boxed Processor,amd-spec-dataset
A10-7850K with Radeon R7 Series,AMD A-Series Processors,AMD A10-Series APU for Desktops,AMD,,3.7GHz,95.0,4,4,,28nm,,,,,,AMD,Boxed Processor,amd-spec-dataset
A10-6800K with Radeon HD 8670D,AMD A-Series Processors,AMD A10-Series APU for Desktops,AMD,,4.1GHz,100.0,4,4,,32nm SOI,,,,,,AMD,Boxed Processor,amd-spec-dataset
A10-6790K with Radeon HD 8670D,AMD A-Series Processors,AMD A10-Series APU for Desktops,AMD,,4.0GHz,100.0,4,4,,32nm SOI,,,,,,AMD,Boxed Processor,amd-spec-dataset
A10-6700 with Radeon HD 8670D,AMD A-Series Processors,AMD A10-Series APU for Desktops,AMD,,3.7GHz,65.0,4,4,,32nm SOI,,,,,,AMD,Boxed Processor,amd-spec-dataset
A10-6700T with Radeon HD 8650D,AMD A-Series Processors,AMD A10-Series APU for Desktops,AMD,,2.5GHz,45.0,4,4,,32nm SOI,,,,,,AMD,Boxed Processor,amd-spec-dataset
A8-7670K with Radeon R7 Graphics and Near Silent Thermal Solution,AMD A-Series Processors,AMD A8-Series APU for Desktops,AMD,,3.6GHz,95.0,4,4,,28nm,,,,,,AMD,Boxed Processor,amd-spec-dataset
A8-7650K with Radeon R7 Series,AMD A-Series Processors,AMD A8-Series APU for Desktops,AMD,,3.3GHz,95.0,4,4,,28nm,,,,,,AMD,Boxed Processor,amd-spec-dataset
A8-7650K with Radeon R7 Graphics and Near Silent Thermal Solution,AMD A-Series Processors,AMD A8-Series APU for Desktops,AMD,,3.3GHz,95.0,4,4,,28nm,,,,,,AMD,Boxed Processor,amd-spec-dataset
A8-7600 with Radeon R7 Series,AMD A-Series Processors,AMD A8-Series APU for Desktops,AMD,,3.1GHz,65.0,4,4,,28nm,,,,,,AMD,Boxed Processor,amd-spec-dataset
A8-6600K with Radeon HD 8570D,AMD A-Series Processors,AMD A8-Series APU for Desktops,AMD,,3.9GHz,65.0,4,4,,32nm SOI,,,,,,AMD,Boxed Processor,amd-spec-dataset
A8-6500 with Radeon HD 8570D,AMD A-Series Processors,AMD A8-Series APU for Desktops,AMD,,3.5GHz,65.0,4,4,,32nm SOI,,,,,,AMD,Boxed Processor,amd-spec-dataset
A8-6500T with Radeon HD 8550D,AMD A-Series Processors,AMD A8-Series APU for Desktops,AMD,,2.1GHz,45.0,4,4,,32nm SOI,,,,,,AMD,Boxed Processor,amd-spec-dataset
A6-7470K with Radeon R5 Series,AMD A-Series Processors,AMD A6-Series APU for Desktops,AMD,,3.7GHz,65.0,2,,,28nm,,,,,,AMD,Boxed Processor,amd-spec-dataset
A6-7400K with Radeon R5 Series,AMD A-Series Processors,AMD A6-Series APU for Desktops,AMD,,3.5GHz,65.0,2,2,,28nm,,,,,,AMD,Boxed Processor,amd-spec-dataset
A6-6420K with Radeon HD 8470D,AMD A-Series Processors,AMD A6-Series APU for Desktops,AMD,,4.0GHz,65.0,2,2,,32nm SOI,,,,,,AMD,Boxed Processor,amd-spec-dataset
A6-6400K with Radeon HD 8470D,AMD A-Series Processors,AMD A6-Series APU for Desktops,AMD,,3.9GHz,65.0,2,2,,32nm SOI,,,,,,AMD,Boxed Processor,amd-spec-dataset
A6-5200 with Radeon HD 8400,AMD A-Series Processors,AMD A6-Series APU for Desktops,AMD,,2.0GHz,25.0,4,4,,28nm,,,,,,AMD,Desktop,amd-spec-dataset
A4-7300 with Radeon HD 8470D,AMD A-Series Processors,AMD A4-Series APU for Desktops,AMD,,3.8GHz,65.0,2,2,,32nm SOI,,,,,,AMD,Desktop,amd-spec-dataset
A4-6320 with Radeon HD 8370D,AMD A-Series Processors,AMD A4-Series APU for Desktops,AMD,,3.8GHz,65.0,2,2,,32nm SOI,,,,,,AMD,Boxed Processor,amd-spec-dataset
A4-6300 with Radeon HD 8370D,AMD A-Series Processors,AMD A4-Series APU for Desktops,AMD,,3.7GHz,65.0,2,2,,32nm SOI,,,,,,AMD,Boxed Processor,amd-spec-dataset
A4-5100 with Radeon HD 8330,AMD A-Series Processors,AMD A4-Series APU for Desktops,AMD,,1.55GHz,15.0,4,4,,28nm,,,,,,AMD,Desktop,amd-spec-dataset
A4-5000 with Radeon HD 8330,AMD A-Series Processors,AMD A4-Series APU for Desktops,AMD,,1.5GHz,15.0,4,4,,28nm,,,,,,AMD,Desktop,amd-spec-dataset
FX-9590,AMD FX-Series Processors,AMD FX 8-Core Black Edition Processors,AMD,,4.7GHz,220.0,8,8,,32nm SOI,,,,,,AMD,Boxed Processor,amd-spec-dataset
FX-9370,AMD FX-Series Processors,AMD FX 8-Core Black Edition Processors,AMD,,4.4GHz,220.0,8,8,,32nm SOI,,,,,,AMD,Boxed Processor,amd-spec-dataset
FX-8370 with Wraith cooler,AMD FX-Series Processors,AMD FX 8-Core Black Edition Processors,AMD,,4.0GHz,125.0,8,8,,32nm SOI,,,,,,AMD,Boxed Processor,amd-spec-dataset
FX-8370E,AMD FX-Series Processors,AMD FX 8-Core Black Edition Processors,AMD,,3.3GHz,95.0,8,8,,32nm SOI,,,,,,AMD,Boxed Processor,amd-spec-dataset
A10-7400P with Radeon R6 Graphics,AMD A-Series Processors,AMD A10-Series APU for Laptops,AMD,,2.5GHz,35.0,4,4,,28nm,,,,,,AMD,Laptop,amd-spec-dataset
FX-8370,AMD FX-Series Processors,AMD FX 8-Core Black Edition Processors,AMD,,4.0GHz,125.0,8,8,,32nm SOI,,,,,,AMD,Boxed Processor,amd-spec-dataset
FX-8350 with Wraith cooler,AMD FX-Series Processors,AMD FX 8-Core Black Edition Processors,AMD,,4.0GHz,125.0,8,8,,32nm SOI,,,,,,AMD,Boxed Processor,amd-spec-dataset
A10-7300 with Radeon R6 Graphics,AMD A-Series Processors,AMD A10-Series APU for Laptops,AMD,,1.9GHz,20.0,4,4,,28nm,,,,,,AMD,Laptop,amd-spec-dataset
A10 Micro-6700T with Radeon R6 Graphics,AMD A-Series Processors,AMD A10-Series APU for Laptops,AMD,,2.2GHz,4.5,4,4,,28nm,,,,,,AMD,"Laptop, Tablet",amd-spec-dataset
FX-8350,AMD FX-Series Processors,AMD FX 8-Core Black Edition Processors,AMD,,4.0GHz,125.0,8,8,,32nm SOI,,,,,,AMD,Boxed Processor,amd-spec-dataset
FX-8320E,AMD FX-Series Processors,AMD FX 8-Core Black Edition Processors,AMD,,3.2GHz,95.0,8,8,,32nm SOI,,,,,,AMD,Boxed Processor,amd-spec-dataset
FX-8320,AMD FX-Series Processors,AMD FX 8-Core Black Edition Processors,AMD,,3.5GHz,125.0,8,8,,32nm SOI,,,,,,AMD,Boxed Processor,amd-spec-dataset
FX-8310,AMD FX-Series Processors,AMD FX 8-Core Black Edition Processors,AMD,,3.4GHz,95.0,8,8,,32nm,,,,,,AMD,Boxed Processor,amd-spec-dataset
FX-8300,AMD FX-Series Processors,AMD FX 8-Core Black Edition Processors,AMD,,3.3GHz,95.0,8,8,,32nm SOI,,,,,,AMD,Boxed Processor,amd-spec-dataset
FX-8150,AMD FX-Series Processors,AMD FX 8-Core Black Edition Processors,AMD,,3.6GHz,125.0,8,8,,32nm,,,,,,AMD,Boxed Processor,amd-spec-dataset
FX-8120,AMD FX-Series Processors,AMD FX 8-Core Black Edition Processors,AMD,,3.1GHz,125.0,8,8,,32nm,,,,,,AMD,Boxed Processor,amd-spec-dataset
A8-7410 with Radeon R5 Graphics,AMD A-Series Processors,AMD A8-Series APU for Laptops,AMD,,2.2GHz,15.0,4,4,,28nm,,,,,,AMD,Laptop,amd-spec-dataset
FX-6350 with Wraith cooler,AMD FX-Series Processors,AMD FX 6-Core Black Edition Processors,AMD,,3.9GHz,125.0,6,6,,32nm SOI,,,,,,AMD,Boxed Processor,amd-spec-dataset
A8-7200P with Radeon R5 Graphics,AMD A-Series Processors,AMD A8-Series APU for Laptops,AMD,,2.4GHz,100.0,4,4,,28nm,,,,,,AMD,Laptop,amd-spec-dataset
A8-7100 with Radeon R5 Graphics,AMD A-Series Processors,AMD A8-Series APU for Laptops,AMD,,1.8GHz,20.0,4,4,,28nm,,,,,,AMD,Laptop,amd-spec-dataset
FX-6350,AMD FX-Series Processors,AMD FX 6-Core Black Edition Processors,AMD,,3.9GHz,125.0,6,6,,32nm SOI,,,,,,AMD,Boxed Processor,amd-spec-dataset
FX-6300,AMD FX-Series Processors,AMD FX 6-Core Black Edition Processors,AMD,,3.5GHz,95.0,6,6,,32nm SOI,,,,,,AMD,Boxed Processor,amd-spec-dataset
A8-6410 with Radeon R5 Graphics,AMD A-Series Processors,AMD A8-Series APU for Laptops,AMD,,2.0GHz,15.0,4,4,,28nm,,,,,,AMD,Laptop,amd-spec-dataset
FX-6200,AMD FX-Series Processors,AMD FX 6-Core Black Edition Processors,AMD,,3.8GHz,125.0,6,6,,32nm SOI,,,,,,AMD,Boxed Processor,amd-spec-dataset
FX 6100,AMD FX-Series Processors,AMD FX 6-Core Black Edition Processors,AMD,,3.3GHz,95.0,6,6,,32nm SOI,,,,,,AMD,Boxed Processor,amd-spec-dataset
FX-4350,AMD FX-Series Processors,AMD FX 4-Core Black Edition Processors,AMD,,4.2GHz,125.0,4,4,,32nm SOI,,,,,,AMD,Boxed Processor,amd-spec-dataset
FX-4320,AMD FX-Series Processors,AMD FX 4-Core Black Edition Processors,AMD,,4.0GHz,95.0,4,4,,32nm SOI,,,,,,AMD,Boxed Processor,amd-spec-dataset
FX-4300,AMD FX-Series Processors,AMD FX 4-Core Black Edition Processors,AMD,,3.8GHz,95.0,4,4,,32nm SOI,,,,,,AMD,Boxed Processor,amd-spec-dataset
FX-4170,AMD FX-Series Processors,AMD FX 4-Core Black Edition Processors,AMD,,4.2GHz,125.0,4,4,,32nm,,,,,,AMD,Boxed Processor,amd-spec-dataset
FX-4130,AMD FX-Series Processors,AMD FX 4-Core Black Edition Processors,AMD,,3.8GHz,125.0,4,4,,32nm SOI,,,,,,AMD,Boxed Processor,amd-spec-dataset
FX-4100,AMD FX-Series Processors,AMD FX 4-Core Black Edition Processors,AMD,,3.6GHz,95.0,4,4,,32nm SOI,,,,,,AMD,Boxed Processor,amd-spec-dataset
1075T,AMD Phenom™,AMD Phenom™ II X6,AMD,,3.5GHz,95.0,6,6,,,,,,,,AMD,Boxed Processor,amd-spec-dataset
1045T,AMD Phenom™,AMD Phenom™ II X6,AMD,,2.7GHz,95.0,,,,,,,,,,AMD,Boxed Processor,amd-spec-dataset
980,AMD Phenom™,AMD Phenom™ II X4 Black,AMD,,3.7GHz,125.0,4,4,,,,,,,,AMD,Boxed Processor,amd-spec-dataset
A6-8500P with Radeon R5 Graphics,AMD A-Series Processors,AMD A6-Series APU for Laptops,AMD,,1.6GHz,15.0,2,2,,28nm,,,,,,AMD,Laptop,amd-spec-dataset
A6-7310 with Radeon R4 Graphics,AMD A-Series Processors,AMD A6-Series APU for Laptops,AMD,,2.0GHz,15.0,4,4,,28nm,,,,,,AMD,Laptop,amd-spec-dataset
975,AMD Phenom™,AMD Phenom™ II X4 Black,AMD,,3.6GHz,125.0,4,4,,45nm SOI,,,,,,AMD,Boxed Processor,amd-spec-dataset
965,AMD Phenom™,AMD Phenom™ II X4 Black,AMD,,3.4GHz,80.0,4,4,,,,,,,,AMD,Boxed Processor,amd-spec-dataset
A6-7000 with Radeon R4 Graphics,AMD A-Series Processors,AMD A6-Series APU for Laptops,AMD,,2.2GHz,17.0,2,2,,28nm,,,,,,AMD,Laptop,amd-spec-dataset
960T,AMD Phenom™,AMD Phenom™ II X4 Black,AMD,,3.0GHz,95.0,4,4,,,,,,,,AMD,Boxed Processor,amd-spec-dataset
A6-6310 with Radeon R4 Graphics,AMD A-Series Processors,AMD A6-Series APU for Laptops,AMD,,2.4GHz,15.0,4,4,,28nm,,,,,,AMD,Laptop,amd-spec-dataset
850,AMD Phenom™,AMD Phenom™ II X4,AMD,,3.3GHz,95.0,4,4,,,,,,,,AMD,Boxed Processor,amd-spec-dataset
840,AMD Phenom™,AMD Phenom™ II X4,AMD,,3.2GHz,95.0,4,4,,,,,,,,AMD,Boxed Processor,amd-spec-dataset
A6-5350M with Radeon HD 8450G,AMD A-Series Processors,AMD A6-Series APU for Laptops,AMD,,2.9GHz,35.0,2,2,,32nm,,,,,,AMD,Laptop,amd-spec-dataset
570,AMD Phenom™,AMD Phenom™ II X2 Black,AMD,,4.0GHz,80.0,2,2,,,,,,,,AMD,Boxed Processor,amd-spec-dataset
A6-5200M with Radeon HD 8400,AMD A-Series Processors,AMD A6-Series APU for Laptops,AMD,,2.0GHz,25.0,4,4,,28nm,,,,,,AMD,Laptop,amd-spec-dataset
565,AMD Phenom™,AMD Phenom™ II X2 Black,AMD,,3.4GHz,80.0,2,2,,45nm SOI,,,,,,AMD,Boxed Processor,amd-spec-dataset
555,AMD Phenom™,AMD Phenom™ II X2 Black,AMD,,3.2GHz,80.0,2,2,,,,,,,,AMD,Boxed Processor,amd-spec-dataset
X940,AMD Phenom™,AMD Phenom™ II Black Edition Quad-Core Mobile Processors,AMD,,2.4GHz,45.0,4,4,,,,,,,,AMD,Laptop,amd-spec-dataset
N970,AMD Phenom™,AMD Phenom™ II Quad-Core Mobile Processors,AMD,,2.2GHz,35.0,4,4,,,,,,,,AMD,Laptop,amd-spec-dataset
N960,AMD Phenom™,AMD Phenom™ II Quad-Core Mobile Processors,AMD,,1.8GHz,35.0,4,4,,,,,,,,AMD,Laptop,amd-spec-dataset
N870,AMD Phenom™,AMD Phenom™ II Triple-Core Mobile Processors,AMD,,2.3GHz,35.0,3,3,,,,,,,,AMD,Laptop,amd-spec-dataset
P860,AMD Phenom™,AMD Phenom™ II Triple-Core Mobile Processors,AMD,,2.0GHz,35.0,3,3,,,,,,,,AMD,Laptop,amd-spec-dataset
N660,AMD Phenom™,AMD Phenom™ II Dual-Core Mobile Processors,AMD,,3.0GHz,35.0,2,2,,,,,,,,AMD,Laptop,amd-spec-dataset
A4-7210 with Radeon R3 Graphics,AMD A-Series Processors,AMD A4-Series APU for Laptops,AMD,,1.8GHz,65.0,4,4,,28nm,,,,,,AMD,Laptop,amd-spec-dataset
P650,AMD Phenom™,AMD Phenom™ II Dual-Core Mobile Processors,AMD,,2.6GHz,35.0,2,2,,,,,,,,AMD,Laptop,amd-spec-dataset
A4 Micro-6400T with Radeon R3 Graphics,AMD A-Series Processors,AMD A4-Series APU for Laptops,AMD,,1.6GHz,4.5,4,4,,28nm,,,,,,AMD,"Laptop, Tablet",amd-spec-dataset
N640,AMD Phenom™,AMD Phenom™ II Dual-Core Mobile Processors,AMD,,2.8GHz,35.0,2,2,,,,,,,,AMD,Laptop,amd-spec-dataset
A4-6210 with Radeon R3 Graphics,AMD A-Series Processors,AMD A4-Series APU for Laptops,AMD,,1.8GHz,15.0,4,4,,28nm,,,,,,AMD,Laptop,amd-spec-dataset
B99,AMD Phenom™,AMD Business Class - AMD Phenom™ X4 Quad-Core,AMD,,3.3GHz,95.0,4,4,,,,,,,,AMD,Desktop,amd-spec-dataset
B97,AMD Phenom™,AMD Business Class - AMD Phenom™ X4 Quad-Core,AMD,,3.2GHz,95.0,4,4,,,,,,,,AMD,Desktop,amd-spec-dataset
B95,AMD Phenom™,AMD Business Class - AMD Phenom™ X4 Quad-Core,AMD,,3.0GHz,95.0,,,,,,,,,,AMD,Desktop,amd-spec-dataset
B77,AMD Phenom™,AMD Business Class - AMD Phenom™ X3 Triple-Core,AMD,,3.2GHz,95.0,3,3,,,,,,,,AMD,Desktop,amd-spec-dataset
B75,AMD Phenom™,AMD Business Class - AMD Phenom™ X3 Triple-Core,AMD,,3.0GHz,95.0,3,3,,,,,,,,AMD,Desktop,amd-spec-dataset
B60,AMD Phenom™,AMD Business Class - AMD Phenom™ X2 Dual-Core,AMD,,3.5GHz,80.0,2,2,,,,,,,,AMD,Desktop,amd-spec-dataset
B59,AMD Phenom™,AMD Business Class - AMD Phenom™ X2 Dual-Core,AMD,,3.4GHz,80.0,2,2,,,,,,,,AMD,Desktop,amd-spec-dataset
B57,AMD Phenom™,AMD Business Class - AMD Phenom™ X2 Dual-Core,AMD,,3.2GHz,80.0,2,2,,,,,,,,AMD,Desktop,amd-spec-dataset
641,AMD Athlon™ Processors,AMD Athlon™ II X4,AMD,,2.8GHz,100.0,4,4,,32nm,,,,,,AMD,Boxed Processor,amd-spec-dataset
638,AMD Athlon™ Processors,AMD Athlon™ II X4,AMD,,2.7GHz,65.0,4,4,,32nm,,,,,,AMD,Boxed Processor,amd-spec-dataset
631,AMD Athlon™ Processors,AMD Athlon™ II X4,AMD,,2.6GHz,100.0,4,4,,32nm,,,,,,AMD,Boxed Processor,amd-spec-dataset
620e,AMD Athlon™ Processors,AMD Athlon™ II X4,AMD,,2.7GHz,45.0,4,4,,,,,,,,AMD,Boxed Processor,amd-spec-dataset
460,AMD Athlon™ Processors,AMD Athlon™ II X3,AMD,,3.4GHz,95.0,3,3,,,,,,,,AMD,Boxed Processor,amd-spec-dataset
425e,AMD Athlon™ Processors,AMD Athlon™ II X3,AMD,,2.7GHz,45.0,3,3,,,,,,,,AMD,Boxed Processor,amd-spec-dataset
255e,AMD Athlon™ Processors,AMD Athlon™ II X2,AMD,,3.1GHz,45.0,2,2,,,,,,,,AMD,Boxed Processor,amd-spec-dataset
7th Gen AMD Athlon X4 970,AMD Athlon™ Processors,AMD Athlon™ X4,AMD,7/27/2017,3.8GHz,65.0,4,4,,28nm,,,,,,AMD,Boxed Processor,amd-spec-dataset
880K with Near Silent Thermal Solution,AMD Athlon™ Processors,AMD Athlon™ X4,AMD,,4.0GHz,95.0,4,,,28nm,,,,,,AMD,Boxed Processor,amd-spec-dataset
870K with Near Silent Thermal Solution,AMD Athlon™ Processors,AMD Athlon™ X4,AMD,,3.9GHz,95.0,4,4,,28nm,,,,,,AMD,Boxed Processor,amd-spec-dataset
A10-6800B with Radeon HD 8670D,AMD A-Series Processors,AMD Business Class - Quad-Core A10-Series APU for Desktops,AMD,,4.1GHz,45.0,4,4,,32nm SOI,,,,,,AMD,Desktop,amd-spec-dataset
860K,AMD Athlon™ Processors,AMD Athlon™ X4,AMD,,3.7GHz,95.0,4,4,,28nm,,,,,,AMD,Desktop,amd-spec-dataset
A10-6790B with Radeon HD 8670D,AMD A-Series Processors,AMD Business Class - Quad-Core A10-Series APU for Desktops,AMD,,4.0GHz,45.0,4,4,,32nm SOI,,,,,,AMD,Desktop,amd-spec-dataset
860K with Near Silent Thermal Solution,AMD Athlon™ Processors,AMD Athlon™ X4,AMD,,3.7GHz,95.0,4,4,,28nm,,,,,,AMD,Boxed Processor,amd-spec-dataset
A8-6500B with Radeon HD 8570D,AMD A-Series Processors,AMD Business Class - Quad-Core A8-Series APU for Desktops,AMD,,3.5GHz,65.0,4,4,,32nm SOI,,,,,,AMD,Desktop,amd-spec-dataset
760K,AMD Athlon™ Processors,AMD Athlon™ X4,AMD,,3.8GHz,100.0,4,4,,32nm,,,,,,AMD,Boxed Processor,amd-spec-dataset
750,AMD Athlon™ Processors,AMD Athlon™ X4,AMD,,3.4GHz,65.0,4,,,,,,,,,AMD,Boxed Processor,amd-spec-dataset
A6-6420B with Radeon HD 8470D,AMD A-Series Processors,AMD Business Class - Dual-Core A6-Series APU for Desktops,AMD,,4.0GHz,65.0,2,2,,32nm SOI,,,,,,AMD,Desktop,amd-spec-dataset
750K,AMD Athlon™ Processors,AMD Athlon™ X4,AMD,,3.4GHz,100.0,4,4,,32nm,,,,,,AMD,Boxed Processor,amd-spec-dataset
740,AMD Athlon™ Processors,AMD Athlon™ X4,AMD,,3.2GHz,65.0,4,4,,32nm,,,,,,AMD,Boxed Processor,amd-spec-dataset
A6-6400B with Radeon HD 8470D,AMD A-Series Processors,AMD Business Class - Dual-Core A6-Series APU for Desktops,AMD,,3.9GHz,65.0,2,2,,32nm SOI,,,,,,AMD,Desktop,amd-spec-dataset
2800+,AMD Sempron™,AMD Sempron™,AMD,,56MHz,45.0,,,,65nm,,,,,,AMD,Desktop,amd-spec-dataset
X1150,AMD Opteron™,AMD Opteron™ X1100 Series Processors,AMD,,2.0GHz,17.0,4,4,,28nm,,,,,,AMD,Server,amd-spec-dataset
6386 SE,AMD Opteron™,AMD Opteron™ 6300 Series Processor,AMD,,2.8GHz,140.0,16,16,,32nm,,,,,,AMD,Server,amd-spec-dataset
6380,AMD Opteron™,AMD Opteron™ 6300 Series Processor,AMD,,2.5GHz,115.0,16,16,,32nm,,,,,,AMD,Server,amd-spec-dataset
A10 PRO-7850B with Radeon R7 Graphics,AMD PRO A-Series Processors,AMD PRO A-Series A10 APU for Desktops,AMD,,3.7GHz,95.0,4,4,,28nm,,,,,,AMD,Desktop,amd-spec-dataset
6378,AMD Opteron™,AMD Opteron™ 6300 Series Processor,AMD,,2.4GHz,115.0,16,16,,32nm,,,,,,AMD,Server,amd-spec-dataset
6376,AMD Opteron™,AMD Opteron™ 6300 Series Processor,AMD,,2.3GHz,115.0,16,16,,32nm,,,,,,AMD,Server,amd-spec-dataset
A10 PRO-7800B with Radeon R7 Graphics,AMD PRO A-Series Processors,AMD PRO A-Series A10 APU for Desktops,AMD,,3.5GHz,65.0,4,4,,28nm,,,,,,AMD,Desktop,amd-spec-dataset
A8 PRO-7600B with Radeon R7 Graphics,AMD PRO A-Series Processors,AMD PRO A-Series A8 APU for Desktops,AMD,,3.1GHz,65.0,4,4,,28nm,,,,,,AMD,Desktop,amd-spec-dataset
6370P,AMD Opteron™,AMD Opteron™ 6300 Series Processor,AMD,,2.0GHz,99.0,16,16,,32nm,,,,,,AMD,Server,amd-spec-dataset
A6 PRO-7400B with Radeon R5 Graphics,AMD PRO A-Series Processors,AMD PRO A-Series A6 APU for Desktops,AMD,,3.5GHz,65.0,2,2,,28nm,,,,,,AMD,Desktop,amd-spec-dataset
6366 HE,AMD Opteron™,AMD Opteron™ 6300 Series Processor,AMD,,1.8GHz,85.0,16,16,,32nm,,,,,,AMD,Server,amd-spec-dataset
A4 PRO-7350B with Radeon R5 Graphics,AMD PRO A-Series Processors,AMD PRO A-Series A4 APU for Desktops,AMD,,3.4GHz,65.0,2,2,,28nm,,,,,,AMD,Desktop,amd-spec-dataset
6348,AMD Opteron™,AMD Opteron™ 6300 Series Processor,AMD,,2.8GHz,115.0,12,12,,32nm,,,,,,AMD,Server,amd-spec-dataset
6344,AMD Opteron™,AMD Opteron™ 6300 Series Processor,AMD,,2.6GHz,115.0,12,12,,32nm,,,,,,AMD,Server,amd-spec-dataset
A4 PRO-7300B with Radeon HD 8470D,AMD PRO A-Series Processors,AMD PRO A-Series A4 APU for Desktops,AMD,,3.8GHz,65.0,2,2,,32nm SOI,,,,,,AMD,Desktop,amd-spec-dataset
A10 PRO-7350B with Radeon R6 Graphics,AMD PRO A-Series Processors,AMD PRO A-Series A10 APU for Laptops,AMD,,2.1GHz,19.0,4,4,,28nm,,,,,,AMD,Laptop,amd-spec-dataset
6338P,AMD Opteron™,AMD Opteron™ 6300 Series Processor,AMD,,2.3GHz,99.0,12,12,,32nm,,,,,,AMD,Server,amd-spec-dataset
A8 PRO-7150B with Radeon R5 Graphics,AMD PRO A-Series Processors,AMD PRO A-Series A8 APU for Laptops,AMD,,1.9GHz,100.0,4,4,,28nm,,,,,,AMD,Laptop,amd-spec-dataset
6328,AMD Opteron™,AMD Opteron™ 6300 Series Processor,AMD,,3.2GHz,115.0,8,8,,32nm,,,,,,AMD,Server,amd-spec-dataset
6320,AMD Opteron™,AMD Opteron™ 6300 Series Processor,AMD,,2.8GHz,115.0,8,8,,32nm,,,,,,AMD,Server,amd-spec-dataset
A6 PRO-7050B with Radeon R4 Graphics,AMD PRO A-Series Processors,AMD PRO A-Series A6 APU for Laptops,AMD,,2.2GHz,100.0,2,2,,28nm,,,,,,AMD,Laptop,amd-spec-dataset
A4 PRO-3350B with Radeon R4 Graphics,AMD PRO A-Series Processors,AMD PRO A-Series A4 APU for Laptops,AMD,Q2 2016,2.0GHz,15.0,4,4,,28nm,,,,,,AMD,Laptop,amd-spec-dataset
6308,AMD Opteron™,AMD Opteron™ 6300 Series Processor,AMD,,3.5GHz,115.0,4,4,,32nm,,,,,,AMD,Server,amd-spec-dataset
A4 PRO-3340B with Radeon HD 8240 Graphics,AMD PRO A-Series Processors,AMD PRO A-Series A4 APU for Laptops,AMD,,2.2GHz,25.0,4,4,,28nm,,,,,,AMD,Laptop,amd-spec-dataset
6284 SE,AMD Opteron™,AMD Opteron™ 6200 Series Processor,AMD,,2.7GHz,140.0,16,16,,32nm,,,,,,AMD,Server,amd-spec-dataset
6282 SE,AMD Opteron™,AMD Opteron™ 6200 Series Processor,AMD,,2.6GHz,140.0,16,16,,32nm,,,,,,AMD,Server,amd-spec-dataset
FX-7600P with Radeon R7 Graphics,AMD FX-Series Processors,AMD FX-Series Processors for Laptops,AMD,,2.7GHz,35.0,4,4,,28nm,,,,,,AMD,Laptop,amd-spec-dataset
6278,AMD Opteron™,AMD Opteron™ 6200 Series Processor,AMD,,2.4GHz,115.0,16,16,,32nm,,,,,,AMD,Server,amd-spec-dataset
FX-7500 with Radeon R7 Graphics,AMD FX-Series Processors,AMD FX-Series Processors for Laptops,AMD,,2.1GHz,20.0,4,4,,28nm,,,,,,AMD,Laptop,amd-spec-dataset
6276,AMD Opteron™,AMD Opteron™ 6200 Series Processor,AMD,,2.3GHz,115.0,16,16,,32nm,,,,,,AMD,Server,amd-spec-dataset
6274,AMD Opteron™,AMD Opteron™ 6200 Series Processor,AMD,,2.2GHz,115.0,16,16,,32nm,,,,,,AMD,Server,amd-spec-dataset
Athlon 5370 APU with Radeon R3 Series,AMD Athlon™ Processors,AMD Athlon™ Quad-Core APU,AMD,,2.2GHz,25.0,4,4,,28nm,,,,,,AMD,Desktop,amd-spec-dataset
6272,AMD Opteron™,AMD Opteron™ 6200 Series Processor,AMD,,2.1GHz,115.0,16,16,,32nm,,,,,,AMD,Server,amd-spec-dataset
Athlon 5350 APU with Radeon R3 Series,AMD Athlon™ Processors,AMD Athlon™ Quad-Core APU,AMD,,2.05GHz,25.0,4,4,,28nm,,,,,,AMD,Boxed Processor,amd-spec-dataset
AMD Athlon PRO 200U Mobile Processor with Radeon Vega 3 Graphics,AMD Athlon™ PRO Processors,AMD Athlon™ PRO Mobile Processors with Radeon™ Vega Graphics,AMD,,2.3GHz,15.0,2,4,,14nm,,,,,,AMD,Laptop,amd-spec-dataset
6262 HE,AMD Opteron™,AMD Opteron™ 6200 Series Processor,AMD,,1.6GHz,85.0,16,16,,32nm,,,,,,AMD,Server,amd-spec-dataset
Athlon 5150 APU with Radeon R3 Series,AMD Athlon™ Processors,AMD Athlon™ Quad-Core APU,AMD,,1.6GHz,25.0,4,4,,28nm,,,,,,AMD,Boxed Processor,amd-spec-dataset
6238,AMD Opteron™,AMD Opteron™ 6200 Series Processor,AMD,,2.6GHz,115.0,12,12,,32nm,,,,,,AMD,Server,amd-spec-dataset
Sempron 3850 APU with Radeon R3 Series,AMD Sempron™,AMD Sempron™ Quad-Core APU,AMD,,1.3GHz,25.0,4,4,,28nm,,,,,,AMD,Boxed Processor,amd-spec-dataset
6234,AMD Opteron™,AMD Opteron™ 6200 Series Processor,AMD,,2.4GHz,115.0,12,12,,32nm,,,,,,AMD,Server,amd-spec-dataset
Sempron 2650 APU with Radeon R3 Series,AMD Sempron™,AMD Sempron™ Dual-Core APU,AMD,,1.45GHz,25.0,2,2,,28nm,,,,,,AMD,Boxed Processor,amd-spec-dataset
E2-7110 with Radeon R2 Graphics,AMD E-Series Processors,AMD E2-Series APU for Laptops,AMD,,1.8GHz,65.0,4,4,,28nm,,,,,,AMD,Laptop,amd-spec-dataset
6220,AMD Opteron™,AMD Opteron™ 6200 Series Processor,AMD,,3.0GHz,115.0,8,8,,32nm,,,,,,AMD,Server,amd-spec-dataset
E2-6110 with Radeon R2 Graphics,AMD E-Series Processors,AMD E2-Series APU for Laptops,AMD,,1.5GHz,15.0,4,4,,28nm,,,,,,AMD,Laptop,amd-spec-dataset
6212,AMD Opteron™,AMD Opteron™ 6200 Series Processor,AMD,,2.6GHz,115.0,8,8,,32nm,,,,,,AMD,Server,amd-spec-dataset
E2-3800 with Radeon HD 8280,AMD E-Series Processors,AMD E2-Series APU for Laptops,AMD,,1.3GHz,15.0,4,4,,28nm,,,,,,AMD,Laptop,amd-spec-dataset
6204,AMD Opteron™,AMD Opteron™ 6200 Series Processor,AMD,,3.3GHz,115.0,4,4,,32nm,,,,,,AMD,Server,amd-spec-dataset
E2-3000 with Radeon HD 8280,AMD E-Series Processors,AMD E2-Series APU for Laptops,AMD,,1.65GHz,15.0,2,2,,28nm,,,,,,AMD,Laptop,amd-spec-dataset
6180 SE,AMD Opteron™,AMD Opteron™ 6100 Series Processor,AMD,,2.5GHz,140.0,12,12,,,,,,,,AMD,Server,amd-spec-dataset
6176,AMD Opteron™,AMD Opteron™ 6100 Series Processor,AMD,,2.3GHz,115.0,12,12,,,,,,,,AMD,Server,amd-spec-dataset
6166 HE,AMD Opteron™,AMD Opteron™ 6100 Series Processor,AMD,,1.8GHz,85.0,12,12,,,,,,,,AMD,Server,amd-spec-dataset
6140,AMD Opteron™,AMD Opteron™ 6100 Series Processor,AMD,,2.6GHz,115.0,8,8,,,,,,,,AMD,Server,amd-spec-dataset
6132 HE,AMD Opteron™,AMD Opteron™ 6100 Series Processor,AMD,,2.2GHz,85.0,8,8,,,,,,,,AMD,Server,amd-spec-dataset
4386,AMD Opteron™,AMD Opteron™ 4300 Series Processor,AMD,,3.1GHz,95.0,8,8,,32nm,,,,,,AMD,Server,amd-spec-dataset
4376 HE,AMD Opteron™,AMD Opteron™ 4300 Series Processor,AMD,,2.6GHz,65.0,8,8,,32nm,,,,,,AMD,Server,amd-spec-dataset
4365,AMD Opteron™,AMD Opteron™ 4300 Series Processor,AMD,,2.0GHz,40.0,8,8,,32nm,,,,,,AMD,Server,amd-spec-dataset
4340,AMD Opteron™,AMD Opteron™ 4300 Series Processor,AMD,,3.5GHz,95.0,6,6,,32nm,,,,,,AMD,Server,amd-spec-dataset
4334,AMD Opteron™,AMD Opteron™ 4300 Series Processor,AMD,,3.1GHz,95.0,6,6,,32nm,,,,,,AMD,Server,amd-spec-dataset
E1-7010 with Radeon R2 Graphics,AMD E-Series Processors,AMD E1-Series APU for Laptops,AMD,,1.5GHz,10.0,2,2,,28nm,,,,,,AMD,Laptop,amd-spec-dataset
4332 HE,AMD Opteron™,AMD Opteron™ 4300 Series Processor,AMD,,3.0GHz,65.0,6,6,,32nm,,,,,,AMD,Server,amd-spec-dataset
E1 Micro-6200T with Radeon R2 Graphics,AMD E-Series Processors,AMD E1-Series APU for Laptops,AMD,,1.4GHz,3.95,2,2,,28nm,,,,,,AMD,"Laptop, Tablet",amd-spec-dataset
4310 EE,AMD Opteron™,AMD Opteron™ 4300 Series Processor,AMD,,2.2GHz,35.0,6,6,,32nm,,,,,,AMD,Server,amd-spec-dataset
4284,AMD Opteron™,AMD Opteron™ 4200 Series Processor,AMD,,3.0GHz,95.0,8,8,,32nm,,,,,,AMD,Server,amd-spec-dataset
4280,AMD Opteron™,AMD Opteron™ 4200 Series Processor,AMD,,2.8GHz,95.0,8,8,,32nm,,,,,,AMD,Server,amd-spec-dataset
E1-6010 with Radeon R2 Graphics,AMD E-Series Processors,AMD E1-Series APU for Laptops,AMD,,1.35GHz,10.0,2,2,,28nm,,,,,,AMD,Laptop,amd-spec-dataset
4276 HE,AMD Opteron™,AMD Opteron™ 4200 Series Processor,AMD,,2.6GHz,65.0,8,8,,32nm,,,,,,AMD,Server,amd-spec-dataset
E1-2500 with Radeon HD 8240,AMD E-Series Processors,AMD E1-Series APU for Laptops,AMD,,1.4GHz,15.0,2,2,,28nm,,,,,,AMD,Laptop,amd-spec-dataset
4274 HE,AMD Opteron™,AMD Opteron™ 4200 Series Processor,AMD,,2.5GHz,65.0,8,8,,32nm,,,,,,AMD,Server,amd-spec-dataset
E1-2200 with Radeon HD 8210,AMD E-Series Processors,AMD E1-Series APU for Laptops,AMD,,1.0GHz,9.0,2,2,,28nm,,,,,,AMD,Laptop,amd-spec-dataset
E1-2100 with Radeon HD 8210,AMD E-Series Processors,AMD E1-Series APU for Laptops,AMD,,1.0GHz,9.0,2,2,,28nm,,,,,,AMD,Laptop,amd-spec-dataset
4256 EE,AMD Opteron™,AMD Opteron™ 4200 Series Processor,AMD,,1.6GHz,35.0,8,8,,32nm,,,,,,AMD,Server,amd-spec-dataset
4240,AMD Opteron™,AMD Opteron™ 4200 Series Processor,AMD,,3.4GHz,95.0,6,6,,32nm,,,,,,AMD,Server,amd-spec-dataset
4238,AMD Opteron™,AMD Opteron™ 4200 Series Processor,AMD,,3.3GHz,95.0,6,6,,32nm,,,,,,AMD,Server,amd-spec-dataset
4234,AMD Opteron™,AMD Opteron™ 4200 Series Processor,AMD,,3.1GHz,95.0,6,6,,32nm,,,,,,AMD,Server,amd-spec-dataset
4230 HE,AMD Opteron™,AMD Opteron™ 4200 Series Processor,AMD,,2.9GHz,65.0,6,6,,32nm,,,,,,AMD,Server,amd-spec-dataset
4228 HE,AMD Opteron™,AMD Opteron™ 4200 Series Processor,AMD,,2.8GHz,65.0,6,6,,32nm,,,,,,AMD,Server,amd-spec-dataset
4226,AMD Opteron™,AMD Opteron™ 4200 Series Processor,AMD,,2.7GHz,95.0,6,6,,32nm,,,,,,AMD,Server,amd-spec-dataset
3380,AMD Opteron™,AMD Opteron™ 3300 Series Processor,AMD,,2.6GHz,65.0,8,8,,32nm,,,,,,AMD,Server,amd-spec-dataset
3365,AMD Opteron™,AMD Opteron™ 3300 Series Processor,AMD,,2.3GHz,65.0,8,8,,32nm,,,,,,AMD,Server,amd-spec-dataset
3350 HE,AMD Opteron™,AMD Opteron™ 3300 Series Processor,AMD,,2.8GHz,45.0,4,4,,32nm,,,,,,AMD,Server,amd-spec-dataset
3320 EE,AMD Opteron™,AMD Opteron™ 3300 Series Processor,AMD,,1.9GHz,25.0,4,4,,32nm,,,,,,AMD,Server,amd-spec-dataset
3280,AMD Opteron™,AMD Opteron™ 3200 Series Processor,AMD,,2.4GHz,65.0,8,8,,32nm,,,,,,AMD,Server,amd-spec-dataset
3260 HE,AMD Opteron™,AMD Opteron™ 3200 Series Processor,AMD,,2.7GHz,45.0,4,4,,32nm,,,,,,AMD,Server,amd-spec-dataset
AMD Opteron X2170,AMD Opteron™,AMD Opteron™ X2100 Series APU,AMD,,2.4GHz,25.0,4,4,,28nm,,,,,,AMD,Server,amd-spec-dataset
3250 HE,AMD Opteron™,AMD Opteron™ 3200 Series Processor,AMD,,2.5GHz,45.0,,,,32nm,,,,,,AMD,Server,amd-spec-dataset
AMD Opteron X2150 APU,AMD Opteron™,AMD Opteron™ X2100 Series APU,AMD,,1.9GHz,22.0,4,4,,28nm,,,,,,AMD,Server,amd-spec-dataset
TL-64,AMD Turion™,AMD Turion™ 64 X2 Dual-Core Mobile Technology,AMD,,2.2GHz,35.0,2,2,,,,,,,,AMD,Laptop,amd-spec-dataset
TL-60,AMD Turion™,AMD Turion™ 64 X2 Dual-Core Mobile Technology,AMD,,2.0GHz,31.0,2,2,,,,,,,,AMD,Laptop,amd-spec-dataset
TL-56,AMD Turion™,AMD Turion™ 64 X2 Dual-Core Mobile Technology,AMD,,1.8GHz,31.0,,,,,,,,,,AMD,Laptop,amd-spec-dataset
TL-52,AMD Turion™,AMD Turion™ 64 X2 Dual-Core Mobile Technology,AMD,,1.6GHz,31.0,2,2,,,,,,,,AMD,Laptop,amd-spec-dataset
Apple M3,,,TSMC,,,22.0,8,8,,,,,,,,Apple,Mobile/Desktop,apple-spec
Apple M3 Pro,,,TSMC,,,30.0,12,12,,,,,,,,Apple,Mobile/Desktop,apple-spec
Apple M3 Max,,,TSMC,,,78.0,16,16,,,,,,,,Apple,Mobile/Desktop,apple-spec
Apple M4,,,TSMC,,,22.0,10,10,,,,,,,,Apple,Mobile/Desktop,apple-spec
AMD A10 Micro-6700T APU,,,,Q2 2015,1.2 GHz,5.0,4,4,,,,,,,,AMD,FT3b,benchmark-spec-dataset
AMD A10 PRO-7350B APU,,,,Q2 2014,2.1 GHz,19.0,4,,,,,,,,,AMD,FP3,benchmark-spec-dataset
AMD A10 PRO-7800B APU,,,,Q4 2014,3.5 GHz,65.0,4,,,,,,,,,AMD,FM2+,benchmark-spec-dataset
AMD A10 PRO-7850B APU,,,,Q4 2014,3.7 GHz,95.0,4,,,,,,,,,AMD,FM2+,benchmark-spec-dataset
AMD A10-4600M APU,,,,Q2 2012,2.3 GHz,35.0,4,,,,,,,,,AMD,FS1r2,benchmark-spec-dataset
AMD A10-4655M APU,,,,Q3 2012,2.0 GHz,25.0,4,,,,,,,,,AMD,FP2,benchmark-spec-dataset
AMD A10-4657M APU,,,,Q2 2013,2.3 GHz,35.0,4,,,,,,,,,AMD,FP2,benchmark-spec-dataset
AMD A10-5700 APU,,,,Q2 2012,3.4 GHz,65.0,4,,,,,,,,,AMD,FM2,benchmark-spec-dataset
AMD A10-5745M APU,,,,Q3 2013,2.1 GHz,25.0,4,,,,,,,,,AMD,FP2,benchmark-spec-dataset
AMD A10-5750M APU,,,,Q2 2013,2.5 GHz,35.0,4,,,,,,,,,AMD,FS1r2,benchmark-spec-dataset
AMD A10-5757M APU,,,,Q3 2013,2.5 GHz,35.0,4,,,,,,,,,AMD,FP2,benchmark-spec-dataset
AMD A10-5800B APU,,,,Q3 2013,3.8 GHz,100.0,4,,,,,,,,,AMD,FM2,benchmark-spec-dataset
AMD A10-5800K APU,,,,Q4 2012,3.8 GHz,100.0,4,,,,,,,,,AMD,FM2,benchmark-spec-dataset
AMD A10-6700 APU,,,,Q2 2013,3.7 GHz,65.0,4,,,,,,,,,AMD,FM2,benchmark-spec-dataset
AMD A10-6700T APU,,,,Q2 2014,2.5 GHz,45.0,4,,,,,,,,,AMD,FM2,benchmark-spec-dataset
AMD A10-6790K APU,,,,Q4 2013,4.0 GHz,100.0,4,,,,,,,,,AMD,FM2,benchmark-spec-dataset
AMD A10-6800B APU,,,,Q1 2014,4.1 GHz,100.0,4,,,,,,,,,AMD,FM2,benchmark-spec-dataset
AMD A10-6800K APU,,,,Q2 2013,4.1 GHz,100.0,4,,,,,,,,,AMD,FM2,benchmark-spec-dataset
AMD A10-7300 APU,,,,Q3 2014,1.9 GHz,19.0,4,,,,,,,,,AMD,FP3,benchmark-spec-dataset
AMD A10-7400P,,,,Q4 2014,2.5 GHz,35.0,4,,,,,,,,,AMD,FP3,benchmark-spec-dataset
AMD A10-7700K APU,,,,Q1 2014,3.4 GHz,95.0,4,,,,,,,,,AMD,FM2+,benchmark-spec-dataset
AMD A10-7800 APU,,,,Q2 2014,3.5 GHz,65.0,4,,,,,,,,,AMD,FM2+,benchmark-spec-dataset
AMD A10-7850K APU,,,,Q1 2014,3.7 GHz,95.0,4,,,,,,,,,AMD,FM2+,benchmark-spec-dataset
AMD A10-7860K,,,,Q1 2016,3.6 GHz,65.0,4,,,,,,,,,AMD,FM2+,benchmark-spec-dataset
AMD A10-7870K,,,,Q2 2015,3.9 GHz,95.0,4,,,,,,,,,AMD,FM2+,benchmark-spec-dataset
AMD A10-7890K,,,,Q2 2016,4.1 GHz,95.0,4,,,,,,,,,AMD,FM2+,benchmark-spec-dataset
AMD A10-8700P,,,,Q3 2015,1.8 GHz,35.0,4,,,,,,,,,AMD,FP4,benchmark-spec-dataset
AMD A10-8750,,,,Q3 2015,3.6 GHz,65.0,4,,,,,,,,,AMD,FM2+,benchmark-spec-dataset
AMD A10-9600P,,,,Q2 2016,2.3 GHz,15.0,4,,,,,,,,,AMD,FP4,benchmark-spec-dataset
AMD A10-9620P,,,,Q3 2017,2.5 GHz,15.0,4,,,,,,,,,AMD,,benchmark-spec-dataset
AMD A10-9630P,,,,Q3 2016,2.6 GHz,35.0,4,,,,,,,,,AMD,FP4,benchmark-spec-dataset
AMD A12-9700P,,,,Q3 2016,2.5 GHz,15.0,4,,,,,,,,,AMD,FP4,benchmark-spec-dataset
AMD A12-9720P,,,,Q3 2017,2.7 GHz,15.0,4,,,,,,,,,AMD,FP4,benchmark-spec-dataset
AMD A12-9730P,,,,Q3 2017,2.8 GHz,35.0,4,,,,,,,,,AMD,FP4,benchmark-spec-dataset
AMD A4 Micro-6400T APU,,,,Q4 2014,1.0 GHz,4.5,4,4,,,,,,,,AMD,FT3b,benchmark-spec-dataset
AMD A4 PRO-3340B,,,,Q4 2015,2.2 GHz,25.0,4,4,,,,,,,,AMD,BGA769 (FT3),benchmark-spec-dataset
AMD A4 PRO-7300B APU,,,,Q4 2014,3.8 GHz,65.0,2,,,,,,,,,AMD,,benchmark-spec-dataset
AMD A4 PRO-7350B,,,,Q4 2014,3.4 GHz,65.0,2,,,,,,,,,AMD,FM2+,benchmark-spec-dataset
AMD A4-1200 APU,,,,Q4 2013,1.0 GHz,3.9,2,2,,,,,,,,AMD,FT3,benchmark-spec-dataset
AMD A4-1250 APU,,,,Q3 2013,1.0 GHz,8.0,2,2,,,,,,,,AMD,FT3,benchmark-spec-dataset
AMD A4-3300 APU,,,,Q4 2011,2.5 GHz,65.0,2,2,,,,,,,,AMD,FM1,benchmark-spec-dataset
AMD A4-3300M APU,,,,Q3 2011,1.9 GHz,65.0,2,2,,,,,,,,AMD,FM1,benchmark-spec-dataset
AMD A4-3305M APU,,,,Q1 2012,1.9 GHz,35.0,2,2,,,,,,,,AMD,FS1,benchmark-spec-dataset
AMD A4-3310MX APU,,,,Q4 2011,2.1 GHz,45.0,2,2,,,,,,,,AMD,FS1,benchmark-spec-dataset
AMD A4-3320M APU,,,,Q1 2012,2.0 GHz,35.0,2,2,,,,,,,,AMD,FS1,benchmark-spec-dataset
AMD A4-3330MX APU,,,,Q1 2013,2.2 GHz,45.0,2,2,,,,,,,,AMD,FS1 uPGA,benchmark-spec-dataset
AMD A4-3400 APU,,,,Q3 2011,2.7 GHz,65.0,2,2,,,,,,,,AMD,FM1,benchmark-spec-dataset
AMD A4-3420 APU,,,,Q1 2012,2.8 GHz,65.0,2,2,,,,,,,,AMD,FM1,benchmark-spec-dataset
AMD A4-4000 APU,,,,Q2 2013,3.0 GHz,65.0,2,,,,,,,,,AMD,FM2,benchmark-spec-dataset
AMD A4-4020 APU,,,,Q3 2014,3.2 GHz,65.0,2,,,,,,,,,AMD,FM2,benchmark-spec-dataset
AMD A4-4300M APU,,,,Q2 2012,2.5 GHz,35.0,2,,,,,,,,,AMD,FS1,benchmark-spec-dataset
AMD A4-4355M APU,,,,Q4 2012,1.9 GHz,17.0,2,,,,,,,,,AMD,FP2,benchmark-spec-dataset
AMD A4-5000 APU,,,,Q3 2013,1.5 GHz,15.0,4,4,,,,,,,,AMD,FT3,benchmark-spec-dataset
AMD A4-5050 APU,,,,Q2 2017,1.6 GHz,13.5,4,4,,,,,,,,AMD,FT3,benchmark-spec-dataset
AMD A4-5100 APU,,,,Q3 2015,1.6 GHz,15.0,4,4,,,,,,,,AMD,FT3,benchmark-spec-dataset
AMD A4-5150M APU,,,,Q3 2013,2.7 GHz,35.0,2,,,,,,,,,AMD,FS1r2,benchmark-spec-dataset
AMD A4-5300 APU,,,,Q4 2012,3.4 GHz,65.0,2,,,,,,,,,AMD,FM2,benchmark-spec-dataset
AMD A4-5300B APU,,,,Q4 2012,3.4 GHz,65.0,2,,,,,,,,,AMD,FM2,benchmark-spec-dataset
AMD A4-6210 APU,,,,Q3 2014,1.8 GHz,15.0,4,4,,,,,,,,AMD,FT3b,benchmark-spec-dataset
AMD A4-6250J APU,,,,Q4 2014,2.0 GHz,25.0,4,4,,,,,,,,AMD,,benchmark-spec-dataset
AMD A4-6300 APU,,,,Q4 2013,3.7 GHz,65.0,2,,,,,,,,,AMD,FM2,benchmark-spec-dataset
AMD A4-6300B APU,,,,Q4 2013,3.7 GHz,65.0,2,,,,,,,,,AMD,,benchmark-spec-dataset
AMD A4-6320 APU,,,,Q2 2014,3.8 GHz,65.0,2,,,,,,,,,AMD,FM2,benchmark-spec-dataset
AMD A4-7210 APU,,,,Q3 2015,1.8 GHz,25.0,4,4,,,,,,,,AMD,BGA,benchmark-spec-dataset
AMD A4-7300 APU,,,,Q3 2014,3.8 GHz,65.0,2,,,,,,,,,AMD,FM2,benchmark-spec-dataset
AMD A4-9120,,,,Q3 2017,2.2 GHz,15.0,2,,,,,,,,,AMD,BGA,benchmark-spec-dataset
AMD A4-9120C,,,,Q3 2019,1.6 GHz,6.0,2,,,,,,,,,AMD,FT4,benchmark-spec-dataset
AMD A4-9125,,,,Q4 2018,2.3 GHz,15.0,2,,,,,,,,,AMD,BGA (FT4),benchmark-spec-dataset
AMD A6 PRO-7050B APU,,,,Q3 2014,2.2 GHz,17.0,2,,,,,,,,,AMD,FP3,benchmark-spec-dataset
AMD A6 PRO-7400B,,,,Q4 2014,3.5 GHz,65.0,2,,,,,,,,,AMD,FM2+,benchmark-spec-dataset
AMD A6-1450 APU,,,,Q2 2013,1.0 GHz,8.0,4,4,,,,,,,,AMD,FT3,benchmark-spec-dataset
AMD A6-3400M APU,,,,Q2 2011,1.4 GHz,35.0,4,4,,,,,,,,AMD,FS1,benchmark-spec-dataset
AMD A6-3410MX APU,,,,Q3 2011,1.6 GHz,45.0,4,4,,,,,,,,AMD,FS1,benchmark-spec-dataset
AMD A6-3420M APU,,,,Q1 2012,1.5 GHz,35.0,4,4,,,,,,,,AMD,FS1,benchmark-spec-dataset
AMD A6-3430MX APU,,,,Q1 2012,1.7 GHz,45.0,4,4,,,,,,,,AMD,FS1,benchmark-spec-dataset
AMD A6-3500 APU,,,,Q3 2011,2.1 GHz,65.0,3,3,,,,,,,,AMD,FM1,benchmark-spec-dataset
AMD A6-3600 APU,,,,Q4 2011,2.1 GHz,65.0,4,4,,,,,,,,AMD,FM1,benchmark-spec-dataset
AMD A6-3620 APU,,,,Q1 2012,2.2 GHz,65.0,4,4,,,,,,,,AMD,FM1,benchmark-spec-dataset
AMD A6-3650 APU,,,,Q3 2011,2.6 GHz,100.0,4,4,,,,,,,,AMD,FM1,benchmark-spec-dataset
AMD A6-3670 APU,,,,Q1 2012,2.7 GHz,100.0,4,4,,,,,,,,AMD,FM1,benchmark-spec-dataset
AMD A6-4400M APU,,,,Q2 2012,2.7 GHz,35.0,2,,,,,,,,,AMD,FS1r2,benchmark-spec-dataset
AMD A6-4455M APU,,,,Q3 2012,2.1 GHz,17.0,2,,,,,,,,,AMD,FP2,benchmark-spec-dataset
AMD A6-5200 APU,,,,Q3 2013,2.0 GHz,25.0,4,4,,,,,,,,AMD,FT3,benchmark-spec-dataset
AMD A6-5345M APU,,,,Q2 2014,2.2 GHz,17.0,2,,,,,,,,,AMD,FP2,benchmark-spec-dataset
AMD A6-5350M APU,,,,Q3 2013,2.9 GHz,35.0,2,,,,,,,,,AMD,FS1r2,benchmark-spec-dataset
AMD A6-5357M APU,,,,Q4 2013,2.9 GHz,35.0,2,,,,,,,,,AMD,FP2,benchmark-spec-dataset
AMD A6-5400B APU,,,,Q4 2013,3.6 GHz,65.0,2,,,,,,,,,AMD,FM2,benchmark-spec-dataset
AMD A6-5400K APU,,,,Q4 2012,3.6 GHz,65.0,2,,,,,,,,,AMD,FM2,benchmark-spec-dataset
AMD A6-6310 APU,,,,Q3 2014,1.8 GHz,15.0,4,4,,,,,,,,AMD,FT3,benchmark-spec-dataset
AMD A6-6400B APU,,,,Q1 2014,3.9 GHz,65.0,2,,,,,,,,,AMD,FM2,benchmark-spec-dataset
AMD A6-6400K APU,,,,Q3 2013,3.9 GHz,65.0,2,,,,,,,,,AMD,FM2,benchmark-spec-dataset
AMD A6-6420B APU,,,,Q4 2014,4.0 GHz,65.0,2,,,,,,,,,AMD,FM2,benchmark-spec-dataset
AMD A6-6420K APU,,,,Q4 2014,4.0 GHz,65.0,2,,,,,,,,,AMD,FM2,benchmark-spec-dataset
AMD A6-7000,,,,Q1 2015,2.2 GHz,17.0,2,,,,,,,,,AMD,FP3,benchmark-spec-dataset
AMD A6-7310 APU,,,,Q2 2015,2.0 GHz,25.0,4,4,,,,,,,,AMD,,benchmark-spec-dataset
AMD A6-7400K APU,,,,Q4 2014,3.5 GHz,65.0,2,,,,,,,,,AMD,FM2+,benchmark-spec-dataset
AMD A6-7470K,,,,Q2 2016,3.7 GHz,65.0,2,,,,,,,,,AMD,FM2+,benchmark-spec-dataset
AMD A6-8500P,,,,Q2 2016,1.6 GHz,15.0,2,,,,,,,,,AMD,BGA (FP4),benchmark-spec-dataset
AMD A6-8550,,,,Q4 2015,3.7 GHz,65.0,2,,,,,,,,,AMD,FM2+,benchmark-spec-dataset
AMD A6-9200,,,,Q1 2018,2.0 GHz,10.0,2,,,,,,,,,AMD,BGA,benchmark-spec-dataset
AMD A6-9210,,,,Q3 2016,2.4 GHz,15.0,2,,,,,,,,,AMD,FP4,benchmark-spec-dataset
AMD A6-9220,,,,Q3 2017,2.5 GHz,15.0,2,,,,,,,,,AMD,,benchmark-spec-dataset
AMD A6-9220C,,,,Q2 2019,1.8 GHz,6.0,2,,,,,,,,,AMD,FT4,benchmark-spec-dataset
AMD A6-9225,,,,Q3 2018,2.6 GHz,15.0,2,,,,,,,,,AMD,BGA (FT4),benchmark-spec-dataset
AMD A6-9230,,,,Q3 2017,2.6 GHz,15.0,2,,,,,,,,,AMD,,benchmark-spec-dataset
AMD A6-9500,,,,Q4 2016,3.5 GHz,65.0,2,,,,,,,,,AMD,AM4,benchmark-spec-dataset
AMD A6-9500E,,,,Q4 2018,3.0 GHz,35.0,2,,,,,,,,,AMD,AM4,benchmark-spec-dataset
AMD A8 PRO-7150B APU,,,,Q3 2014,1.9 GHz,19.0,4,,,,,,,,,AMD,FP3,benchmark-spec-dataset
AMD A8 PRO-7600B APU,,,,Q3 2014,3.1 GHz,65.0,4,,,,,,,,,AMD,FM2+,benchmark-spec-dataset
AMD A8-3500M APU,,,,Q3 2011,1.5 GHz,35.0,4,4,,,,,,,,AMD,FS1,benchmark-spec-dataset
AMD A8-3510MX APU,,,,Q3 2011,1.8 GHz,45.0,4,4,,,,,,,,AMD,FS1,benchmark-spec-dataset
AMD A8-3520M APU,,,,Q1 2012,1.6 GHz,35.0,4,4,,,,,,,,AMD,FS1,benchmark-spec-dataset
AMD A8-3530MX APU,,,,Q3 2011,1.9 GHz,45.0,4,4,,,,,,,,AMD,FS1,benchmark-spec-dataset
AMD A8-3550MX APU,,,,Q1 2012,2.0 GHz,45.0,4,4,,,,,,,,AMD,FS1,benchmark-spec-dataset
AMD A8-3800 APU,,,,Q3 2011,2.4 GHz,65.0,4,4,,,,,,,,AMD,FM1,benchmark-spec-dataset
AMD A8-3820 APU,,,,Q1 2012,2.5 GHz,65.0,4,4,,,,,,,,AMD,FM1,benchmark-spec-dataset
AMD A8-3850 APU,,,,Q2 2011,2.9 GHz,100.0,4,4,,,,,,,,AMD,FM1,benchmark-spec-dataset
AMD A8-3870K APU,,,,Q4 2011,3.0 GHz,100.0,4,4,,,,,,,,AMD,FM1,benchmark-spec-dataset
AMD A8-4500M APU,,,,Q2 2012,1.9 GHz,35.0,4,,,,,,,,,AMD,FS1r2,benchmark-spec-dataset
AMD A8-4555M APU,,,,Q4 2012,1.6 GHz,19.0,4,,,,,,,,,AMD,FP2,benchmark-spec-dataset
AMD A8-5500 APU,,,,Q2 2012,3.2 GHz,65.0,4,,,,,,,,,AMD,FM2,benchmark-spec-dataset
AMD A8-5500B APU,,,,Q1 2013,3.2 GHz,65.0,4,,,,,,,,,AMD,FM2,benchmark-spec-dataset
AMD A8-5545M APU,,,,Q3 2013,1.7 GHz,19.0,4,,,,,,,,,AMD,FP2,benchmark-spec-dataset
AMD A8-5550M APU,,,,Q3 2013,2.1 GHz,35.0,4,,,,,,,,,AMD,FS1r2,benchmark-spec-dataset
AMD A8-5557M APU,,,,Q3 2013,2.1 GHz,35.0,4,,,,,,,,,AMD,FP2,benchmark-spec-dataset
AMD A8-5600K APU,,,,Q4 2012,3.6 GHz,100.0,4,,,,,,,,,AMD,FM2,benchmark-spec-dataset
AMD A8-6410 APU,,,,Q2 2014,2.0 GHz,15.0,4,4,,,,,,,,AMD,BGA769 (FT3b),benchmark-spec-dataset
AMD A8-6500 APU,,,,Q3 2013,3.5 GHz,65.0,4,,,,,,,,,AMD,FM2,benchmark-spec-dataset
AMD A8-6500B APU,,,,Q2 2014,3.5 GHz,65.0,4,,,,,,,,,AMD,FM2,benchmark-spec-dataset
AMD A8-6500T APU,,,,Q1 2014,2.1 GHz,45.0,4,,,,,,,,,AMD,FM2,benchmark-spec-dataset
AMD A8-6600K APU,,,,Q2 2013,3.9 GHz,100.0,4,,,,,,,,,AMD,FM2,benchmark-spec-dataset
AMD A8-7050,,,,Q1 2016,1.8 GHz,15.0,2,,,,,,,,,AMD,,benchmark-spec-dataset
AMD A8-7100 APU,,,,Q3 2014,1.8 GHz,19.0,4,,,,,,,,,AMD,FP3,benchmark-spec-dataset
AMD A8-7200P,,,,Q3 2015,2.4 GHz,35.0,4,,,,,,,,,AMD,FP3,benchmark-spec-dataset
AMD A8-7410 APU,,,,Q2 2015,2.2 GHz,25.0,4,4,,,,,,,,AMD,,benchmark-spec-dataset
AMD A8-7500,,,,Q2 2016,3.0 GHz,65.0,4,,,,,,,,,AMD,FM2+,benchmark-spec-dataset
AMD A8-7600 APU,,,,Q3 2014,3.1 GHz,65.0,4,,,,,,,,,AMD,FM2+,benchmark-spec-dataset
AMD A8-7650K,,,,Q1 2015,3.3 GHz,65.0,4,,,,,,,,,AMD,FM2+,benchmark-spec-dataset
AMD A8-7670K,,,,Q3 2015,3.6 GHz,95.0,4,,,,,,,,,AMD,FM2+,benchmark-spec-dataset
AMD A8-7690K,,,,Q2 2023,3.7 GHz,95.0,4,,,,,,,,,AMD,FM2+,benchmark-spec-dataset
AMD A8-8600P,,,,Q3 2015,1.6 GHz,15.0,4,,,,,,,,,AMD,FP4,benchmark-spec-dataset
AMD A8-8650,,,,Q4 2015,3.2 GHz,65.0,4,,,,,,,,,AMD,FM2+,benchmark-spec-dataset
AMD A9-9400,,,,Q4 2016,2.4 GHz,10.0,2,,,,,,,,,AMD,FP4,benchmark-spec-dataset
AMD A9-9410,,,,Q3 2016,2.9 GHz,25.0,2,,,,,,,,,AMD,FP4,benchmark-spec-dataset
AMD A9-9420,,,,Q3 2017,3.0 GHz,15.0,2,,,,,,,,,AMD,,benchmark-spec-dataset
AMD A9-9425,,,,Q2 2018,3.1 GHz,15.0,2,,,,,,,,,AMD,BGA (FT4),benchmark-spec-dataset
AMD Athlon 1640B,,,,Q2 2009,2.7 GHz,45.0,1,1,,,,,,,,AMD,AM2,benchmark-spec-dataset
AMD Athlon 2650e,,,,Q1 2009,1.6 GHz,15.0,1,1,,,,,,,,AMD,AM2,benchmark-spec-dataset
AMD Athlon 2800+,,,,Q1 2009,2.1 GHz,89.0,1,1,,,,,,,,AMD,754,benchmark-spec-dataset
AMD Athlon 2850e,,,,Q4 2009,1.8 GHz,22.0,1,1,,,,,,,,AMD,AM2,benchmark-spec-dataset
AMD Athlon 5000 Dual-Core,,,,Q4 2009,2.2 GHz,65.0,2,2,,,,,,,,AMD,AM2.AM2+,benchmark-spec-dataset
AMD Athlon 5150 APU,,,,Q2 2014,1.6 GHz,25.0,4,4,,,,,,,,AMD,AM1.FS1b,benchmark-spec-dataset
AMD Athlon 5200 Dual-Core,,,,Q4 2010,2.7 GHz,75.0,2,2,,,,,,,,AMD,AM2,benchmark-spec-dataset
AMD Athlon 5350 APU,,,,Q1 2014,2.1 GHz,25.0,4,4,,,,,,,,AMD,AM1.FS1B,benchmark-spec-dataset
AMD Athlon 5370 APU,,,,Q2 2016,2.2 GHz,25.0,4,4,,,,,,,,AMD,AM1.FS1B,benchmark-spec-dataset
AMD Athlon 64 2000+,,,,Q4 2013,1.0 GHz,8.0,1,1,,,,,,,,AMD,,benchmark-spec-dataset
AMD Athlon 64 2600+,,,,Q4 2013,1.6 GHz,15.0,1,1,,,,,,,,AMD,,benchmark-spec-dataset
AMD Athlon 64 2800+,,,,Q1 2009,1.8 GHz,89.0,1,1,,,,,,,,AMD,754,benchmark-spec-dataset
AMD Athlon 64 3000+,,,,Q4 2008,2.0 GHz,89.0,1,1,,,,,,,,AMD,Socket 754,benchmark-spec-dataset
AMD Athlon 64 3100+,,,,Q1 2015,1.8 GHz,89.0,1,1,,,,,,,,AMD,754,benchmark-spec-dataset
AMD Athlon 64 3200+,,,,Q4 2008,2.2 GHz,62.0,1,1,,,,,,,,AMD,AM2,benchmark-spec-dataset
AMD Athlon 64 3400+,,,,Q1 2009,2.4 GHz,89.0,1,1,,,,,,,,AMD,754,benchmark-spec-dataset
AMD Athlon 64 3500+,,,,Q4 2008,2.2 GHz,45.0,1,1,,,,,,,,AMD,AM2,benchmark-spec-dataset
AMD Athlon 64 3700+,,,,Q4 2008,2.2 GHz,89.0,1,1,,,,,,,,AMD,939,benchmark-spec-dataset
AMD Athlon 64 3800+,,,,Q1 2009,2.4 GHz,45.0,1,1,,,,,,,,AMD,AM2,benchmark-spec-dataset
AMD Athlon 64 4000+,,,,Q4 2008,2.6 GHz,62.0,1,1,,,,,,,,AMD,AM2,benchmark-spec-dataset
AMD Athlon 64 FX-55,,,,Q1 2009,2.6 GHz,104.0,1,1,,,,,,,,AMD,939,benchmark-spec-dataset
AMD Athlon 64 FX-57,,,,Q1 2009,2.8 GHz,104.0,1,1,,,,,,,,AMD,939,benchmark-spec-dataset
AMD Athlon 64 FX-60 Dual Core,,,,Q1 2009,2.6 GHz,110.0,2,2,,,,,,,,AMD,939,benchmark-spec-dataset
AMD Athlon 64 FX-62 Dual Core,,,,Q1 2009,2.8 GHz,125.0,2,2,,,,,,,,AMD,AM2,benchmark-spec-dataset
AMD Athlon 64 FX-74,,,,Q1 2009,3.0 GHz,125.0,2,2,,,,,,,,AMD,F (1207),benchmark-spec-dataset
AMD Athlon 64 X2 3800+,,,,Q2 2010,2.0 GHz,89.0,2,2,,,,,,,,AMD,939,benchmark-spec-dataset
AMD Athlon 64 X2 Dual Core 3400+,,,,Q4 2010,2.2 GHz,89.0,2,2,,,,,,,,AMD,754,benchmark-spec-dataset
AMD Athlon 64 X2 Dual Core 3600+,,,,Q4 2008,2.0 GHz,65.0,2,2,,,,,,,,AMD,AM2,benchmark-spec-dataset
AMD Athlon 64 X2 Dual Core 3800+,,,,Q4 2008,2.0 GHz,89.0,2,2,,,,,,,,AMD,AM2,benchmark-spec-dataset
AMD Athlon 64 X2 Dual Core 4000+,,,,Q4 2008,2.1 GHz,65.0,2,2,,,,,,,,AMD,AM2,benchmark-spec-dataset
AMD Athlon 64 X2 Dual Core 4200+,,,,Q4 2008,2.2 GHz,89.0,2,2,,,,,,,,AMD,AM2,benchmark-spec-dataset
AMD Athlon 64 X2 Dual Core 4400+,,,,Q4 2008,2.3 GHz,65.0,2,2,,,,,,,,AMD,AM2,benchmark-spec-dataset
AMD Athlon 64 X2 Dual Core 4600+,,,,Q4 2008,2.4 GHz,65.0,2,2,,,,,,,,AMD,AM2,benchmark-spec-dataset
AMD Athlon 64 X2 Dual Core 4800+,,,,Q4 2008,2.5 GHz,65.0,2,2,,,,,,,,AMD,AM2,benchmark-spec-dataset
AMD Athlon 64 X2 Dual Core 5000+,,,,Q4 2008,2.6 GHz,65.0,2,2,,,,,,,,AMD,AM2,benchmark-spec-dataset
AMD Athlon 64 X2 Dual Core 5200+,,,,Q4 2008,2.7 GHz,65.0,2,2,,,,,,,,AMD,AM2,benchmark-spec-dataset
AMD Athlon 64 X2 Dual Core 5400+,,,,Q4 2008,2.8 GHz,65.0,2,2,,,,,,,,AMD,AM2,benchmark-spec-dataset
AMD Athlon 64 X2 Dual Core 5600+,,,,Q4 2008,2.8 GHz,89.0,2,2,,,,,,,,AMD,AM2,benchmark-spec-dataset
AMD Athlon 64 X2 Dual Core 5800+,,,,Q1 2009,3.0 GHz,89.0,2,2,,,,,,,,AMD,,benchmark-spec-dataset
AMD Athlon 64 X2 Dual Core 6000+,,,,Q4 2008,3.0 GHz,89.0,2,2,,,,,,,,AMD,AM2,benchmark-spec-dataset
AMD Athlon 64 X2 Dual Core 6400+,,,,Q4 2008,3.2 GHz,125.0,2,2,,,,,,,,AMD,AM2,benchmark-spec-dataset
AMD Athlon 64 X2 Dual Core BE-2300,,,,Q4 2011,1.9 GHz,45.0,2,2,,,,,,,,AMD,AM2,benchmark-spec-dataset
AMD Athlon 64 X2 Dual Core BE-2350,,,,Q2 2009,2.1 GHz,45.0,2,2,,,,,,,,AMD,AM2,benchmark-spec-dataset
AMD Athlon 64 X2 Dual-Core TK-42,,,,Q3 2009,1.6 GHz,20.0,2,2,,,,,,,,AMD,,benchmark-spec-dataset
AMD Athlon 64 X2 Dual-Core TK-53,,,,Q1 2009,1.7 GHz,31.0,2,2,,,,,,,,AMD,,benchmark-spec-dataset
AMD Athlon 64 X2 Dual-Core TK-55,,,,Q4 2008,1.8 GHz,35.0,2,2,,,,,,,,AMD,,benchmark-spec-dataset
AMD Athlon 64 X2 Dual-Core TK-57,,,,Q1 2009,1.9 GHz,31.0,2,2,,,,,,,,AMD,,benchmark-spec-dataset
AMD Athlon 64 X2 QL-60,,,,Q1 2009,1.9 GHz,35.0,2,2,,,,,,,,AMD,S1,benchmark-spec-dataset
AMD Athlon 64 X2 QL-62,,,,Q1 2009,2.0 GHz,35.0,2,2,,,,,,,,AMD,S1,benchmark-spec-dataset
AMD Athlon 64 X2 QL-64,,,,Q1 2009,2.1 GHz,35.0,2,2,,,,,,,,AMD,S1,benchmark-spec-dataset
AMD Athlon 64 X2 QL-65,,,,Q4 2009,2.1 GHz,35.0,2,2,,,,,,,,AMD,S1,benchmark-spec-dataset
AMD Athlon 64 X2 QL-66,,,,Q4 2009,2.2 GHz,35.0,2,2,,,,,,,,AMD,S1,benchmark-spec-dataset
AMD Athlon 64 X2 QL-67,,,,Q4 2009,2.2 GHz,35.0,2,2,,,,,,,,AMD,S1,benchmark-spec-dataset
AMD Athlon 7450 Dual-Core,,,,Q2 2009,2.4 GHz,95.0,2,2,,,,,,,,AMD,AM2+,benchmark-spec-dataset
AMD Athlon 7550 Dual-Core,,,,Q2 2009,2.5 GHz,95.0,2,2,,,,,,,,AMD,AM2+,benchmark-spec-dataset
AMD Athlon 7750 Dual-Core,,,,Q1 2009,2.7 GHz,95.0,2,2,,,,,,,,AMD,AM2+,benchmark-spec-dataset
AMD Athlon 7850 Dual-Core,,,,Q2 2009,2.8 GHz,95.0,2,2,,,,,,,,AMD,AM2+,benchmark-spec-dataset
AMD Athlon Dual Core 4050e,,,,Q1 2009,2.1 GHz,45.0,2,2,,,,,,,,AMD,AM2,benchmark-spec-dataset
AMD Athlon Dual Core 4450B,,,,Q1 2009,2.3 GHz,45.0,2,2,,,,,,,,AMD,AM2+,benchmark-spec-dataset
AMD Athlon Dual Core 4450e,,,,Q1 2009,2.3 GHz,45.0,2,2,,,,,,,,AMD,AM2,benchmark-spec-dataset
AMD Athlon Dual Core 4850B,,,,Q4 2010,2.5 GHz,45.0,2,2,,,,,,,,AMD,AM2+,benchmark-spec-dataset
AMD Athlon Dual Core 4850e,,,,Q1 2009,2.5 GHz,45.0,2,2,,,,,,,,AMD,AM2,benchmark-spec-dataset
AMD Athlon Dual Core 5000B,,,,Q2 2009,2.6 GHz,65.0,2,2,,,,,,,,AMD,AM2,benchmark-spec-dataset
AMD Athlon Dual Core 5050e,,,,Q1 2009,2.6 GHz,45.0,2,2,,,,,,,,AMD,AM2,benchmark-spec-dataset
AMD Athlon Dual Core 5200B,,,,Q2 2009,2.7 GHz,65.0,2,2,,,,,,,,AMD,AM2,benchmark-spec-dataset
AMD Athlon Dual Core 5400B,,,,Q2 2009,2.8 GHz,65.0,2,2,,,,,,,,AMD,AM2,benchmark-spec-dataset
AMD Athlon Dual Core 5600B,,,,Q1 2012,2.9 GHz,65.0,2,2,,,,,,,,AMD,AM2+,benchmark-spec-dataset
AMD Athlon Gold PRO 4150GE,,,,Q3 2022,3.3 GHz,35.0,4,4,,,,,,,,AMD,FP6,benchmark-spec-dataset
AMD Athlon II 160u,,,,Q2 2010,1.8 GHz,20.0,1,1,,,,,,,,AMD,,benchmark-spec-dataset
AMD Athlon II 170u,,,,Q4 2010,2.0 GHz,20.0,1,1,,,,,,,,AMD,AM2+.AM3,benchmark-spec-dataset
AMD Athlon II Dual-Core M300,,,,Q4 2009,2.0 GHz,35.0,2,2,,,,,,,,AMD,,benchmark-spec-dataset
AMD Athlon II Dual-Core M320,,,,Q4 2009,2.1 GHz,35.0,2,2,,,,,,,,AMD,,benchmark-spec-dataset
AMD Athlon II Dual-Core M340,,,,Q2 2010,2.2 GHz,35.0,2,2,,,,,,,,AMD,,benchmark-spec-dataset
AMD Athlon II N330 Dual-Core,,,,Q3 2010,2.3 GHz,35.0,2,2,,,,,,,,AMD,,benchmark-spec-dataset
AMD Athlon II N350 Dual-Core,,,,Q4 2010,2.4 GHz,35.0,2,2,,,,,,,,AMD,,benchmark-spec-dataset
AMD Athlon II N370 Dual-Core,,,,Q2 2012,2.5 GHz,35.0,2,2,,,,,,,,AMD,S1g4,benchmark-spec-dataset
AMD Athlon II Neo K125,,,,Q2 2010,1.7 GHz,12.0,1,1,,,,,,,,AMD,S1,benchmark-spec-dataset
AMD Athlon II Neo K145,,,,Q1 2011,1.8 GHz,12.0,1,1,,,,,,,,AMD,S1,benchmark-spec-dataset
AMD Athlon II Neo K325 Dual-Core,,,,Q2 2010,1.3 GHz,12.0,2,2,,,,,,,,AMD,,benchmark-spec-dataset
AMD Athlon II Neo K345 Dual-Core,,,,Q1 2011,1.4 GHz,12.0,2,2,,,,,,,,AMD,,benchmark-spec-dataset
AMD Athlon II Neo N36L Dual-Core,,,,Q4 2010,1.3 GHz,12.0,2,2,,,,,,,,AMD,,benchmark-spec-dataset
AMD Athlon II P320 Dual-Core,,,,Q2 2010,2.1 GHz,25.0,2,2,,,,,,,,AMD,,benchmark-spec-dataset
AMD Athlon II P340 Dual-Core,,,,Q4 2010,2.2 GHz,25.0,2,2,,,,,,,,AMD,S1g4,benchmark-spec-dataset
AMD Athlon II P360 Dual-Core,,,,Q1 2011,2.3 GHz,25.0,2,2,,,,,,,,AMD,S1g4,benchmark-spec-dataset
AMD Athlon II X2 210e,,,,Q4 2010,2.6 GHz,45.0,2,2,,,,,,,,AMD,AM3,benchmark-spec-dataset
AMD Athlon II X2 215,,,,Q3 2009,2.7 GHz,65.0,2,2,,,,,,,,AMD,AM3,benchmark-spec-dataset
AMD Athlon II X2 220,,,,Q2 2010,2.8 GHz,65.0,2,2,,,,,,,,AMD,AM3,benchmark-spec-dataset
AMD Athlon II X2 235e,,,,Q4 2009,2.7 GHz,45.0,2,2,,,,,,,,AMD,AM3,benchmark-spec-dataset
AMD Athlon II X2 240,,,,Q3 2009,2.8 GHz,65.0,2,2,,,,,,,,AMD,AM3,benchmark-spec-dataset
AMD Athlon II X2 240e,,,,Q4 2009,2.8 GHz,45.0,2,2,,,,,,,,AMD,AM3,benchmark-spec-dataset
AMD Athlon II X2 245,,,,Q3 2009,2.9 GHz,65.0,2,2,,,,,,,,AMD,AM2+/AM3,benchmark-spec-dataset
AMD Athlon II X2 245e,,,,Q1 2011,2.9 GHz,45.0,2,2,,,,,,,,AMD,AM3,benchmark-spec-dataset
AMD Athlon II X2 250,,,,Q2 2009,3.0 GHz,65.0,2,2,,,,,,,,AMD,AM3,benchmark-spec-dataset
AMD Athlon II X2 250e,,,,Q2 2011,3.0 GHz,45.0,2,2,,,,,,,,AMD,AM3,benchmark-spec-dataset
AMD Athlon II X2 250u,,,,Q1 2010,1.6 GHz,25.0,2,2,,,,,,,,AMD,AM3,benchmark-spec-dataset
AMD Athlon II X2 255,,,,Q1 2010,3.1 GHz,65.0,2,2,,,,,,,,AMD,AM3,benchmark-spec-dataset
AMD Athlon II X2 260,,,,Q3 2010,3.2 GHz,65.0,2,2,,,,,,,,AMD,AM3,benchmark-spec-dataset
AMD Athlon II X2 260u,,,,Q4 2010,1.8 GHz,25.0,2,2,,,,,,,,AMD,AM3,benchmark-spec-dataset
AMD Athlon II X2 265,,,,Q4 2010,3.3 GHz,65.0,2,2,,,,,,,,AMD,AM3,benchmark-spec-dataset
AMD Athlon II X2 270,,,,Q3 2011,3.4 GHz,65.0,2,2,,,,,,,,AMD,AM3,benchmark-spec-dataset
AMD Athlon II X2 270u,,,,Q4 2010,2.0 GHz,25.0,2,2,,,,,,,,AMD,AM3,benchmark-spec-dataset
AMD Athlon II X2 280,,,,Q1 2013,3.6 GHz,65.0,2,2,,,,,,,,AMD,AM3,benchmark-spec-dataset
AMD Athlon II X2 4300e,,,,Q1 2012,2.6 GHz,13.0,2,2,,,,,,,,AMD,,benchmark-spec-dataset
AMD Athlon II X2 4400e,,,,Q3 2009,2.7 GHz,37.0,2,2,,,,,,,,AMD,,benchmark-spec-dataset
AMD Athlon II X2 4450e,,,,Q3 2010,2.3 GHz,45.0,2,2,,,,,,,,AMD,AM2,benchmark-spec-dataset
AMD Athlon II X2 B22,,,,Q1 2010,2.8 GHz,65.0,2,2,,,,,,,,AMD,AM3,benchmark-spec-dataset
AMD Athlon II X2 B24,,,,Q1 2010,3.0 GHz,65.0,2,2,,,,,,,,AMD,AM3,benchmark-spec-dataset
AMD Athlon II X2 B26,,,,Q3 2011,3.2 GHz,65.0,2,2,,,,,,,,AMD,,benchmark-spec-dataset
AMD Athlon II X2 B28,,,,Q3 2012,3.4 GHz,65.0,2,2,,,,,,,,AMD,AM3,benchmark-spec-dataset
AMD Athlon II X3 400e,,,,Q4 2009,2.2 GHz,45.0,3,3,,,,,,,,AMD,AM3,benchmark-spec-dataset
AMD Athlon II X3 405e,,,,Q1 2010,2.3 GHz,45.0,3,3,,,,,,,,AMD,AM3,benchmark-spec-dataset
AMD Athlon II X3 415e,,,,Q4 2010,2.5 GHz,45.0,3,3,,,,,,,,AMD,AM3,benchmark-spec-dataset
AMD Athlon II X3 420e,,,,Q2 2011,2.6 GHz,45.0,3,3,,,,,,,,AMD,AM3,benchmark-spec-dataset
AMD Athlon II X3 425,,,,Q3 2009,2.7 GHz,95.0,3,3,,,,,,,,AMD,AM3,benchmark-spec-dataset
AMD Athlon II X3 435,,,,Q4 2009,2.9 GHz,95.0,3,3,,,,,,,,AMD,AM3,benchmark-spec-dataset
AMD Athlon II X3 440,,,,Q1 2010,3.0 GHz,95.0,3,3,,,,,,,,AMD,AM3,benchmark-spec-dataset
AMD Athlon II X3 445,,,,Q3 2010,3.1 GHz,95.0,3,3,,,,,,,,AMD,AM3,benchmark-spec-dataset
AMD Athlon II X3 450,,,,Q4 2010,3.2 GHz,95.0,3,3,,,,,,,,AMD,AM3,benchmark-spec-dataset
AMD Athlon II X3 455,,,,Q4 2010,3.3 GHz,95.0,3,3,,,,,,,,AMD,AM3,benchmark-spec-dataset
AMD Athlon II X3 460,,,,Q3 2011,3.4 GHz,95.0,3,3,,,,,,,,AMD,AM3,benchmark-spec-dataset
AMD Athlon II X4 557,,,,Q3 2021,3.2 GHz,160.0,4,4,,,,,,,,AMD,AM3,benchmark-spec-dataset
AMD Athlon II X4 600e,,,,Q4 2009,2.2 GHz,45.0,4,4,,,,,,,,AMD,AM3,benchmark-spec-dataset
AMD Athlon II X4 605e,,,,Q4 2009,2.3 GHz,45.0,4,4,,,,,,,,AMD,AM3,benchmark-spec-dataset
AMD Athlon II X4 610e,,,,Q3 2010,2.4 GHz,45.0,4,4,,,,,,,,AMD,AM3,benchmark-spec-dataset
AMD Athlon II X4 615e,,,,Q4 2010,2.5 GHz,45.0,4,4,,,,,,,,AMD,AM3,benchmark-spec-dataset
AMD Athlon II X4 620,,,,Q3 2009,2.6 GHz,95.0,4,4,,,,,,,,AMD,AM3,benchmark-spec-dataset
AMD Athlon II X4 630,,,,Q3 2009,2.8 GHz,95.0,4,4,,,,,,,,AMD,AM3,benchmark-spec-dataset
AMD Athlon II X4 631 Quad-Core,,,,Q3 2011,2.6 GHz,100.0,4,4,,,,,,,,AMD,FM1,benchmark-spec-dataset
AMD Athlon II X4 635,,,,Q1 2010,2.9 GHz,95.0,4,4,,,,,,,,AMD,AM3,benchmark-spec-dataset
AMD Athlon II X4 638 Quad-Core,,,,Q2 2015,2.7 GHz,65.0,4,4,,,,,,,,AMD,FM1,benchmark-spec-dataset
AMD Athlon II X4 640,,,,Q2 2010,3.0 GHz,95.0,4,4,,,,,,,,AMD,AM3,benchmark-spec-dataset
AMD Athlon II X4 641 Quad-Core,,,,Q1 2012,2.8 GHz,100.0,4,4,,,,,,,,AMD,FM1,benchmark-spec-dataset
AMD Athlon II X4 645,,,,Q4 2010,3.1 GHz,95.0,4,4,,,,,,,,AMD,AM3,benchmark-spec-dataset
AMD Athlon II X4 650,,,,Q3 2011,3.2 GHz,95.0,4,4,,,,,,,,AMD,,benchmark-spec-dataset
AMD Athlon II X4 651 Quad-Core,,,,Q1 2012,3.0 GHz,100.0,4,4,,,,,,,,AMD,FM1,benchmark-spec-dataset
AMD Athlon II X4 655,,,,Q1 2014,3.3 GHz,95.0,4,4,,,,,,,,AMD,AM2+ (940-pin),benchmark-spec-dataset
AMD Athlon L110,,,,Q3 2009,1.2 GHz,13.0,1,1,,,,,,,,AMD,,benchmark-spec-dataset
AMD Athlon LE-1600,,,,Q1 2009,2.2 GHz,45.0,1,1,,,,,,,,AMD,AM2,benchmark-spec-dataset
AMD Athlon LE-1620,,,,Q1 2009,2.4 GHz,45.0,1,1,,,,,,,,AMD,AM2,benchmark-spec-dataset
AMD Athlon LE-1640,,,,Q1 2009,2.7 GHz,45.0,1,1,,,,,,,,AMD,AM2,benchmark-spec-dataset
AMD Athlon LE-1660,,,,Q2 2009,2.8 GHz,45.0,1,1,,,,,,,,AMD,AM2,benchmark-spec-dataset
AMD Athlon Neo MV-40,,,,Q2 2009,1.6 GHz,15.0,1,1,,,,,,,,AMD,,benchmark-spec-dataset
AMD Athlon Neo X2 Dual Core 6850e,,,,Q4 2009,1.8 GHz,22.0,2,2,,,,,,,,AMD,,benchmark-spec-dataset
AMD Athlon Neo X2 Dual Core L325,,,,Q1 2010,1.5 GHz,18.0,2,2,,,,,,,,AMD,,benchmark-spec-dataset
AMD Athlon Neo X2 Dual Core L335,,,,Q3 2009,1.6 GHz,18.0,2,2,,,,,,,,AMD,,benchmark-spec-dataset
AMD Athlon TF-20,,,,Q2 2009,1.6 GHz,15.0,1,1,,,,,,,,AMD,,benchmark-spec-dataset
AMD Athlon TF-36,,,,Q2 2010,2.0 GHz,25.0,1,1,,,,,,,,AMD,,benchmark-spec-dataset
AMD Athlon X2 215,,,,Q4 2010,2.7 GHz,65.0,2,2,,,,,,,,AMD,,benchmark-spec-dataset
AMD Athlon X2 240,,,,Q3 2009,2.8 GHz,65.0,2,2,,,,,,,,AMD,,benchmark-spec-dataset
AMD Athlon X2 240e,,,,Q3 2011,2.8 GHz,45.0,2,2,,,,,,,,AMD,,benchmark-spec-dataset
AMD Athlon X2 250,,,,Q2 2009,3.0 GHz,65.0,2,2,,,,,,,,AMD,,benchmark-spec-dataset
AMD Athlon X2 255,,,,Q1 2012,3.1 GHz,65.0,2,2,,,,,,,,AMD,AM2+/AM3,benchmark-spec-dataset
AMD Athlon X2 280,,,,Q1 2014,3.6 GHz,65.0,2,2,,,,,,,,AMD,AM3,benchmark-spec-dataset
AMD Athlon X2 340 Dual Core,,,,Q3 2013,3.2 GHz,65.0,2,,,,,,,,,AMD,,benchmark-spec-dataset
AMD Athlon X2 370K Dual Core,,,,Q4 2013,4.0 GHz,65.0,2,,,,,,,,,AMD,,benchmark-spec-dataset
AMD Athlon X2 450,,,,Q3 2022,3.5 GHz,65.0,2,,,,,,,,,AMD,FM2+,benchmark-spec-dataset
AMD Athlon X2 Dual Core 3250e,,,,Q4 2009,1.5 GHz,22.0,2,2,,,,,,,,AMD,,benchmark-spec-dataset
AMD Athlon X2 Dual Core 6850e,,,,Q3 2010,1.8 GHz,22.0,2,2,,,,,,,,AMD,,benchmark-spec-dataset
AMD Athlon X2 Dual Core BE-2300,,,,Q1 2009,1.9 GHz,45.0,2,2,,,,,,,,AMD,AM2,benchmark-spec-dataset
AMD Athlon X2 Dual Core BE-2350,,,,Q1 2009,2.1 GHz,45.0,2,2,,,,,,,,AMD,AM2,benchmark-spec-dataset
AMD Athlon X2 Dual Core BE-2400,,,,Q1 2009,2.3 GHz,18.0,2,2,,,,,,,,AMD,FT1,benchmark-spec-dataset
AMD Athlon X2 Dual Core L310,,,,Q4 2009,1.2 GHz,13.0,2,2,,,,,,,,AMD,S1,benchmark-spec-dataset
AMD Athlon X3 425,,,,Q1 2010,2.7 GHz,95.0,3,3,,,,,,,,AMD,,benchmark-spec-dataset
AMD Athlon X3 435,,,,Q4 2009,2.9 GHz,95.0,3,3,,,,,,,,AMD,,benchmark-spec-dataset
AMD Athlon X3 440,,,,Q1 2010,3.0 GHz,95.0,3,3,,,,,,,,AMD,,benchmark-spec-dataset
AMD Athlon X3 445,,,,Q4 2011,3.1 GHz,95.0,3,3,,,,,,,,AMD,,benchmark-spec-dataset
AMD Athlon X3 455,,,,Q4 2012,3.3 GHz,95.0,3,3,,,,,,,,AMD,AM2+/AM3,benchmark-spec-dataset
AMD Athlon X4 530,,,,Q1 2021,2.0 GHz,25.0,4,4,,,,,,,,AMD,AM1,benchmark-spec-dataset
AMD Athlon X4 620,,,,Q4 2009,2.6 GHz,95.0,4,4,,,,,,,,AMD,,benchmark-spec-dataset
AMD Athlon X4 640,,,,Q3 2010,3.0 GHz,95.0,4,4,,,,,,,,AMD,,benchmark-spec-dataset
AMD Athlon X4 730,,,,Q1 2022,2.8 GHz,65.0,4,,,,,,,,,AMD,FM2,benchmark-spec-dataset
AMD Athlon X4 740 Quad Core,,,,Q4 2012,3.2 GHz,65.0,4,,,,,,,,,AMD,FM2,benchmark-spec-dataset
AMD Athlon X4 750 Quad Core,,,,Q1 2015,3.4 GHz,65.0,4,,,,,,,,,AMD,FM2,benchmark-spec-dataset
AMD Athlon X4 750K Quad Core,,,,Q4 2012,3.4 GHz,100.0,4,,,,,,,,,AMD,FM2,benchmark-spec-dataset
AMD Athlon X4 760K Quad Core,,,,Q3 2013,3.8 GHz,100.0,4,,,,,,,,,AMD,FM2,benchmark-spec-dataset
AMD Athlon X4 830,,,,Q1 2018,3.0 GHz,65.0,4,,,,,,,,,AMD,FM2+,benchmark-spec-dataset
AMD Athlon X4 840,,,,Q1 2015,3.1 GHz,65.0,4,,,,,,,,,AMD,FM2+,benchmark-spec-dataset
AMD Athlon X4 845,,,,Q1 2016,3.5 GHz,65.0,4,,,,,,,,,AMD,FM2+,benchmark-spec-dataset
AMD Athlon X4 850,,,,Q2 2023,3.2 GHz,65.0,4,,,,,,,,,AMD,FM2+,benchmark-spec-dataset
AMD Athlon X4 860K,,,,Q3 2014,3.7 GHz,95.0,4,,,,,,,,,AMD,FM2+,benchmark-spec-dataset
AMD Athlon X4 870K,,,,Q1 2016,3.9 GHz,95.0,4,,,,,,,,,AMD,FM2+,benchmark-spec-dataset
AMD Athlon X4 880K,,,,Q2 2016,4.0 GHz,95.0,4,,,,,,,,,AMD,FM2+,benchmark-spec-dataset
AMD Athlon XP 1700+,,,,Q1 2009,1.5 GHz,64.0,1,1,,,,,,,,AMD,Socket A (462),benchmark-spec-dataset
AMD Athlon XP 1800+,,,,Q1 2009,1.5 GHz,66.0,1,1,,,,,,,,AMD,Socket A,benchmark-spec-dataset
AMD Athlon XP 2000+,,,,Q1 2009,1.7 GHz,70.0,1,1,,,,,,,,AMD,Socket A,benchmark-spec-dataset
AMD Athlon XP 2800+,,,,Q1 2009,2.3 GHz,89.0,1,1,,,,,,,,AMD,754,benchmark-spec-dataset
AMD Athlon XP 3000+,,,,Q1 2009,2.2 GHz,62.0,1,1,,,,,,,,AMD,Socket A,benchmark-spec-dataset
AMD Athlon XP 3200+,,,,Q4 2008,2.2 GHz,62.0,1,1,,,,,,,,AMD,AM2,benchmark-spec-dataset
AMD Athlon64 X2 Dual Core 4600+,,,,Q2 2009,2.4 GHz,110.0,2,2,,,,,,,,AMD,AM2,benchmark-spec-dataset
AMD C-30,,,,Q2 2011,1.2 GHz,9.0,1,1,,,,,,,,AMD,FT1,benchmark-spec-dataset
AMD C-50,,,,Q1 2011,1.0 GHz,9.0,2,2,,,,,,,,AMD,FT1,benchmark-spec-dataset
AMD C-60,,,,Q4 2011,1.0 GHz,9.0,2,2,,,,,,,,AMD,,benchmark-spec-dataset
AMD C-60 APU,,,,Q3 2011,1.0 GHz,9.0,2,2,,,,,,,,AMD,,benchmark-spec-dataset
AMD C-70 APU,,,,Q4 2012,1.0 GHz,9.0,2,2,,,,,,,,AMD,,benchmark-spec-dataset
AMD E-240,,,,Q1 2011,1.5 GHz,18.0,1,1,,,,,,,,AMD,FT1,benchmark-spec-dataset
AMD E-300 APU,,,,Q4 2011,1.3 GHz,18.0,2,2,,,,,,,,AMD,FT1,benchmark-spec-dataset
AMD E-350,,,,Q1 2011,1.6 GHz,18.0,2,2,,,,,,,,AMD,FT1,benchmark-spec-dataset
AMD E-350 APU,,,,Q4 2012,1.6 GHz,18.0,2,2,,,,,,,,AMD,FT1 BGA,benchmark-spec-dataset
AMD E-350D APU,,,,Q1 2013,1.6 GHz,18.0,2,2,,,,,,,,AMD,,benchmark-spec-dataset
AMD E-450 APU,,,,Q3 2011,1.7 GHz,18.0,2,2,,,,,,,,AMD,FT1,benchmark-spec-dataset
AMD E1 Micro-6200T APU,,,,Q4 2014,1.0 GHz,3.95,2,2,,,,,,,,AMD,FT3b,benchmark-spec-dataset
AMD E1-1200 APU,,,,Q3 2012,1.4 GHz,18.0,2,2,,,,,,,,AMD,FT1,benchmark-spec-dataset
AMD E1-1500 APU,,,,Q1 2013,1.5 GHz,18.0,2,2,,,,,,,,AMD,FT1,benchmark-spec-dataset
AMD E1-2100 APU,,,,Q3 2013,1.0 GHz,9.0,2,2,,,,,,,,AMD,FT3,benchmark-spec-dataset
AMD E1-2200 APU,,,,Q4 2014,1.1 GHz,9.0,2,2,,,,,,,,AMD,FT3,benchmark-spec-dataset
AMD E1-2500 APU,,,,Q3 2013,1.4 GHz,15.0,2,2,,,,,,,,AMD,FT3,benchmark-spec-dataset
AMD E1-6010 APU,,,,Q3 2014,1.4 GHz,10.0,2,2,,,,,,,,AMD,FT3b,benchmark-spec-dataset
AMD E1-6050J APU,,,,Q1 2016,1.4 GHz,10.0,2,2,,,,,,,,AMD,,benchmark-spec-dataset
AMD E1-7010 APU,,,,Q2 2016,1.5 GHz,10.0,2,2,,,,,,,,AMD,BGA769 (FT3b),benchmark-spec-dataset
AMD E2-1800 APU,,,,Q2 2012,1.7 GHz,18.0,2,2,,,,,,,,AMD,FT1,benchmark-spec-dataset
AMD E2-2000 APU,,,,Q1 2013,1.8 GHz,18.0,2,2,,,,,,,,AMD,BGA413.FT1,benchmark-spec-dataset
AMD E2-3000 APU,,,,Q1 2014,1.7 GHz,15.0,2,2,,,,,,,,AMD,FT3,benchmark-spec-dataset
AMD E2-3000M APU,,,,Q3 2011,1.8 GHz,35.0,2,2,,,,,,,,AMD,FS1,benchmark-spec-dataset
AMD E2-3200 APU,,,,Q4 2011,2.4 GHz,65.0,2,2,,,,,,,,AMD,FM1,benchmark-spec-dataset
AMD E2-3800 APU,,,,Q1 2014,1.3 GHz,15.0,4,4,,,,,,,,AMD,FT3,benchmark-spec-dataset
AMD E2-6110 APU,,,,Q4 2014,1.5 GHz,15.0,4,4,,,,,,,,AMD,AM1.FT3b,benchmark-spec-dataset
AMD E2-7110 APU,,,,Q4 2015,1.8 GHz,15.0,4,4,,,,,,,,AMD,FP4 BGA,benchmark-spec-dataset
AMD E2-9000,,,,Q2 2017,1.8 GHz,10.0,2,,,,,,,,,AMD,,benchmark-spec-dataset
AMD E2-9000e,,,,Q3 2017,1.5 GHz,6.0,2,,,,,,,,,AMD,,benchmark-spec-dataset
AMD E2-9010,,,,Q1 2017,2.0 GHz,15.0,2,,,,,,,,,AMD,FP4,benchmark-spec-dataset
AMD Embedded G-Series GX-215JJ Radeon R2E,,,,Q3 2017,1.5 GHz,10.0,2,,,,,,,,,AMD,FP4,benchmark-spec-dataset
AMD Embedded G-Series GX-224IJ Radeon R4E,,,,Q4 2017,2.4 GHz,15.0,2,,,,,,,,,AMD,FP4,benchmark-spec-dataset
AMD Embedded G-Series GX-420GI Radeon R7E,,,,Q3 2017,2.0 GHz,16.1,4,,,,,,,,,AMD,FP4,benchmark-spec-dataset
AMD Embedded R-Series RX-216GD,,,,Q2 2017,1.6 GHz,15.0,2,,,,,,,,,AMD,BGA (FP4),benchmark-spec-dataset
AMD Embedded R-Series RX-418GD Radeon R6,,,,Q1 2018,1.8 GHz,35.0,4,,,,,,,,,AMD,FP4,benchmark-spec-dataset
AMD Embedded R-Series RX-421BD,,,,Q4 2015,2.1 GHz,35.0,4,,,,,,,,,AMD,BGA (FP4),benchmark-spec-dataset
AMD Embedded R-Series RX-421ND,,,,Q2 2022,2.1 GHz,35.0,4,4,,,,,,,,AMD,FP4,benchmark-spec-dataset
AMD EPYC 3151,,,,Q1 2023,2.7 GHz,45.0,4,8,,,,,,,,AMD,,benchmark-spec-dataset
AMD EPYC 3201,,,,Q2 2019,1.5 GHz,30.0,8,8,,,,,,,,AMD,SP4r2,benchmark-spec-dataset
AMD EPYC 3251,,,,Q4 2019,2.5 GHz,50.0,8,16,,,,,,,,AMD,SP4r2,benchmark-spec-dataset
AMD EPYC 7301,,,,Q2 2019,2.2 GHz,155.0,16,32,,,,,,,,AMD,SP3,benchmark-spec-dataset
AMD EPYC 7351,,,,Q1 2019,2.4 GHz,155.0,16,32,,,,,,,,AMD,SP3,benchmark-spec-dataset
AMD EPYC 7401,,,,Q4 2017,2.0 GHz,155.0,24,48,,,,,,,,AMD,SP3,benchmark-spec-dataset
AMD EPYC 7451,,,,Q1 2018,2.3 GHz,180.0,24,48,,,,,,,,AMD,SP3,benchmark-spec-dataset
AMD EPYC 7532,,,,Q3 2021,2.4 GHz,200.0,32,64,,,,,,,,AMD,SP3,benchmark-spec-dataset
AMD EPYC 7601,,,,Q4 2017,2.2 GHz,180.0,32,64,,,,,,,,AMD,SP3,benchmark-spec-dataset
AMD EPYC 7662,,,,Q2 2021,2.0 GHz,225.0,64,128,,,,,,,,AMD,SP3,benchmark-spec-dataset
AMD EPYC 7D12,,,,Q4 2022,1.1 GHz,85.0,32,64,,,,,,,,AMD,,benchmark-spec-dataset
AMD EPYC 7R12,,,,Q1 2023,2.2 GHz,200.0,48,96,,,,,,,,AMD,SP3,benchmark-spec-dataset
AMD EPYC 7T83,,,,Q2 2022,2.5 GHz,280.0,64,128,,,,,,,,AMD,SP3,benchmark-spec-dataset
AMD FirePro A320 APU,,,,Q3 2016,3.8 GHz,100.0,4,,,,,,,,,AMD,FM2,benchmark-spec-dataset
AMD FX-4100 Quad-Core,,,,Q4 2011,3.6 GHz,95.0,4,,,,,,,,,AMD,AM3+,benchmark-spec-dataset
AMD FX-4130 Quad-Core,,,,Q4 2012,3.8 GHz,125.0,4,,,,,,,,,AMD,AM3+,benchmark-spec-dataset
AMD FX-4150 Quad-Core,,,,Q4 2013,4.0 GHz,125.0,4,,,,,,,,,AMD,AM3+,benchmark-spec-dataset
AMD FX-4170 Quad-Core,,,,Q1 2012,4.2 GHz,125.0,4,,,,,,,,,AMD,AM3+,benchmark-spec-dataset
AMD FX-4200 Quad-Core,,,,Q4 2013,3.3 GHz,125.0,4,,,,,,,,,AMD,AM3+,benchmark-spec-dataset
AMD FX-4300 Quad-Core,,,,Q4 2012,3.8 GHz,95.0,4,,,,,,,,,AMD,AM3+,benchmark-spec-dataset
AMD FX-4320,,,,Q1 2016,4.0 GHz,95.0,4,,,,,,,,,AMD,AM3+,benchmark-spec-dataset
AMD FX-4330,,,,Q4 2015,4.0 GHz,95.0,4,,,,,,,,,AMD,AM3+,benchmark-spec-dataset
AMD FX-4350 Quad-Core,,,,Q2 2013,4.2 GHz,125.0,4,,,,,,,,,AMD,AM3+,benchmark-spec-dataset
AMD FX-6100 Six-Core,,,,Q4 2011,3.3 GHz,95.0,6,,,,,,,,,AMD,AM3+,benchmark-spec-dataset
AMD FX-6120 Six-Core,,,,Q2 2012,3.5 GHz,95.0,6,,,,,,,,,AMD,AM3+,benchmark-spec-dataset
AMD FX-6130 Six-Core,,,,Q1 2013,3.6 GHz,125.0,6,,,,,,,,,AMD,AM3+,benchmark-spec-dataset
AMD FX-6200 Six-Core,,,,Q1 2012,3.8 GHz,125.0,6,,,,,,,,,AMD,AM3+,benchmark-spec-dataset
AMD FX-6300 Six-Core,,,,Q4 2012,3.5 GHz,95.0,6,,,,,,,,,AMD,AM3+,benchmark-spec-dataset
AMD FX-6330 Six-Core,,,,Q4 2016,3.6 GHz,95.0,6,,,,,,,,,AMD,AM3+,benchmark-spec-dataset
AMD FX-6350 Six-Core,,,,Q2 2013,3.9 GHz,125.0,6,,,,,,,,,AMD,AM3+,benchmark-spec-dataset
AMD FX-670K Quad-Core,,,,Q2 2014,3.7 GHz,65.0,4,,,,,,,,,AMD,FM2,benchmark-spec-dataset
AMD FX-7500 APU,,,,Q4 2014,2.1 GHz,19.0,4,,,,,,,,,AMD,FP3,benchmark-spec-dataset
AMD FX-7600P,,,,Q1 2015,2.7 GHz,35.0,4,,,,,,,,,AMD,FP3,benchmark-spec-dataset
AMD FX-7600P APU,,,,Q4 2014,2.7 GHz,35.0,4,,,,,,,,,AMD,FP3,benchmark-spec-dataset
AMD FX-770K Quad-Core,,,,Q4 2014,3.5 GHz,65.0,4,,,,,,,,,AMD,FM2+,benchmark-spec-dataset
AMD FX-8100 Eight-Core,,,,Q1 2012,2.8 GHz,95.0,8,,,,,,,,,AMD,AM3+,benchmark-spec-dataset
AMD FX-8120 Eight-Core,,,,Q4 2011,3.1 GHz,125.0,8,,,,,,,,,AMD,AM3+,benchmark-spec-dataset
AMD FX-8140 Eight-Core,,,,Q1 2012,3.2 GHz,95.0,8,,,,,,,,,AMD,AM3+,benchmark-spec-dataset
AMD FX-8150 Eight-Core,,,,Q3 2011,3.6 GHz,125.0,8,,,,,,,,,AMD,AM3+,benchmark-spec-dataset
AMD FX-8300 Eight-Core,,,,Q1 2013,3.3 GHz,95.0,8,,,,,,,,,AMD,AM3+,benchmark-spec-dataset
AMD FX-8310 Eight-Core,,,,Q4 2014,3.4 GHz,95.0,8,,,,,,,,,AMD,AM3+,benchmark-spec-dataset
AMD FX-8320 Eight-Core,,,,Q4 2012,3.5 GHz,125.0,8,,,,,,,,,AMD,AM3+,benchmark-spec-dataset
AMD FX-8320E Eight-Core,,,,Q4 2014,3.2 GHz,95.0,8,,,,,,,,,AMD,AM3+,benchmark-spec-dataset
AMD FX-8350 Eight-Core,,,,Q4 2012,4.0 GHz,125.0,8,,,,,,,,,AMD,AM3+,benchmark-spec-dataset
AMD FX-8370 Eight-Core,,,,Q3 2014,4.0 GHz,125.0,8,,,,,,,,,AMD,AM3+,benchmark-spec-dataset
AMD FX-8370E Eight-Core,,,,Q3 2014,3.3 GHz,95.0,8,,,,,,,,,AMD,AM3+,benchmark-spec-dataset
AMD FX-8800P,,,,Q3 2015,2.1 GHz,35.0,4,,,,,,,,,AMD,FP4,benchmark-spec-dataset
AMD FX-9370 Eight-Core,,,,Q3 2013,4.4 GHz,220.0,8,,,,,,,,,AMD,AM3+,benchmark-spec-dataset
AMD FX-9590 Eight-Core,,,,Q3 2013,4.7 GHz,220.0,8,,,,,,,,,AMD,AM3+,benchmark-spec-dataset
AMD FX-9800P,,,,Q2 2016,2.7 GHz,15.0,4,,,,,,,,,AMD,,benchmark-spec-dataset
AMD FX-9830P,,,,Q4 2016,3.0 GHz,35.0,4,,,,,,,,,AMD,FP4,benchmark-spec-dataset
AMD FX-B4150 Quad-Core,,,,Q1 2013,3.8 GHz,95.0,4,,,,,,,,,AMD,AM3+,benchmark-spec-dataset
AMD G-T40E,,,,Q4 2011,1.0 GHz,6.4,2,2,,,,,,,,AMD,FT1,benchmark-spec-dataset
AMD G-T40N,,,,Q3 2011,1.0 GHz,9.0,2,2,,,,,,,,AMD,FT1,benchmark-spec-dataset
AMD G-T40R,,,,Q4 2018,1.0 GHz,5.5,1,1,,,,,,,,AMD,FT1,benchmark-spec-dataset
AMD G-T44R,,,,Q3 2011,1.2 GHz,9.0,1,1,,,,,,,,AMD,FT1,benchmark-spec-dataset
AMD G-T48E,,,,Q3 2013,1.4 GHz,18.0,2,2,,,,,,,,AMD,FT1,benchmark-spec-dataset
AMD G-T52R,,,,Q4 2011,1.5 GHz,18.0,1,1,,,,,,,,AMD,FT1,benchmark-spec-dataset
AMD G-T56E,,,,Q3 2013,1.7 GHz,18.0,2,2,,,,,,,,AMD,FT1,benchmark-spec-dataset
AMD G-T56N,,,,Q1 2011,1.7 GHz,18.0,2,2,,,,,,,,AMD,FT1,benchmark-spec-dataset
AMD GX-210JA SOC,,,,Q2 2015,1.0 GHz,6.0,2,2,,,,,,,,AMD,FT3 (769-BGA),benchmark-spec-dataset
AMD GX-212JC SOC,,,,Q3 2014,1.2 GHz,6.0,2,2,,,,,,,,AMD,FT3b,benchmark-spec-dataset
AMD GX-217GA SOC,,,,Q1 2014,1.7 GHz,15.0,2,2,,,,,,,,AMD,FT3 (769-BGA),benchmark-spec-dataset
AMD GX-218GL SOC,,,,Q1 2017,1.8 GHz,15.0,2,2,,,,,,,,AMD,BGA769 (FT3b),benchmark-spec-dataset
AMD GX-222GC SOC,,,,Q3 2016,2.2 GHz,15.0,2,2,,,,,,,,AMD,BGA769 (FT3b),benchmark-spec-dataset
AMD GX-412HC,,,,Q1 2015,1.2 GHz,7.0,4,4,,,,,,,,AMD,FT3b,benchmark-spec-dataset
AMD GX-412TC SOC,,,,Q4 2022,1.0 GHz,6.0,4,4,,,,,,,,AMD,FT3b,benchmark-spec-dataset
AMD GX-415GA SOC,,,,Q4 2013,1.5 GHz,15.0,4,4,,,,,,,,AMD,FT3 (769-BGA),benchmark-spec-dataset
AMD GX-420CA SOC,,,,Q4 2013,2.0 GHz,25.0,4,4,,,,,,,,AMD,FT3 (769-BGA),benchmark-spec-dataset
AMD GX-420MC SOC,,,,Q2 2014,2.0 GHz,17.5,4,4,,,,,,,,AMD,FTB3b,benchmark-spec-dataset
AMD GX-424CC SOC,,,,Q3 2014,2.4 GHz,25.0,4,4,,,,,,,,AMD,FT3b,benchmark-spec-dataset
AMD Opteron 1212,,,,Q1 2009,2.0 GHz,103.0,2,2,,,,,,,,AMD,AM2,benchmark-spec-dataset
AMD Opteron 1212 HE,,,,Q1 2012,2.0 GHz,65.0,2,2,,,,,,,,AMD,AM2,benchmark-spec-dataset
AMD Opteron 1214,,,,Q4 2009,2.2 GHz,103.0,2,2,,,,,,,,AMD,AM2,benchmark-spec-dataset
AMD Opteron 1214 HE,,,,Q4 2015,2.2 GHz,65.0,2,2,,,,,,,,AMD,AM2,benchmark-spec-dataset
AMD Opteron 1216,,,,Q1 2009,2.4 GHz,103.0,2,2,,,,,,,,AMD,AM2,benchmark-spec-dataset
AMD Opteron 1216 HE,,,,Q3 2012,2.4 GHz,65.0,2,2,,,,,,,,AMD,AM2,benchmark-spec-dataset
AMD Opteron 1218,,,,Q2 2010,2.6 GHz,103.0,2,2,,,,,,,,AMD,AM2,benchmark-spec-dataset
AMD Opteron 1218 HE,,,,Q3 2010,2.6 GHz,65.0,2,2,,,,,,,,AMD,AM2,benchmark-spec-dataset
AMD Opteron 1220,,,,Q3 2009,2.8 GHz,103.0,2,2,,,,,,,,AMD,AM2,benchmark-spec-dataset
AMD Opteron 1222,,,,Q3 2010,3.0 GHz,103.0,2,2,,,,,,,,AMD,AM2,benchmark-spec-dataset
AMD Opteron 1352,,,,Q1 2009,2.1 GHz,75.0,4,4,,,,,,,,AMD,AM2,benchmark-spec-dataset
AMD Opteron 1354,,,,Q1 2009,2.2 GHz,75.0,4,4,,,,,,,,AMD,AM2,benchmark-spec-dataset
AMD Opteron 1356,,,,Q2 2009,2.3 GHz,75.0,4,4,,,,,,,,AMD,AM2,benchmark-spec-dataset
AMD Opteron 1381,,,,Q2 2012,2.5 GHz,75.0,4,4,,,,,,,,AMD,AM3,benchmark-spec-dataset
AMD Opteron 1385,,,,Q3 2014,2.7 GHz,115.0,4,4,,,,,,,,AMD,AM2+.AM3,benchmark-spec-dataset
AMD Opteron 1389,,,,Q1 2014,2.9 GHz,75.0,4,4,,,,,,,,AMD,AM2,benchmark-spec-dataset
AMD Opteron 144,,,,Q4 2008,1.8 GHz,67.0,1,1,,,,,,,,AMD,939,benchmark-spec-dataset
AMD Opteron 146,,,,Q1 2009,2.0 GHz,67.0,1,1,,,,,,,,AMD,939,benchmark-spec-dataset
AMD Opteron 148,,,,Q2 2009,2.2 GHz,85.3,1,1,,,,,,,,AMD,939,benchmark-spec-dataset
AMD Opteron 150,,,,Q1 2009,2.4 GHz,85.3,1,1,,,,,,,,AMD,939,benchmark-spec-dataset
AMD Opteron 152,,,,Q3 2009,2.6 GHz,104.0,1,1,,,,,,,,AMD,939,benchmark-spec-dataset
AMD Opteron 154,,,,Q4 2011,2.8 GHz,104.0,1,1,,,,,,,,AMD,939,benchmark-spec-dataset
AMD Opteron 165,,,,Q1 2009,1.8 GHz,110.0,2,2,,,,,,,,AMD,939,benchmark-spec-dataset
AMD Opteron 170,,,,Q1 2009,2.0 GHz,110.0,2,2,,,,,,,,AMD,939,benchmark-spec-dataset
AMD Opteron 175,,,,Q4 2008,2.2 GHz,110.0,2,2,,,,,,,,AMD,939,benchmark-spec-dataset
AMD Opteron 180,,,,Q1 2009,2.4 GHz,110.0,2,2,,,,,,,,AMD,939,benchmark-spec-dataset
AMD Opteron 185,,,,Q1 2009,2.6 GHz,110.0,2,2,,,,,,,,AMD,939,benchmark-spec-dataset
AMD Opteron 2218,,,,Q1 2009,2.6 GHz,95.0,2,2,,,,,,,,AMD,F (1207),benchmark-spec-dataset
AMD Opteron 2220,,,,Q2 2009,2.8 GHz,95.0,2,2,,,,,,,,AMD,F (1207),benchmark-spec-dataset
AMD Opteron 2220 SE,,,,Q3 2009,2.8 GHz,119.0,2,2,,,,,,,,AMD,F (1207),benchmark-spec-dataset
AMD Opteron 2222,,,,Q2 2013,3.0 GHz,95.0,2,2,,,,,,,,AMD,F (1207),benchmark-spec-dataset
AMD Opteron 2354,,,,Q3 2013,2.2 GHz,115.0,4,4,,,,,,,,AMD,F (1207),benchmark-spec-dataset
AMD Opteron 2356,,,,Q3 2009,2.3 GHz,75.0,4,4,,,,,,,,AMD,F (1207),benchmark-spec-dataset
AMD Opteron 2373 EE,,,,Q1 2018,2.1 GHz,60.0,4,4,,,,,,,,AMD,F (1207),benchmark-spec-dataset
AMD Opteron 2374 HE,,,,Q2 2010,2.2 GHz,55.0,4,4,,,,,,,,AMD,F (1207),benchmark-spec-dataset
AMD Opteron 2378,,,,Q1 2009,2.4 GHz,75.0,4,4,,,,,,,,AMD,F (1207),benchmark-spec-dataset
AMD Opteron 2382,,,,Q2 2016,2.6 GHz,115.0,4,4,,,,,,,,AMD,F (1207),benchmark-spec-dataset
AMD Opteron 2384,,,,Q3 2009,2.7 GHz,75.0,4,4,,,,,,,,AMD,F (1207),benchmark-spec-dataset
AMD Opteron 2387,,,,Q4 2013,2.8 GHz,75.0,4,4,,,,,,,,AMD,F (1207),benchmark-spec-dataset
AMD Opteron 2393 SE,,,,Q2 2013,3.1 GHz,105.0,2,2,,,,,,,,AMD,F (1207),benchmark-spec-dataset
AMD Opteron 2419 EE,,,,Q3 2014,1.8 GHz,60.0,6,6,,,,,,,,AMD,F (1207),benchmark-spec-dataset
AMD Opteron 2427,,,,Q3 2011,2.2 GHz,75.0,6,6,,,,,,,,AMD,F (1207),benchmark-spec-dataset
AMD Opteron 2431,,,,Q3 2009,2.4 GHz,75.0,6,6,,,,,,,,AMD,F (1207),benchmark-spec-dataset
AMD Opteron 2435,,,,Q1 2013,2.6 GHz,75.0,6,6,,,,,,,,AMD,F (1207),benchmark-spec-dataset
AMD Opteron 254,,,,Q4 2012,2.8 GHz,68.0,1,1,,,,,,,,AMD,940,benchmark-spec-dataset
AMD Opteron 270,,,,Q3 2012,2.0 GHz,95.0,2,2,,,,,,,,AMD,940,benchmark-spec-dataset
AMD Opteron 275,,,,Q4 2008,2.2 GHz,95.0,2,2,,,,,,,,AMD,940,benchmark-spec-dataset
AMD Opteron 280,,,,Q1 2009,2.4 GHz,95.0,2,2,,,,,,,,AMD,940,benchmark-spec-dataset
AMD Opteron 285,,,,Q2 2009,2.6 GHz,95.0,2,2,,,,,,,,AMD,940,benchmark-spec-dataset
AMD Opteron 290,,,,Q2 2009,2.8 GHz,95.0,2,2,,,,,,,,AMD,940,benchmark-spec-dataset
AMD Opteron 3250 HE,,,,Q2 2019,2.5 GHz,45.0,4,,,,,,,,,AMD,AM3+,benchmark-spec-dataset
AMD Opteron 3260 HE,,,,Q4 2012,2.7 GHz,45.0,4,,,,,,,,,AMD,AM3+,benchmark-spec-dataset
AMD Opteron 3280,,,,Q3 2012,2.4 GHz,65.0,8,,,,,,,,,AMD,AM3+,benchmark-spec-dataset
AMD Opteron 3320 EE,,,,Q2 2016,1.9 GHz,25.0,4,,,,,,,,,AMD,AM3+,benchmark-spec-dataset
AMD Opteron 3350 HE,,,,Q2 2013,2.8 GHz,45.0,4,,,,,,,,,AMD,,benchmark-spec-dataset
AMD Opteron 3365,,,,Q4 2014,2.3 GHz,65.0,8,,,,,,,,,AMD,AM3+,benchmark-spec-dataset
AMD Opteron 3380,,,,Q2 2013,2.6 GHz,65.0,8,,,,,,,,,AMD,,benchmark-spec-dataset
AMD Opteron 4130,,,,Q2 2016,2.6 GHz,95.0,4,4,,,,,,,,AMD,F (1207),benchmark-spec-dataset
AMD Opteron 4162 EE,,,,Q1 2015,1.7 GHz,35.0,6,6,,,,,,,,AMD,F (1207),benchmark-spec-dataset
AMD Opteron 4170 HE,,,,Q4 2010,2.1 GHz,65.0,6,6,,,,,,,,AMD,C32,benchmark-spec-dataset
AMD Opteron 4174 HE,,,,Q2 2023,2.3 GHz,65.0,6,6,,,,,,,,AMD,C32,benchmark-spec-dataset
AMD Opteron 4184,,,,Q3 2011,2.8 GHz,95.0,6,6,,,,,,,,AMD,C32,benchmark-spec-dataset
AMD Opteron 4226,,,,Q1 2013,2.7 GHz,95.0,6,,,,,,,,,AMD,Socket C32,benchmark-spec-dataset
AMD Opteron 4238,,,,Q2 2023,3.3 GHz,95.0,6,,,,,,,,,AMD,Socket C32,benchmark-spec-dataset
AMD Opteron 4274 HE,,,,Q2 2012,2.5 GHz,65.0,8,,,,,,,,,AMD,C32,benchmark-spec-dataset
AMD Opteron 4280,,,,Q1 2014,2.8 GHz,95.0,8,,,,,,,,,AMD,Socket C32,benchmark-spec-dataset
AMD Opteron 4284,,,,Q1 2013,3.0 GHz,95.0,8,,,,,,,,,AMD,Socket C32,benchmark-spec-dataset
AMD Opteron 4332 HE,,,,Q3 2015,3.0 GHz,65.0,6,,,,,,,,,AMD,Socket C32,benchmark-spec-dataset
AMD Opteron 4334,,,,Q1 2016,3.1 GHz,95.0,6,,,,,,,,,AMD,Socket C32,benchmark-spec-dataset
AMD Opteron 4365 EE,,,,Q2 2017,2.0 GHz,40.0,8,,,,,,,,,AMD,Socket C32,benchmark-spec-dataset
AMD Opteron 4386,,,,Q2 2014,3.1 GHz,95.0,8,,,,,,,,,AMD,C32,benchmark-spec-dataset
AMD Opteron 6128,,,,Q2 2010,2.0 GHz,115.0,8,8,,,,,,,,AMD,G34,benchmark-spec-dataset
AMD Opteron 6128 HE,,,,Q2 2015,2.0 GHz,85.0,8,8,,,,,,,,AMD,Socket G34,benchmark-spec-dataset
AMD Opteron 6134,,,,Q4 2010,2.3 GHz,115.0,8,8,,,,,,,,AMD,G34,benchmark-spec-dataset
AMD Opteron 6136,,,,Q2 2013,2.4 GHz,115.0,8,8,,,,,,,,AMD,Socket G34,benchmark-spec-dataset
AMD Opteron 6164 HE,,,,Q2 2013,1.7 GHz,85.0,12,12,,,,,,,,AMD,Socket G34,benchmark-spec-dataset
AMD Opteron 6172,,,,Q3 2010,2.1 GHz,115.0,12,12,,,,,,,,AMD,G34,benchmark-spec-dataset
AMD Opteron 6174,,,,Q2 2013,2.2 GHz,115.0,12,12,,,,,,,,AMD,Socket G34,benchmark-spec-dataset
AMD Opteron 6176 SE,,,,Q3 2010,2.3 GHz,140.0,12,12,,,,,,,,AMD,G34,benchmark-spec-dataset
AMD Opteron 6212,,,,Q2 2013,2.6 GHz,115.0,8,,,,,,,,,AMD,Socket G34,benchmark-spec-dataset
AMD Opteron 6220,,,,Q3 2013,3.0 GHz,115.0,8,,,,,,,,,AMD,Socket G34,benchmark-spec-dataset
AMD Opteron 6234,,,,Q1 2012,2.4 GHz,115.0,12,,,,,,,,,AMD,G34,benchmark-spec-dataset
AMD Opteron 6238,,,,Q4 2014,2.6 GHz,115.0,12,,,,,,,,,AMD,Socket G34,benchmark-spec-dataset
AMD Opteron 6272,,,,Q4 2011,2.1 GHz,115.0,16,,,,,,,,,AMD,G34,benchmark-spec-dataset
AMD Opteron 6274,,,,Q1 2012,2.2 GHz,115.0,16,,,,,,,,,AMD,G34,benchmark-spec-dataset
AMD Opteron 6276,,,,Q1 2013,2.3 GHz,115.0,16,,,,,,,,,AMD,Socket G34,benchmark-spec-dataset
AMD Opteron 6278,,,,Q1 2013,2.4 GHz,115.0,16,,,,,,,,,AMD,,benchmark-spec-dataset
AMD Opteron 6282 SE,,,,Q1 2013,2.6 GHz,140.0,16,,,,,,,,,AMD,,benchmark-spec-dataset
AMD Opteron 6328,,,,Q3 2013,3.2 GHz,115.0,8,,,,,,,,,AMD,G34,benchmark-spec-dataset
AMD Opteron 6344,,,,Q3 2013,2.6 GHz,115.0,12,,,,,,,,,AMD,,benchmark-spec-dataset
AMD Opteron 6348,,,,Q2 2013,2.8 GHz,115.0,12,,,,,,,,,AMD,,benchmark-spec-dataset
AMD Opteron 6366 HE,,,,Q2 2014,1.8 GHz,85.0,16,,,,,,,,,AMD,,benchmark-spec-dataset
AMD Opteron 6376,,,,Q3 2013,2.3 GHz,115.0,16,,,,,,,,,AMD,Socket G34,benchmark-spec-dataset
AMD Opteron 6378,,,,Q1 2015,2.4 GHz,115.0,16,,,,,,,,,AMD,G34,benchmark-spec-dataset
AMD Opteron 6380,,,,Q1 2015,2.5 GHz,115.0,16,,,,,,,,,AMD,G34,benchmark-spec-dataset
AMD Opteron 6386 SE,,,,Q3 2014,2.8 GHz,140.0,16,,,,,,,,,AMD,Socket G34,benchmark-spec-dataset
AMD Opteron 8356,,,,Q2 2014,2.3 GHz,75.0,4,4,,,,,,,,AMD,F (1207),benchmark-spec-dataset
AMD Opteron 8378,,,,Q3 2014,2.4 GHz,115.0,4,4,,,,,,,,AMD,F (1207),benchmark-spec-dataset
AMD Opteron 8439 SE,,,,Q1 2013,2.8 GHz,105.0,6,6,,,,,,,,AMD,F (1207),benchmark-spec-dataset
AMD Opteron 885,,,,Q2 2006,2.6 GHz,95.0,2,2,,,,,,,,AMD,949,benchmark-spec-dataset
AMD Opteron X2170 APU,,,,Q3 2018,2.4 GHz,25.0,4,4,,,,,,,,AMD,FT3,benchmark-spec-dataset
AMD Opteron X3216 APU,,,,Q3 2017,1.6 GHz,15.0,2,,,,,,,,,AMD,,benchmark-spec-dataset
AMD Opteron X3418 APU,,,,Q1 2019,1.8 GHz,25.0,4,,,,,,,,,AMD,,benchmark-spec-dataset
AMD Opteron X3421 APU,,,,Q2 2017,2.1 GHz,35.0,4,,,,,,,,,AMD,,benchmark-spec-dataset
AMD Phenom 8250 Triple-Core,,,,Q3 2009,1.9 GHz,65.0,3,3,,,,,,,,AMD,,benchmark-spec-dataset
AMD Phenom 8250e Triple-Core,,,,Q3 2009,1.9 GHz,65.0,3,3,,,,,,,,AMD,940,benchmark-spec-dataset
AMD Phenom 8400 Triple-Core,,,,Q1 2009,2.1 GHz,95.0,3,3,,,,,,,,AMD,AM2+,benchmark-spec-dataset
AMD Phenom 8450 Triple-Core,,,,Q4 2008,2.1 GHz,95.0,3,3,,,,,,,,AMD,AM2+,benchmark-spec-dataset
AMD Phenom 8450e Triple-Core,,,,Q4 2009,2.1 GHz,65.0,3,3,,,,,,,,AMD,AM2+,benchmark-spec-dataset
AMD Phenom 8600 Triple-Core,,,,Q1 2009,2.3 GHz,95.0,3,3,,,,,,,,AMD,AM2+,benchmark-spec-dataset
AMD Phenom 8600B Triple-Core,,,,Q2 2009,2.3 GHz,95.0,3,3,,,,,,,,AMD,AM2+,benchmark-spec-dataset
AMD Phenom 8650 Triple-Core,,,,Q4 2008,2.3 GHz,95.0,3,3,,,,,,,,AMD,AM2+,benchmark-spec-dataset
AMD Phenom 8750 Triple-Core,,,,Q1 2009,2.4 GHz,95.0,3,3,,,,,,,,AMD,AM2+,benchmark-spec-dataset
AMD Phenom 8750B Triple-Core,,,,Q2 2009,2.4 GHz,95.0,3,3,,,,,,,,AMD,AM2+,benchmark-spec-dataset
AMD Phenom 8850 Triple-Core,,,,Q3 2010,2.5 GHz,95.0,3,3,,,,,,,,AMD,AM2+,benchmark-spec-dataset
AMD Phenom 8850B Triple-Core,,,,Q3 2010,2.5 GHz,95.0,3,3,,,,,,,,AMD,,benchmark-spec-dataset
AMD Phenom 9100e Quad-Core,,,,Q1 2009,1.8 GHz,65.0,4,4,,,,,,,,AMD,AM2+,benchmark-spec-dataset
AMD Phenom 9150e Quad-Core,,,,Q1 2009,1.8 GHz,65.0,4,4,,,,,,,,AMD,AM2+,benchmark-spec-dataset
AMD Phenom 9350e Quad-Core,,,,Q1 2009,2.0 GHz,65.0,4,4,,,,,,,,AMD,AM2+,benchmark-spec-dataset
AMD Phenom 9450e Quad-Core,,,,Q1 2010,2.1 GHz,65.0,4,4,,,,,,,,AMD,AM2+,benchmark-spec-dataset
AMD Phenom 9500 Quad-Core,,,,Q4 2008,2.2 GHz,95.0,4,4,,,,,,,,AMD,AM2+,benchmark-spec-dataset
AMD Phenom 9550 Quad-Core,,,,Q4 2008,2.2 GHz,95.0,4,4,,,,,,,,AMD,AM2+,benchmark-spec-dataset
AMD Phenom 9600 Quad-Core,,,,Q4 2008,2.3 GHz,95.0,4,4,,,,,,,,AMD,AM2+,benchmark-spec-dataset
AMD Phenom 9600B Quad-Core,,,,Q1 2009,2.3 GHz,95.0,4,4,,,,,,,,AMD,AM2+,benchmark-spec-dataset
AMD Phenom 9650 Quad-Core,,,,Q4 2008,2.3 GHz,95.0,4,4,,,,,,,,AMD,AM2+,benchmark-spec-dataset
AMD Phenom 9750 Quad-Core,,,,Q4 2008,2.4 GHz,125.0,4,4,,,,,,,,AMD,AM2+,benchmark-spec-dataset
AMD Phenom 9750B Quad-Core,,,,Q3 2009,2.4 GHz,95.0,4,4,,,,,,,,AMD,AM2+,benchmark-spec-dataset
AMD Phenom 9850 Quad-Core,,,,Q4 2008,2.5 GHz,125.0,4,4,,,,,,,,AMD,AM2+,benchmark-spec-dataset
AMD Phenom 9850B Quad-Core,,,,Q2 2010,2.5 GHz,95.0,4,4,,,,,,,,AMD,,benchmark-spec-dataset
AMD Phenom 9950 Quad-Core,,,,Q4 2008,2.6 GHz,125.0,4,4,,,,,,,,AMD,AM2+,benchmark-spec-dataset
AMD Phenom FX-5000 Quad-Core,,,,Q4 2009,2.2 GHz,65.0,4,4,,,,,,,,AMD,AM2+,benchmark-spec-dataset
AMD Phenom FX-5200 Quad-Core,,,,Q4 2010,2.3 GHz,65.0,4,4,,,,,,,,AMD,AM3,benchmark-spec-dataset
AMD Phenom II N620 Dual-Core,,,,Q2 2010,2.8 GHz,35.0,2,2,,,,,,,,AMD,S1,benchmark-spec-dataset
AMD Phenom II N640 Dual-Core,,,,Q4 2010,2.9 GHz,35.0,2,2,,,,,,,,AMD,S1,benchmark-spec-dataset
AMD Phenom II N660 Dual-Core,,,,Q1 2011,3.0 GHz,35.0,2,2,,,,,,,,AMD,S1,benchmark-spec-dataset
AMD Phenom II N830 3+1,,,,Q3 2014,2.1 GHz,35.0,4,4,,,,,,,,AMD,S1,benchmark-spec-dataset
AMD Phenom II N830 Triple-Core,,,,Q2 2010,2.8 GHz,35.0,3,3,,,,,,,,AMD,S1,benchmark-spec-dataset
AMD Phenom II N850 Triple-Core,,,,Q3 2010,2.2 GHz,35.0,3,3,,,,,,,,AMD,S1,benchmark-spec-dataset
AMD Phenom II N870 Triple-Core,,,,Q1 2011,2.3 GHz,35.0,3,3,,,,,,,,AMD,S1,benchmark-spec-dataset
AMD Phenom II N930 Quad-Core,,,,Q2 2010,2.0 GHz,35.0,4,4,,,,,,,,AMD,S1,benchmark-spec-dataset
AMD Phenom II N950 Quad-Core,,,,Q4 2010,2.1 GHz,35.0,4,4,,,,,,,,AMD,S1,benchmark-spec-dataset
AMD Phenom II N970 Quad-Core,,,,Q1 2011,2.2 GHz,35.0,4,4,,,,,,,,AMD,S1,benchmark-spec-dataset
AMD Phenom II P650 Dual-Core,,,,Q1 2011,2.6 GHz,35.0,2,2,,,,,,,,AMD,S1,benchmark-spec-dataset
AMD Phenom II P820 Triple-Core,,,,Q3 2010,1.8 GHz,25.0,3,3,,,,,,,,AMD,S1,benchmark-spec-dataset
AMD Phenom II P840 Triple-Core,,,,Q4 2010,1.9 GHz,35.0,3,3,,,,,,,,AMD,S1,benchmark-spec-dataset
AMD Phenom II P860 Triple-Core,,,,Q1 2011,2.0 GHz,35.0,3,3,,,,,,,,AMD,S1,benchmark-spec-dataset
AMD Phenom II P920 Quad-Core,,,,Q3 2010,1.6 GHz,25.0,4,4,,,,,,,,AMD,S1,benchmark-spec-dataset
AMD Phenom II P940 Quad-Core,,,,Q4 2010,1.7 GHz,35.0,4,4,,,,,,,,AMD,S1,benchmark-spec-dataset
AMD Phenom II P960 Quad-Core,,,,Q1 2011,1.8 GHz,35.0,4,4,,,,,,,,AMD,S1,benchmark-spec-dataset
AMD Phenom II X2 511,,,,Q1 2011,3.4 GHz,65.0,2,2,,,,,,,,AMD,AM2+/AM3,benchmark-spec-dataset
AMD Phenom II X2 521,,,,Q2 2011,3.5 GHz,65.0,2,2,,,,,,,,AMD,AM2+/AM3,benchmark-spec-dataset
AMD Phenom II X2 545,,,,Q3 2009,3.0 GHz,80.0,2,2,,,,,,,,AMD,AM2+/AM3,benchmark-spec-dataset
AMD Phenom II X2 550,,,,Q2 2009,3.1 GHz,80.0,2,2,,,,,,,,AMD,AM2+/AM3,benchmark-spec-dataset
AMD Phenom II X2 555,,,,Q1 2010,3.2 GHz,80.0,2,2,,,,,,,,AMD,AM2+/AM3,benchmark-spec-dataset
AMD Phenom II X2 560,,,,Q4 2010,3.3 GHz,80.0,2,2,,,,,,,,AMD,AM2+/AM3,benchmark-spec-dataset
AMD Phenom II X2 565,,,,Q1 2011,3.4 GHz,80.0,2,2,,,,,,,,AMD,AM2+/AM3,benchmark-spec-dataset
AMD Phenom II X2 570,,,,Q4 2015,3.5 GHz,80.0,2,2,,,,,,,,AMD,AM3,benchmark-spec-dataset
AMD Phenom II X2 B53,,,,Q4 2009,2.8 GHz,80.0,2,2,,,,,,,,AMD,AM3,benchmark-spec-dataset
AMD Phenom II X2 B55,,,,Q4 2009,3.0 GHz,80.0,2,2,,,,,,,,AMD,AM3,benchmark-spec-dataset
AMD Phenom II X2 B57,,,,Q2 2010,3.2 GHz,80.0,2,2,,,,,,,,AMD,,benchmark-spec-dataset
AMD Phenom II X2 B59,,,,Q1 2012,3.4 GHz,80.0,2,2,,,,,,,,AMD,AM2+/AM3,benchmark-spec-dataset
AMD Phenom II X3 700e,,,,Q4 2010,2.4 GHz,65.0,3,3,,,,,,,,AMD,AM3,benchmark-spec-dataset
AMD Phenom II X3 705e,,,,Q3 2009,2.5 GHz,65.0,3,3,,,,,,,,AMD,AM3,benchmark-spec-dataset
AMD Phenom II X3 710,,,,Q1 2009,2.6 GHz,95.0,3,3,,,,,,,,AMD,AM3,benchmark-spec-dataset
AMD Phenom II X3 720,,,,Q1 2009,2.8 GHz,95.0,3,3,,,,,,,,AMD,AM3,benchmark-spec-dataset
AMD Phenom II X3 740,,,,Q3 2010,3.0 GHz,95.0,3,3,,,,,,,,AMD,,benchmark-spec-dataset
AMD Phenom II X3 B73,,,,Q3 2010,2.8 GHz,95.0,3,3,,,,,,,,AMD,AM3,benchmark-spec-dataset
AMD Phenom II X3 B75,,,,Q3 2009,3.0 GHz,95.0,3,3,,,,,,,,AMD,AM3,benchmark-spec-dataset
AMD Phenom II X3 B77,,,,Q2 2012,3.2 GHz,95.0,3,3,,,,,,,,AMD,AM2+/AM3,benchmark-spec-dataset
AMD Phenom II X4 805,,,,Q2 2009,2.5 GHz,95.0,4,4,,,,,,,,AMD,AM3,benchmark-spec-dataset
AMD Phenom II X4 810,,,,Q1 2009,2.6 GHz,95.0,4,4,,,,,,,,AMD,AM3,benchmark-spec-dataset
AMD Phenom II X4 820,,,,Q4 2009,2.8 GHz,95.0,4,4,,,,,,,,AMD,AM3,benchmark-spec-dataset
AMD Phenom II X4 830,,,,Q3 2010,2.8 GHz,95.0,4,4,,,,,,,,AMD,AM2+/AM3,benchmark-spec-dataset
AMD Phenom II X4 840,,,,Q1 2011,3.2 GHz,95.0,4,4,,,,,,,,AMD,AM2+/AM3,benchmark-spec-dataset
AMD Phenom II X4 840T,,,,Q4 2010,2.9 GHz,95.0,4,4,,,,,,,,AMD,AM2+/AM3,benchmark-spec-dataset
AMD Phenom II X4 850,,,,Q3 2011,3.3 GHz,95.0,4,4,,,,,,,,AMD,AM2+/AM3,benchmark-spec-dataset
AMD Phenom II X4 900e,,,,Q4 2010,2.4 GHz,65.0,4,4,,,,,,,,AMD,AM3,benchmark-spec-dataset
AMD Phenom II X4 905e,,,,Q2 2009,2.5 GHz,65.0,4,4,,,,,,,,AMD,AM3,benchmark-spec-dataset
AMD Phenom II X4 910,,,,Q1 2009,2.6 GHz,95.0,4,4,,,,,,,,AMD,AM3,benchmark-spec-dataset
AMD Phenom II X4 910e,,,,Q2 2010,2.6 GHz,65.0,4,4,,,,,,,,AMD,AM3,benchmark-spec-dataset
AMD Phenom II X4 920,,,,Q1 2009,2.8 GHz,125.0,4,4,,,,,,,,AMD,AM2+,benchmark-spec-dataset
AMD Phenom II X4 925,,,,Q1 2009,2.8 GHz,95.0,4,4,,,,,,,,AMD,AM3,benchmark-spec-dataset
AMD Phenom II X4 940,,,,Q1 2009,3.0 GHz,125.0,4,4,,,,,,,,AMD,AM2+,benchmark-spec-dataset
AMD Phenom II X4 945,,,,Q2 2009,3.0 GHz,125.0,4,4,,,,,,,,AMD,AM3,benchmark-spec-dataset
AMD Phenom II X4 955,,,,Q1 2009,3.2 GHz,125.0,4,4,,,,,,,,AMD,AM3,benchmark-spec-dataset
AMD Phenom II X4 960T,,,,Q2 2011,3.0 GHz,95.0,4,4,,,,,,,,AMD,AM3,benchmark-spec-dataset
AMD Phenom II X4 965,,,,Q3 2009,3.4 GHz,125.0,4,4,,,,,,,,AMD,AM3,benchmark-spec-dataset
AMD Phenom II X4 970,,,,Q3 2010,3.5 GHz,125.0,4,4,,,,,,,,AMD,AM3,benchmark-spec-dataset
AMD Phenom II X4 975,,,,Q1 2011,3.6 GHz,125.0,4,4,,,,,,,,AMD,AM3,benchmark-spec-dataset
AMD Phenom II X4 977,,,,Q4 2012,3.2 GHz,95.0,4,4,,,,,,,,AMD,,benchmark-spec-dataset
AMD Phenom II X4 980,,,,Q3 2011,3.7 GHz,125.0,4,4,,,,,,,,AMD,AM3,benchmark-spec-dataset
AMD Phenom II X4 B70,,,,Q2 2016,3.5 GHz,65.0,4,4,,,,,,,,AMD,AM2+ (938-pin),benchmark-spec-dataset
AMD Phenom II X4 B93,,,,Q4 2010,2.8 GHz,95.0,4,4,,,,,,,,AMD,AM3,benchmark-spec-dataset
AMD Phenom II X4 B95,,,,Q1 2010,3.0 GHz,95.0,4,4,,,,,,,,AMD,AM3,benchmark-spec-dataset
AMD Phenom II X4 B97,,,,Q3 2010,3.2 GHz,95.0,4,4,,,,,,,,AMD,AM2+/AM3,benchmark-spec-dataset
AMD Phenom II X4 B99,,,,Q4 2011,3.3 GHz,95.0,4,4,,,,,,,,AMD,,benchmark-spec-dataset
AMD Phenom II X6 1035T,,,,Q2 2010,2.6 GHz,95.0,6,6,,,,,,,,AMD,AM3,benchmark-spec-dataset
AMD Phenom II X6 1045T,,,,Q3 2010,2.7 GHz,95.0,6,6,,,,,,,,AMD,AM3,benchmark-spec-dataset
AMD Phenom II X6 1055T,,,,Q2 2010,2.8 GHz,125.0,6,6,,,,,,,,AMD,AM3,benchmark-spec-dataset
AMD Phenom II X6 1065T,,,,Q1 2011,2.9 GHz,95.0,6,6,,,,,,,,AMD,AM3,benchmark-spec-dataset
AMD Phenom II X6 1075T,,,,Q3 2010,3.0 GHz,125.0,6,6,,,,,,,,AMD,AM3,benchmark-spec-dataset
AMD Phenom II X6 1090T,,,,Q2 2010,3.2 GHz,125.0,6,6,,,,,,,,AMD,AM3,benchmark-spec-dataset
AMD Phenom II X6 1100T,,,,Q4 2010,3.3 GHz,125.0,6,6,,,,,,,,AMD,AM3,benchmark-spec-dataset
AMD Phenom II X6 1405T,,,,Q1 2018,3.0 GHz,95.0,6,6,,,,,,,,AMD,AM2+.AM3,benchmark-spec-dataset
AMD Phenom II X620 Dual-Core,,,,Q1 2013,3.1 GHz,45.0,2,2,,,,,,,,AMD,S1,benchmark-spec-dataset
AMD Phenom II X640 Dual-Core,,,,Q2 2012,3.2 GHz,45.0,2,2,,,,,,,,AMD,S1,benchmark-spec-dataset
AMD Phenom II X920 Quad-Core,,,,Q3 2010,2.8 GHz,45.0,4,4,,,,,,,,AMD,S1,benchmark-spec-dataset
AMD Phenom II X940 Quad-Core,,,,Q3 2014,2.4 GHz,45.0,4,4,,,,,,,,AMD,S1,benchmark-spec-dataset
AMD Phenom X3 8550,,,,Q2 2009,2.2 GHz,95.0,3,3,,,,,,,,AMD,AM2/AM2+,benchmark-spec-dataset
AMD Phenom X4 Quad-Core GP-9500,,,,Q1 2009,2.2 GHz,95.0,4,4,,,,,,,,AMD,AM2+,benchmark-spec-dataset
AMD Phenom X4 Quad-Core GP-9600,,,,Q3 2009,2.3 GHz,95.0,4,4,,,,,,,,AMD,AM2+,benchmark-spec-dataset
AMD PRO A10-8700B,,,,Q4 2015,1.8 GHz,15.0,4,,,,,,,,,AMD,BGA (FP4),benchmark-spec-dataset
AMD PRO A10-8730B,,,,Q4 2016,2.4 GHz,15.0,4,,,,,,,,,AMD,FP4,benchmark-spec-dataset
AMD PRO A10-8750B,,,,Q4 2015,3.6 GHz,65.0,4,,,,,,,,,AMD,FM2+,benchmark-spec-dataset
AMD PRO A10-8770,,,,Q1 2017,3.5 GHz,65.0,4,,,,,,,,,AMD,AM4,benchmark-spec-dataset
AMD PRO A10-8770E,,,,Q1 2017,2.8 GHz,35.0,4,,,,,,,,,AMD,AM4,benchmark-spec-dataset
AMD PRO A10-8850B,,,,Q1 2016,3.9 GHz,95.0,4,,,,,,,,,AMD,FM2+,benchmark-spec-dataset
AMD PRO A10-9700B,,,,Q1 2018,2.5 GHz,15.0,4,,,,,,,,,AMD,FP4,benchmark-spec-dataset
AMD PRO A10-9700E,,,,Q3 2016,3.0 GHz,35.0,4,,,,,,,,,AMD,AM4,benchmark-spec-dataset
AMD PRO A12-8800B,,,,Q3 2015,2.1 GHz,15.0,4,,,,,,,,,AMD,FP4,benchmark-spec-dataset
AMD PRO A12-8830B,,,,Q3 2017,2.5 GHz,15.0,4,,,,,,,,,AMD,BGA (FP4),benchmark-spec-dataset
AMD PRO A12-8870,,,,Q1 2017,3.7 GHz,65.0,4,,,,,,,,,AMD,AM4,benchmark-spec-dataset
AMD PRO A12-8870E,,,,Q4 2016,2.9 GHz,35.0,4,,,,,,,,,AMD,AM4,benchmark-spec-dataset
AMD PRO A12-9800,,,,Q1 2017,3.8 GHz,65.0,4,,,,,,,,,AMD,AM4,benchmark-spec-dataset
AMD PRO A12-9800B,,,,Q3 2016,2.7 GHz,15.0,4,,,,,,,,,AMD,FP4,benchmark-spec-dataset
AMD PRO A4-3350B APU,,,,Q2 2016,2.0 GHz,15.0,4,4,,,,,,,,AMD,FT3b,benchmark-spec-dataset
AMD PRO A4-4350B,,,,Q4 2019,2.5 GHz,15.0,2,,,,,,,,,AMD,FT4,benchmark-spec-dataset
AMD PRO A4-8350B,,,,Q1 2016,3.5 GHz,65.0,2,,,,,,,,,AMD,FM2+,benchmark-spec-dataset
AMD PRO A6-7350B,,,,Q1 2018,3.0 GHz,15.0,2,,,,,,,,,AMD,FMA4,benchmark-spec-dataset
AMD PRO A6-8500B,,,,Q1 2016,1.6 GHz,15.0,2,,,,,,,,,AMD,FP4,benchmark-spec-dataset
AMD PRO A6-8530B,,,,Q1 2017,2.3 GHz,15.0,2,,,,,,,,,AMD,FP4,benchmark-spec-dataset
AMD PRO A6-8550B,,,,Q2 2016,3.7 GHz,65.0,2,,,,,,,,,AMD,FM2+,benchmark-spec-dataset
AMD PRO A6-9500,,,,Q1 2017,3.5 GHz,65.0,2,,,,,,,,,AMD,AM4,benchmark-spec-dataset
AMD PRO A6-9500B,,,,Q1 2017,2.3 GHz,15.0,2,,,,,,,,,AMD,FP4,benchmark-spec-dataset
AMD PRO A6-9500E,,,,Q1 2017,3.0 GHz,35.0,2,,,,,,,,,AMD,AM4,benchmark-spec-dataset
AMD PRO A8-8600B,,,,Q4 2015,1.6 GHz,15.0,4,,,,,,,,,AMD,BGA (FP4),benchmark-spec-dataset
AMD PRO A8-8650B,,,,Q4 2015,3.2 GHz,65.0,4,,,,,,,,,AMD,FM2+,benchmark-spec-dataset
AMD PRO A8-8670E,,,,Q3 2017,2.8 GHz,35.0,4,,,,,,,,,AMD,AM4,benchmark-spec-dataset
AMD PRO A8-9600,,,,Q3 2016,3.1 GHz,65.0,4,,,,,,,,,AMD,AM4,benchmark-spec-dataset
AMD PRO A8-9600B,,,,Q1 2017,2.4 GHz,15.0,4,,,,,,,,,AMD,FP4,benchmark-spec-dataset
AMD QC-4000,,,,Q2 2015,1.3 GHz,15.0,4,4,,,,,,,,AMD,FT3,benchmark-spec-dataset
AMD R-260H APU,,,,Q1 2017,2.1 GHz,17.0,2,,,,,,,,,AMD,BGA827 (FP2),benchmark-spec-dataset
AMD R-272F APU,,,,Q4 2019,2.7 GHz,35.0,2,,,,,,,,,AMD,FS1,benchmark-spec-dataset
AMD R-460L APU,,,,Q1 2015,2.0 GHz,25.0,4,,,,,,,,,AMD,BGA827 (FP2),benchmark-spec-dataset
AMD R-464L APU,,,,Q3 2012,2.3 GHz,35.0,4,,,,,,,,,AMD,FS1r2,benchmark-spec-dataset
AMD RX-425BB,,,,Q2 2021,2.5 GHz,35.0,4,,,,,,,,,AMD,FP3,benchmark-spec-dataset
AMD RX-427BB,,,,Q1 2015,2.7 GHz,35.0,4,,,,,,,,,AMD,FP3,benchmark-spec-dataset
AMD Ryzen 3 5300GE,,,,Q2 2021,3.6 GHz,35.0,4,8,,,,,,,,AMD,AM4,benchmark-spec-dataset
AMD Ryzen 3 PRO 2100GE,,,,Q2 2019,3.2 GHz,35.0,2,4,,,,,,,,AMD,AM4,benchmark-spec-dataset
AMD Ryzen 3 PRO 2200G,,,,Q1 2018,3.5 GHz,65.0,4,4,,,,,,,,AMD,AM4,benchmark-spec-dataset
AMD Ryzen 3 PRO 4200G,,,,Q1 2021,3.8 GHz,65.0,4,8,,,,,,,,AMD,FP6,benchmark-spec-dataset
AMD Ryzen 3 PRO 4200GE,,,,Q4 2020,1.7 GHz,35.0,4,8,,,,,,,,AMD,,benchmark-spec-dataset
AMD Ryzen 5 3350G,,,,Q4 2020,3.6 GHz,65.0,4,8,,,,,,,,AMD,AM4,benchmark-spec-dataset
AMD Ryzen 5 3350GE,,,,Q3 2020,3.3 GHz,35.0,4,8,,,,,,,,AMD,,benchmark-spec-dataset
AMD Ryzen 5 3500,,,,Q4 2019,3.6 GHz,65.0,6,6,,,,,,,,AMD,AM4,benchmark-spec-dataset
AMD Ryzen 5 3550U,,,,Q3 2020,2.1 GHz,15.0,4,8,,,,,,,,AMD,,benchmark-spec-dataset
AMD Ryzen 5 4400G,,,,Q2 2023,3.7 GHz,65.0,6,12,,,,,,,,AMD,AM4,benchmark-spec-dataset
AMD Ryzen 5 6600HS Creator Edition,,,,Q3 2022,3.3 GHz,35.0,6,12,,,,,,,,AMD,FP7,benchmark-spec-dataset
AMD Ryzen 5 PRO 4400GE,,,,Q4 2020,3.3 GHz,35.0,6,12,,,,,,,,AMD,,benchmark-spec-dataset
AMD Ryzen 5 PRO 4500U,,,,Q2 2020,2.3 GHz,15.0,6,12,,,,,,,,AMD,FP6,benchmark-spec-dataset
AMD Ryzen 7 4850U Mobile,,,,Q1 2022,1.7 GHz,15.0,8,16,,,,,,,,AMD,FP6,benchmark-spec-dataset
AMD Ryzen 7 6800HS Creator Edition,,,,Q3 2022,3.2 GHz,35.0,8,16,,,,,,,,AMD,FP7,benchmark-spec-dataset
AMD Ryzen 7 7840H,,,,Q3 2023,3.8 GHz,54.0,8,16,,,,,,,,AMD,FP7 FP7r2 FP8,benchmark-spec-dataset
AMD Ryzen 7 PRO 4700G,,,,Q3 2020,3.6 GHz,65.0,8,16,,,,,,,,AMD,AM4,benchmark-spec-dataset
AMD Ryzen 9 3900,,,,Q4 2019,3.1 GHz,65.0,12,24,,,,,,,,AMD,AM4,benchmark-spec-dataset
AMD Ryzen 9 5900HS Creator Edition,,,,Q4 2021,3.3 GHz,35.0,8,16,,,,,,,,AMD,,benchmark-spec-dataset
[5-Way] AMD Ryzen 9 5950X,,,,Q4 2020,3.4 GHz,105.0,16,32,,,,,,,,AMD,AM4,benchmark-spec-dataset
AMD Ryzen 9 5980HX,,,,Q4 2021,3.3 GHz,45.0,8,16,,,,,,,,AMD,FP6,benchmark-spec-dataset
AMD Ryzen 9 6900HS Creator Edition,,,,Q3 2022,3.3 GHz,35.0,8,16,,,,,,,,AMD,FP7,benchmark-spec-dataset
AMD Ryzen 9 7940H,,,,Q2 2023,4.0 GHz,54.0,8,16,,,,,,,,AMD,FP7 FP7r2 FP8,benchmark-spec-dataset
AMD Ryzen Embedded R2312,,,,Q2 2022,2.7 GHz,25.0,2,4,,,,,,,,AMD,FP5,benchmark-spec-dataset
AMD Ryzen Embedded V1404I,,,,Q1 2020,2.0 GHz,15.0,4,8,,,,,,,,AMD,,benchmark-spec-dataset
AMD Ryzen Embedded V1500B,,,,Q2 2021,2.2 GHz,16.0,4,8,,,,,,,,AMD,BGA1140,benchmark-spec-dataset
AMD Ryzen Embedded V3C48,,,,Q4 2022,3.3 GHz,45.0,8,16,,,,,,,,AMD,,benchmark-spec-dataset
AMD Ryzen Threadripper 1920,,,,Q3 2021,3.2 GHz,140.0,12,24,,,,,,,,AMD,sTR4,benchmark-spec-dataset
AMD Ryzen Threadripper 2990X,,,,Q4 2018,3.4 GHz,250.0,32,64,,,,,,,,AMD,TR4,benchmark-spec-dataset
AMD Ryzen Z1 Extreme,,,,Q2 2023,3.3 GHz,9.0,8,16,,,,,,,,AMD,,benchmark-spec-dataset
AMD Sempron 130,,,,Q2 2012,2.6 GHz,45.0,1,1,,,,,,,,AMD,AM2+/AM3,benchmark-spec-dataset
AMD Sempron 140,,,,Q3 2009,2.7 GHz,45.0,1,1,,,,,,,,AMD,AM3,benchmark-spec-dataset
AMD Sempron 145,,,,Q4 2010,2.8 GHz,45.0,1,1,,,,,,,,AMD,AM3,benchmark-spec-dataset
AMD Sempron 150,,,,Q2 2011,2.9 GHz,45.0,1,1,,,,,,,,AMD,AM3,benchmark-spec-dataset
AMD Sempron 200U,,,,Q2 2011,1.0 GHz,8.0,1,1,,,,,,,,AMD,,benchmark-spec-dataset
AMD Sempron 210U,,,,Q3 2009,1.5 GHz,15.0,1,1,,,,,,,,AMD,,benchmark-spec-dataset
AMD Sempron 240,,,,Q4 2018,2.9 GHz,65.0,2,,,,,,,,,AMD,FM2,benchmark-spec-dataset
AMD Sempron 2650 APU,,,,Q2 2014,1.5 GHz,25.0,2,2,,,,,,,,AMD,AM1.FSB1,benchmark-spec-dataset
AMD Sempron 2800+,,,,Q4 2008,2.0 GHz,62.0,1,1,,,,,,,,AMD,AM2,benchmark-spec-dataset
AMD Sempron 3000+,,,,Q4 2008,2.0 GHz,62.0,1,1,,,,,,,,AMD,AM2,benchmark-spec-dataset
AMD Sempron 3100+,,,,Q1 2009,1.8 GHz,62.0,1,1,,,,,,,,AMD,754,benchmark-spec-dataset
AMD Sempron 3200+,,,,Q1 2009,1.8 GHz,62.0,1,1,,,,,,,,AMD,AM2,benchmark-spec-dataset
AMD Sempron 3300+,,,,Q4 2008,2.2 GHz,62.0,1,1,,,,,,,,AMD,754,benchmark-spec-dataset
AMD Sempron 3400+,,,,Q4 2008,2.0 GHz,62.0,1,1,,,,,,,,AMD,AM2,benchmark-spec-dataset
AMD Sempron 3500+,,,,Q1 2009,2.0 GHz,62.0,1,1,,,,,,,,AMD,AM2,benchmark-spec-dataset
AMD Sempron 3600+,,,,Q1 2009,2.0 GHz,62.0,1,1,,,,,,,,AMD,AM2,benchmark-spec-dataset
AMD Sempron 3800+,,,,Q4 2008,2.2 GHz,62.0,1,1,,,,,,,,AMD,AM2,benchmark-spec-dataset
AMD Sempron 3850 APU,,,,Q2 2014,1.3 GHz,25.0,4,4,,,,,,,,AMD,AM1.FS1b,benchmark-spec-dataset
AMD Sempron Dual Core 2100,,,,Q1 2009,1.8 GHz,65.0,2,2,,,,,,,,AMD,,benchmark-spec-dataset
AMD Sempron Dual Core 2200,,,,Q2 2009,2.0 GHz,65.0,2,2,,,,,,,,AMD,,benchmark-spec-dataset
AMD Sempron Dual Core 2300,,,,Q3 2009,2.2 GHz,65.0,2,2,,,,,,,,AMD,,benchmark-spec-dataset
AMD Sempron LE-1100,,,,Q1 2009,1.9 GHz,45.0,1,1,,,,,,,,AMD,AM2,benchmark-spec-dataset
AMD Sempron LE-1150,,,,Q1 2009,2.0 GHz,45.0,1,1,,,,,,,,AMD,AM2,benchmark-spec-dataset
AMD Sempron LE-1200,,,,Q1 2009,2.1 GHz,45.0,1,1,,,,,,,,AMD,AM2,benchmark-spec-dataset
AMD Sempron LE-1250,,,,Q1 2009,2.2 GHz,45.0,1,1,,,,,,,,AMD,AM2,benchmark-spec-dataset
AMD Sempron LE-1300,,,,Q2 2009,2.3 GHz,45.0,1,1,,,,,,,,AMD,AM2,benchmark-spec-dataset
AMD Sempron M120,,,,Q1 2010,2.1 GHz,25.0,1,1,,,,,,,,AMD,S1,benchmark-spec-dataset
AMD Sempron SI-40,,,,Q1 2009,2.0 GHz,25.0,1,1,,,,,,,,AMD,S1,benchmark-spec-dataset
AMD Sempron SI-42,,,,Q1 2009,2.1 GHz,25.0,1,1,,,,,,,,AMD,S1,benchmark-spec-dataset
AMD Sempron X2 180,,,,Q4 2011,2.4 GHz,45.0,2,2,,,,,,,,AMD,,benchmark-spec-dataset
AMD Sempron X2 190,,,,Q2 2012,2.5 GHz,45.0,2,2,,,,,,,,AMD,AM2+/AM3,benchmark-spec-dataset
AMD Sempron X2 198 Dual-Core,,,,Q2 2015,2.5 GHz,65.0,2,2,,,,,,,,AMD,FM1,benchmark-spec-dataset
AMD Turion 64 Mobile MK-36,,,,Q1 2009,2.0 GHz,31.0,1,1,,,,,,,,AMD,S1,benchmark-spec-dataset
AMD Turion 64 Mobile MK-38,,,,Q1 2009,2.2 GHz,31.0,1,1,,,,,,,,AMD,S1,benchmark-spec-dataset
AMD Turion 64 Mobile ML-28,,,,Q1 2009,1.6 GHz,25.0,1,1,,,,,,,,AMD,754,benchmark-spec-dataset
AMD Turion 64 Mobile ML-30,,,,Q1 2009,1.6 GHz,35.0,1,1,,,,,,,,AMD,754,benchmark-spec-dataset
AMD Turion 64 Mobile ML-32,,,,Q4 2008,1.8 GHz,35.0,1,1,,,,,,,,AMD,754,benchmark-spec-dataset
AMD Turion 64 Mobile ML-34,,,,Q1 2009,1.8 GHz,35.0,1,1,,,,,,,,AMD,754,benchmark-spec-dataset
AMD Turion 64 Mobile ML-37,,,,Q1 2009,2.0 GHz,35.0,1,1,,,,,,,,AMD,754,benchmark-spec-dataset
AMD Turion 64 Mobile ML-40,,,,Q1 2009,2.2 GHz,35.0,1,1,,,,,,,,AMD,754,benchmark-spec-dataset
AMD Turion 64 Mobile ML-42,,,,Q2 2009,2.4 GHz,35.0,1,1,,,,,,,,AMD,754,benchmark-spec-dataset
AMD Turion 64 Mobile ML-44,,,,Q1 2009,2.4 GHz,35.0,1,1,,,,,,,,AMD,754,benchmark-spec-dataset
AMD Turion 64 Mobile MT-30,,,,Q1 2009,1.6 GHz,25.0,1,1,,,,,,,,AMD,754,benchmark-spec-dataset
AMD Turion 64 Mobile MT-32,,,,Q1 2009,1.8 GHz,24.0,1,1,,,,,,,,AMD,754,benchmark-spec-dataset
AMD Turion 64 Mobile MT-34,,,,Q1 2009,1.8 GHz,24.0,1,1,,,,,,,,AMD,754,benchmark-spec-dataset
AMD Turion 64 Mobile MT-37,,,,Q1 2009,2.0 GHz,25.0,1,1,,,,,,,,AMD,754,benchmark-spec-dataset
AMD Turion 64 X2 Mobile TL-50,,,,Q1 2009,1.6 GHz,31.0,2,2,,,,,,,,AMD,S1,benchmark-spec-dataset
AMD Turion 64 X2 Mobile TL-52,,,,Q1 2009,1.6 GHz,31.0,2,2,,,,,,,,AMD,S1,benchmark-spec-dataset
AMD Turion 64 X2 Mobile TL-56,,,,Q1 2009,1.8 GHz,31.0,2,2,,,,,,,,AMD,S1,benchmark-spec-dataset
AMD Turion 64 X2 Mobile TL-58,,,,Q1 2009,1.9 GHz,31.0,2,2,,,,,,,,AMD,S1,benchmark-spec-dataset
AMD Turion 64 X2 Mobile TL-60,,,,Q1 2009,2.0 GHz,31.0,2,2,,,,,,,,AMD,S1,benchmark-spec-dataset
AMD Turion 64 X2 Mobile TL-62,,,,Q1 2009,2.1 GHz,35.0,2,2,,,,,,,,AMD,S1,benchmark-spec-dataset
AMD Turion 64 X2 Mobile TL-64,,,,Q1 2009,2.2 GHz,35.0,2,2,,,,,,,,AMD,S1,benchmark-spec-dataset
AMD Turion 64 X2 Mobile TL-66,,,,Q2 2009,2.3 GHz,35.0,2,2,,,,,,,,AMD,S1,benchmark-spec-dataset
AMD Turion 64 X2 Mobile TL-68,,,,Q1 2009,2.4 GHz,35.0,2,2,,,,,,,,AMD,S1,benchmark-spec-dataset
AMD Turion Dual-Core RM-70,,,,Q4 2008,2.0 GHz,31.0,2,2,,,,,,,,AMD,S1,benchmark-spec-dataset
AMD Turion Dual-Core RM-72,,,,Q1 2009,2.1 GHz,35.0,2,2,,,,,,,,AMD,S1,benchmark-spec-dataset
AMD Turion Dual-Core RM-74,,,,Q1 2014,2.2 GHz,35.0,2,2,,,,,,,,AMD,S1,benchmark-spec-dataset
AMD Turion Dual-Core RM-75,,,,Q3 2009,2.2 GHz,35.0,2,2,,,,,,,,AMD,S1,benchmark-spec-dataset
AMD Turion II Dual-Core Mobile M500,,,,Q4 2009,2.2 GHz,35.0,2,2,,,,,,,,AMD,S1,benchmark-spec-dataset
AMD Turion II Dual-Core Mobile M520,,,,Q4 2009,2.3 GHz,35.0,2,2,,,,,,,,AMD,S1,benchmark-spec-dataset
AMD Turion II Dual-Core Mobile M540,,,,Q3 2011,2.4 GHz,35.0,2,2,,,,,,,,AMD,S1,benchmark-spec-dataset
AMD Turion II N530 Dual-Core,,,,Q2 2010,2.5 GHz,35.0,2,2,,,,,,,,AMD,S1,benchmark-spec-dataset
AMD Turion II N550 Dual-Core,,,,Q1 2011,2.6 GHz,35.0,2,2,,,,,,,,AMD,S1,benchmark-spec-dataset
AMD Turion II Neo K625 Dual-Core,,,,Q2 2010,1.5 GHz,15.0,2,2,,,,,,,,AMD,S1,benchmark-spec-dataset
AMD Turion II Neo K685 Dual-Core,,,,Q1 2011,1.8 GHz,15.0,2,2,,,,,,,,AMD,BGA812,benchmark-spec-dataset
AMD Turion II Neo N40L Dual-Core,,,,Q4 2011,1.5 GHz,15.0,2,2,,,,,,,,AMD,BGA812,benchmark-spec-dataset
AMD Turion II Neo N54L Dual-Core,,,,Q4 2011,2.2 GHz,25.0,2,2,,,,,,,,AMD,BGA812,benchmark-spec-dataset
AMD Turion II P520 Dual-Core,,,,Q2 2010,2.3 GHz,25.0,2,2,,,,,,,,AMD,S1,benchmark-spec-dataset
AMD Turion II P540 Dual-Core,,,,Q3 2010,2.4 GHz,35.0,2,2,,,,,,,,AMD,S1,benchmark-spec-dataset
AMD Turion II P560 Dual-Core,,,,Q1 2011,2.5 GHz,25.0,2,2,,,,,,,,AMD,S1,benchmark-spec-dataset
AMD Turion II Ultra Dual-Core Mobile M600,,,,Q4 2009,2.4 GHz,35.0,2,2,,,,,,,,AMD,S1,benchmark-spec-dataset
AMD Turion II Ultra Dual-Core Mobile M620,,,,Q1 2010,2.5 GHz,35.0,2,2,,,,,,,,AMD,S1,benchmark-spec-dataset
AMD Turion II Ultra Dual-Core Mobile M640,,,,Q4 2009,2.6 GHz,35.0,2,2,,,,,,,,AMD,S1,benchmark-spec-dataset
AMD Turion II Ultra Dual-Core Mobile M660,,,,Q1 2010,2.7 GHz,35.0,2,2,,,,,,,,AMD,S1,benchmark-spec-dataset
AMD Turion Neo X2 Dual Core L625,,,,Q2 2009,1.6 GHz,18.0,2,2,,,,,,,,AMD,ASB1,benchmark-spec-dataset
AMD Turion X2 Dual Core L510,,,,Q3 2010,1.6 GHz,20.0,2,2,,,,,,,,AMD,ASB1,benchmark-spec-dataset
AMD Turion X2 Dual Core Mobile RM-70,,,,Q4 2009,2.0 GHz,31.0,2,2,,,,,,,,AMD,S1,benchmark-spec-dataset
AMD Turion X2 Dual Core Mobile RM-76,,,,Q3 2009,2.3 GHz,35.0,2,2,,,,,,,,AMD,S1,benchmark-spec-dataset
AMD Turion X2 Dual-Core Mobile RM-70,,,,Q1 2009,2.0 GHz,31.0,2,2,,,,,,,,AMD,S1,benchmark-spec-dataset
AMD Turion X2 Dual-Core Mobile RM-72,,,,Q4 2008,2.1 GHz,35.0,2,2,,,,,,,,AMD,S1,benchmark-spec-dataset
AMD Turion X2 Dual-Core Mobile RM-74,,,,Q2 2009,2.2 GHz,35.0,2,2,,,,,,,,AMD,S1,benchmark-spec-dataset
AMD Turion X2 Dual-Core Mobile RM-75,,,,Q2 2009,2.2 GHz,35.0,2,2,,,,,,,,AMD,S1,benchmark-spec-dataset
AMD Turion X2 Dual-Core Mobile RM-77,,,,Q3 2009,2.3 GHz,35.0,2,2,,,,,,,,AMD,S1,benchmark-spec-dataset
AMD Turion X2 Ultra Dual-Core Mobile ZM-80,,,,Q1 2009,2.1 GHz,32.0,2,2,,,,,,,,AMD,S1,benchmark-spec-dataset
AMD Turion X2 Ultra Dual-Core Mobile ZM-82,,,,Q1 2009,2.2 GHz,35.0,2,2,,,,,,,,AMD,S1,benchmark-spec-dataset
AMD Turion X2 Ultra Dual-Core Mobile ZM-84,,,,Q1 2009,2.3 GHz,35.0,2,2,,,,,,,,AMD,S1,benchmark-spec-dataset
AMD Turion X2 Ultra Dual-Core Mobile ZM-85,,,,Q3 2009,2.3 GHz,35.0,2,2,,,,,,,,AMD,S1,benchmark-spec-dataset
AMD Turion X2 Ultra Dual-Core Mobile ZM-86,,,,Q2 2009,2.4 GHz,35.0,2,2,,,,,,,,AMD,S1,benchmark-spec-dataset
AMD Turion X2 Ultra Dual-Core Mobile ZM-87,,,,Q2 2009,2.4 GHz,35.0,2,2,,,,,,,,AMD,S1,benchmark-spec-dataset
AMD TurionX2 Dual Core Mobile RM-70,,,,Q1 2009,2.0 GHz,31.0,2,2,,,,,,,,AMD,S1,benchmark-spec-dataset
AMD TurionX2 Dual Core Mobile RM-72,,,,Q2 2009,2.1 GHz,35.0,2,2,,,,,,,,AMD,S1,benchmark-spec-dataset
AMD TurionX2 Ultra DualCore Mobile ZM-85,,,,Q1 2014,2.3 GHz,35.0,2,2,,,,,,,,AMD,S1,benchmark-spec-dataset
AMD TurionX2 Ultra DualCore Mobile ZM-87,,,,Q1 2022,2.4 GHz,35.0,2,2,,,,,,,,AMD,S1,benchmark-spec-dataset
AMD V105,,,,Q4 2010,1.2 GHz,9.0,1,1,,,,,,,,AMD,BGA812,benchmark-spec-dataset
AMD V120,,,,Q2 2010,2.2 GHz,25.0,1,1,,,,,,,,AMD,S1,benchmark-spec-dataset
AMD V140,,,,Q4 2010,2.3 GHz,25.0,1,1,,,,,,,,AMD,S1,benchmark-spec-dataset
AMD V160,,,,Q1 2011,2.4 GHz,25.0,1,1,,,,,,,,AMD,S1,benchmark-spec-dataset
AMD Z-60 APU,,,,Q1 2013,1.0 GHz,4.5,2,2,,,,,,,,AMD,FT1,benchmark-spec-dataset
Apple M1 8 Core 3200 MHz,,,,Q1 2021,,15.1,,,,,,,,,,Apple,,benchmark-spec-dataset
Apple M1 Ultra 20 Core,,,,Q1 2022,,60.0,,,,,,,,,,Apple,,benchmark-spec-dataset
Athlon 64 Dual Core 3800+,,,,Q2 2014,2.0 GHz,35.0,2,2,,,,,,,,Other,,benchmark-spec-dataset
Athlon 64 Dual Core 5000+,,,,Q1 2009,2.6 GHz,89.0,2,2,,,,,,,,Other,,benchmark-spec-dataset
Athlon 64 Dual Core 5600+,,,,Q1 2010,2.9 GHz,65.0,2,2,,,,,,,,Other,AM2,benchmark-spec-dataset
Athlon Dual Core 4050e,,,,Q4 2009,2.1 GHz,45.0,2,2,,,,,,,,Other,AM2,benchmark-spec-dataset
Athlon Dual Core 4450e,,,,Q4 2009,2.3 GHz,45.0,2,2,,,,,,,,Other,AM2,benchmark-spec-dataset
Athlon Dual Core 4850e,,,,Q2 2009,2.5 GHz,45.0,2,2,,,,,,,,Other,AM2,benchmark-spec-dataset
Celeron Dual-Core T3000 @ 1.80GHz,,,,Q3 2009,1.8 GHz,35.0,2,2,,,,,,,,Other,PGA478,benchmark-spec-dataset
Celeron Dual-Core T3100 @ 1.90GHz,,,,Q4 2009,1.9 GHz,35.0,2,2,,,,,,,,Other,BGA479,benchmark-spec-dataset
Celeron Dual-Core T3300 @ 2.00GHz,,,,Q3 2010,2.0 GHz,35.0,2,2,,,,,,,,Other,Î¼FCPGA-478,benchmark-spec-dataset
Celeron Dual-Core T3500 @ 2.10GHz,,,,Q4 2010,2.1 GHz,35.0,2,2,,,,,,,,Other,PGA478,benchmark-spec-dataset
Dual-Core AMD Opteron 1220 SE,,,,Q3 2016,2.8 GHz,103.0,2,2,,,,,,,,AMD,AM2,benchmark-spec-dataset
Hygon C86 3185 8-core,,,,Q4 2022,2.0 GHz,95.0,8,16,,,,,,,,Other,,benchmark-spec-dataset
Intel Atom 230 @ 1.60GHz,,,,Q1 2009,1.6 GHz,4.0,1,2,,,,,,,,Intel,BGA437,benchmark-spec-dataset
Intel Atom 330 @ 1.60GHz,,,,Q1 2009,1.6 GHz,8.0,2,4,,,,,,,,Intel,BGA437,benchmark-spec-dataset
Intel Atom C2338 @ 1.74GHz,,,,Q4 2014,1.7 GHz,7.0,2,2,,,,,,,,Intel,FCBGA1283,benchmark-spec-dataset
Intel Atom C2350 @ 1.74GHz,,,,Q4 2021,1.7 GHz,6.0,2,2,,,,,,,,Intel,FCBGA1283,benchmark-spec-dataset
Intel Atom C2358 @ 1.74GHz,,,,Q2 2016,1.7 GHz,7.0,2,2,,,,,,,,Intel,FCBGA1283,benchmark-spec-dataset
Intel Atom C2538 @ 2.40GHz,,,,Q2 2018,2.4 GHz,15.0,4,4,,,,,,,,Intel,FCBGA1283,benchmark-spec-dataset
Intel Atom C2550 @ 2.40GHz,,,,Q3 2014,2.4 GHz,14.0,4,4,,,,,,,,Intel,FCBGA1283,benchmark-spec-dataset
Intel Atom C2558 @ 2.40GHz,,,,Q3 2015,2.4 GHz,15.0,4,4,,,,,,,,Intel,BGA 1283,benchmark-spec-dataset
Intel Atom C2750 @ 2.40GHz,,,,Q1 2014,2.4 GHz,20.0,8,8,,,,,,,,Intel,FCBGA1283,benchmark-spec-dataset
Intel Atom C2750 @ 2.41GHz,,,,Q2 2015,2.4 GHz,20.0,8,8,,,,,,,,Intel,BGA 1283,benchmark-spec-dataset
Intel Atom C2758 @ 2.40GHz,,,,Q3 2015,2.4 GHz,20.0,8,8,,,,,,,,Intel,BGA 1283,benchmark-spec-dataset
Intel Atom C3338 @ 1.50GHz,,,,Q2 2021,1.5 GHz,8.5,2,2,,,,,,,,Intel,FCBGA1310,benchmark-spec-dataset
Intel Atom C3538 @ 2.10GHz,,,,Q2 2018,2.1 GHz,15.0,4,4,,,,,,,,Intel,FCBGA1310,benchmark-spec-dataset
Intel Atom C3558 @ 2.20GHz,,,,Q4 2017,2.2 GHz,16.0,4,4,,,,,,,,Intel,FCBGA1310,benchmark-spec-dataset
Intel Atom C3758 @ 2.20GHz,,,,Q2 2020,2.2 GHz,25.0,8,8,,,,,,,,Intel,FCBGA1310,benchmark-spec-dataset
Intel Atom C3858 @ 2.00GHz,,,,Q3 2018,2.0 GHz,25.0,12,12,,,,,,,,Intel,FCBGA1310,benchmark-spec-dataset
Intel Atom C3958 @ 2.00GHz,,,,Q3 2019,2.0 GHz,31.0,16,16,,,,,,,,Intel,FCBGA1310,benchmark-spec-dataset
Intel Atom C5125,,,,Q4 2022,2.8 GHz,50.0,8,8,,,,,,,,Intel,FCBGA2106,benchmark-spec-dataset
Intel Atom D2500 @ 1.86GHz,,,,Q2 2012,1.9 GHz,10.0,2,2,,,,,,,,Intel,BGA559,benchmark-spec-dataset
Intel Atom D2550 @ 1.86GHz,,,,Q3 2012,1.9 GHz,10.0,2,4,,,,,,,,Intel,BGA559,benchmark-spec-dataset
Intel Atom D2560 @ 2.00GHz,,,,Q4 2013,2.0 GHz,10.0,2,4,,,,,,,,Intel,,benchmark-spec-dataset
Intel Atom D2700 @ 2.13GHz,,,,Q4 2011,2.1 GHz,10.0,2,4,,,,,,,,Intel,BGA559,benchmark-spec-dataset
Intel Atom D2701 @ 2.13GHz,,,,Q2 2013,2.1 GHz,10.0,2,4,,,,,,,,Intel,BGA559,benchmark-spec-dataset
Intel Atom D410 @ 1.66GHz,,,,Q1 2010,1.7 GHz,10.0,1,2,,,,,,,,Intel,BGA559,benchmark-spec-dataset
Intel Atom D425 @ 1.80GHz,,,,Q1 2011,1.8 GHz,10.0,1,2,,,,,,,,Intel,BGA559,benchmark-spec-dataset
Intel Atom D510 @ 1.66GHz,,,,Q1 2010,1.7 GHz,13.0,2,4,,,,,,,,Intel,BGA559,benchmark-spec-dataset
Intel Atom D525 @ 1.80GHz,,,,Q2 2010,1.8 GHz,13.0,2,4,,,,,,,,Intel,BGA559,benchmark-spec-dataset
Intel Atom E3805 @ 1.33GHz,,,,Q3 2022,1.3 GHz,3.0,2,2,,,,,,,,Intel,FCBGA1170,benchmark-spec-dataset
Intel Atom E3815 @ 1.46GHz,,,,Q2 2014,1.5 GHz,5.0,1,1,,,,,,,,Intel,FCBGA1170,benchmark-spec-dataset
Intel Atom E3825 @ 1.33GHz,,,,Q2 2014,1.3 GHz,6.0,2,2,,,,,,,,Intel,FCBGA1170,benchmark-spec-dataset
Intel Atom E3826 @ 1.46GHz,,,,Q2 2016,1.5 GHz,7.0,2,2,,,,,,,,Intel,FCBGA1170,benchmark-spec-dataset
Intel Atom E3827 @ 1.74GHz,,,,Q1 2016,1.7 GHz,8.0,2,2,,,,,,,,Intel,FCBGA1170,benchmark-spec-dataset
Intel Atom E3845 @ 1.91GHz,,,,Q2 2014,1.9 GHz,10.0,4,4,,,,,,,,Intel,FCBGA1170,benchmark-spec-dataset
Intel Atom E3940 @ 1.60GHz,,,,Q2 2018,1.6 GHz,9.5,4,4,,,,,,,,Intel,,benchmark-spec-dataset
Intel Atom E3950 @ 1.60GHz,,,,Q4 2016,1.6 GHz,12.0,4,4,,,,,,,,Intel,BGA1296,benchmark-spec-dataset
Intel Atom N2600 @ 1.60GHz,,,,Q1 2012,1.6 GHz,3.5,2,4,,,,,,,,Intel,BGA559,benchmark-spec-dataset
Intel Atom N270 @ 1.60GHz,,,,Q1 2009,1.6 GHz,2.5,1,2,,,,,,,,Intel,BGA437,benchmark-spec-dataset
Intel Atom N280 @ 1.66GHz,,,,Q1 2009,1.7 GHz,2.5,1,2,,,,,,,,Intel,BGA437,benchmark-spec-dataset
Intel Atom N2800 @ 1.86GHz,,,,Q4 2011,1.9 GHz,6.5,2,4,,,,,,,,Intel,BGA559,benchmark-spec-dataset
Intel Atom N450 @ 1.66GHz,,,,Q1 2010,1.7 GHz,5.5,1,2,,,,,,,,Intel,BGA559,benchmark-spec-dataset
Intel Atom N455 @ 1.66GHz,,,,Q3 2010,1.7 GHz,6.5,1,2,,,,,,,,Intel,BGA559,benchmark-spec-dataset
Intel Atom N470 @ 1.83GHz,,,,Q2 2010,1.8 GHz,6.5,1,2,,,,,,,,Intel,BGA559,benchmark-spec-dataset
Intel Atom N475 @ 1.83GHz,,,,Q3 2010,1.8 GHz,6.5,1,2,,,,,,,,Intel,BGA559,benchmark-spec-dataset
Intel Atom N550 @ 1.50GHz,,,,Q3 2010,1.5 GHz,8.5,2,4,,,,,,,,Intel,BGA559,benchmark-spec-dataset
Intel Atom N570 @ 1.66GHz,,,,Q2 2011,1.7 GHz,8.5,2,4,,,,,,,,Intel,BGA559,benchmark-spec-dataset
Intel Atom S1260 @ 2.00GHz,,,,Q2 2013,2.0 GHz,8.5,2,4,,,,,,,,Intel,FCBGA1283,benchmark-spec-dataset
Intel Atom x5-E3930 @ 1.30GHz,,,,Q1 2017,1.3 GHz,6.5,2,2,,,,,,,,Intel,BGA1296,benchmark-spec-dataset
Intel Atom x5-E8000 @ 1.04GHz,,,,Q2 2016,1.0 GHz,5.0,4,4,,,,,,,,Intel,FCBGA1170,benchmark-spec-dataset
Intel Atom x5-Z8300 @ 1.44GHz,,,,Q3 2015,1.4 GHz,4.0,4,4,,,,,,,,Intel,UTFCBGA592,benchmark-spec-dataset
Intel Atom x5-Z8330 @ 1.44GHz,,,,Q3 2016,1.4 GHz,4.0,4,4,,,,,,,,Intel,,benchmark-spec-dataset
Intel Atom x5-Z8350 @ 1.44GHz,,,,Q2 2016,1.4 GHz,4.0,4,4,,,,,,,,Intel,UTFCBGA592,benchmark-spec-dataset
Intel Atom x5-Z8500 @ 1.44GHz,,,,Q3 2015,1.4 GHz,4.0,4,4,,,,,,,,Intel,UTFCBGA1380,benchmark-spec-dataset
Intel Atom x5-Z8550 @ 1.44GHz,,,,Q3 2016,1.4 GHz,4.0,4,4,,,,,,,,Intel,UTFCBGA1380,benchmark-spec-dataset
Intel Atom x6211E @ 1.20GHz,,,,Q2 2021,1.2 GHz,6.0,2,2,,,,,,,,Intel,FCBGA1493,benchmark-spec-dataset
Intel Atom x6211E @ 1.30GHz,,,,Q3 2022,1.3 GHz,6.0,2,2,,,,,,,,Intel,FCBGA1493,benchmark-spec-dataset
Intel Atom x6214RE @ 1.40GHz,,,,Q2 2023,1.4 GHz,6.0,2,2,,,,,,,,Intel,FCBGA1493,benchmark-spec-dataset
Intel Atom x6413E @ 1.50GHz,,,,Q4 2021,1.5 GHz,9.0,4,4,,,,,,,,Intel,FCBGA1493,benchmark-spec-dataset
Intel Atom x6414RE @ 1.50GHz,,,,Q2 2023,1.5 GHz,9.0,4,4,,,,,,,,Intel,FCBGA1493,benchmark-spec-dataset
Intel Atom x6425E @ 2.00GHz,,,,Q1 2022,2.0 GHz,12.0,4,4,,,,,,,,Intel,FCBGA1493,benchmark-spec-dataset
Intel Atom x6425RE @ 1.90GHz,,,,Q1 2022,1.9 GHz,12.0,4,4,,,,,,,,Intel,FCBGA1493,benchmark-spec-dataset
Intel Atom x7-Z8700 @ 1.60GHz,,,,Q2 2015,1.6 GHz,4.0,4,4,,,,,,,,Intel,BGA1380,benchmark-spec-dataset
Intel Atom x7-Z8750 @ 1.60GHz,,,,Q1 2017,1.6 GHz,4.0,4,4,,,,,,,,Intel,UTFCBGA1380,benchmark-spec-dataset
Intel Atom Z3735D @ 1.33GHz,,,,Q2 2014,1.3 GHz,4.4,4,4,,,,,,,,Intel,,benchmark-spec-dataset
Intel Atom Z3735E @ 1.33GHz,,,,Q2 2014,1.3 GHz,4.4,4,4,,,,,,,,Intel,UTFCBGA1380,benchmark-spec-dataset
Intel Atom Z3735F @ 1.33GHz,,,,Q3 2014,1.3 GHz,4.4,4,4,,,,,,,,Intel,UTFCBGA592,benchmark-spec-dataset
Intel Atom Z3735G @ 1.33GHz,,,,Q4 2014,1.3 GHz,4.4,4,4,,,,,,,,Intel,,benchmark-spec-dataset
Intel Atom Z3736F @ 1.33GHz,,,,Q4 2014,1.3 GHz,4.4,4,4,,,,,,,,Intel,UTFCBGA592,benchmark-spec-dataset
Intel Atom Z3740 @ 1.33GHz,,,,Q3 2013,1.3 GHz,4.0,4,4,,,,,,,,Intel,UTFCBGA1380,benchmark-spec-dataset
Intel Atom Z3740D @ 1.33GHz,,,,Q3 2013,1.3 GHz,4.4,4,4,,,,,,,,Intel,UTFCBGA1380,benchmark-spec-dataset
Intel Atom Z3745 @ 1.33GHz,,,,Q1 2014,1.3 GHz,4.0,4,4,,,,,,,,Intel,UTFCBGA1380,benchmark-spec-dataset
Intel Atom Z3745D @ 1.33GHz,,,,Q4 2014,1.3 GHz,4.4,4,4,,,,,,,,Intel,,benchmark-spec-dataset
Intel Atom Z3770 @ 1.46GHz,,,,Q4 2013,1.5 GHz,4.0,4,4,,,,,,,,Intel,UTFCBGA1380,benchmark-spec-dataset
Intel Atom Z3770D @ 1.49GHz,,,,Q2 2014,1.5 GHz,4.4,4,4,,,,,,,,Intel,BGA1380,benchmark-spec-dataset
Intel Atom Z3775 @ 1.46GHz,,,,Q3 2014,1.5 GHz,4.0,4,4,,,,,,,,Intel,UTFCBGA1380,benchmark-spec-dataset
Intel Atom Z3775D @ 1.49GHz,,,,Q1 2015,1.5 GHz,4.4,4,4,,,,,,,,Intel,UTFCBGA1380,benchmark-spec-dataset
Intel Atom Z3795 @ 1.60GHz,,,,Q2 2014,1.6 GHz,4.0,4,4,,,,,,,,Intel,UTFCBGA1380,benchmark-spec-dataset
Intel Atom Z520 @ 1.33GHz,,,,Q2 2009,1.3 GHz,2.0,1,2,,,,,,,,Intel,BGA441,benchmark-spec-dataset
Intel Atom Z530 @ 1.60GHz,,,,Q1 2009,1.6 GHz,2.0,1,2,,,,,,,,Intel,BGA441,benchmark-spec-dataset
Intel Atom Z670 @ 1.50GHz,,,,Q2 2011,1.5 GHz,3.0,1,2,,,,,,,,Intel,BGA518,benchmark-spec-dataset
Intel Celeron 1.80GHz,,,,Q1 2009,1.8 GHz,66.1,1,1,,,,,,,,Intel,PPGA478,benchmark-spec-dataset
Intel Celeron 1000M @ 1.80GHz,,,,Q1 2013,1.8 GHz,35.0,2,2,,,,,,,,Intel,FCPGA988,benchmark-spec-dataset
Intel Celeron 1005M @ 1.90GHz,,,,Q3 2013,1.9 GHz,35.0,2,2,,,,,,,,Intel,FCPGA988,benchmark-spec-dataset
Intel Celeron 1007U @ 1.50GHz,,,,Q1 2013,1.5 GHz,17.0,2,2,,,,,,,,Intel,FCBGA1023,benchmark-spec-dataset
Intel Celeron 1017U @ 1.60GHz,,,,Q3 2013,1.6 GHz,17.0,2,2,,,,,,,,Intel,FCBGA1023,benchmark-spec-dataset
Intel Celeron 1019Y @ 1.00GHz,,,,Q2 2014,1.0 GHz,10.0,2,2,,,,,,,,Intel,FCBGA1023,benchmark-spec-dataset
Intel Celeron 1020E @ 2.20GHz,,,,Q3 2014,2.2 GHz,35.0,2,2,,,,,,,,Intel,FCBGA1023. FCP,benchmark-spec-dataset
Intel Celeron 1020M @ 2.10GHz,,,,Q4 2019,2.1 GHz,35.0,2,2,,,,,,,,Intel,FCPGA988,benchmark-spec-dataset
Intel Celeron 1037U @ 1.80GHz,,,,Q3 2013,1.8 GHz,17.0,2,2,,,,,,,,Intel,FCBGA1023,benchmark-spec-dataset
Intel Celeron 1047UE @ 1.40GHz,,,,Q1 2014,1.4 GHz,17.0,2,2,,,,,,,,Intel,FCBGA1023,benchmark-spec-dataset
Intel Celeron 2.00GHz,,,,Q1 2009,2.0 GHz,52.8,1,1,,,,,,,,Intel,PPGA478,benchmark-spec-dataset
Intel Celeron 2.80GHz,,,,Q4 2008,2.8 GHz,68.4,1,1,,,,,,,,Intel,PPGA478,benchmark-spec-dataset
Intel Celeron 2000E @ 2.20GHz,,,,Q1 2017,2.2 GHz,37.0,2,2,,,,,,,,Intel,FCBGA1364,benchmark-spec-dataset
Intel Celeron 2002E @ 1.50GHz,,,,Q4 2018,1.5 GHz,25.0,2,2,,,,,,,,Intel,FCBGA1364,benchmark-spec-dataset
Intel Celeron 215 @ 1.33GHz,,,,Q4 2009,1.3 GHz,27.0,1,1,,,,,,,,Intel,BGA479,benchmark-spec-dataset
Intel Celeron 220 @ 1.20GHz,,,,Q1 2009,1.2 GHz,19.0,1,1,,,,,,,,Intel,BGA479,benchmark-spec-dataset
Intel Celeron 2950M @ 2.00GHz,,,,Q2 2014,2.0 GHz,37.0,2,2,,,,,,,,Intel,FCPGA946,benchmark-spec-dataset
Intel Celeron 2955U @ 1.40GHz,,,,Q4 2013,1.4 GHz,15.0,2,2,,,,,,,,Intel,FCBGA1168,benchmark-spec-dataset
Intel Celeron 2957U @ 1.40GHz,,,,Q2 2014,1.4 GHz,15.0,2,2,,,,,,,,Intel,FCBGA1168,benchmark-spec-dataset
Intel Celeron 2961Y @ 1.10GHz,,,,Q1 2015,1.1 GHz,11.5,2,2,,,,,,,,Intel,,benchmark-spec-dataset
Intel Celeron 2970M @ 2.20GHz,,,,Q2 2014,2.2 GHz,37.0,2,2,,,,,,,,Intel,FCPGA946,benchmark-spec-dataset
Intel Celeron 2980U @ 1.60GHz,,,,Q3 2014,1.6 GHz,15.0,2,2,,,,,,,,Intel,FCBGA1168,benchmark-spec-dataset
Intel Celeron 2981U @ 1.60GHz,,,,Q4 2016,1.6 GHz,15.0,2,2,,,,,,,,Intel,BGA1168,benchmark-spec-dataset
Intel Celeron 3205U @ 1.50GHz,,,,Q2 2015,1.5 GHz,15.0,2,2,,,,,,,,Intel,FCBGA1168,benchmark-spec-dataset
Intel Celeron 3215U @ 1.70GHz,,,,Q1 2016,1.7 GHz,15.0,2,2,,,,,,,,Intel,FCBGA1168,benchmark-spec-dataset
Intel Celeron 3755U @ 1.70GHz,,,,Q1 2015,1.7 GHz,15.0,2,2,,,,,,,,Intel,FCBGA1168,benchmark-spec-dataset
Intel Celeron 3765U @ 1.90GHz,,,,Q2 2016,1.9 GHz,15.0,2,2,,,,,,,,Intel,FCBGA1168,benchmark-spec-dataset
Intel Celeron 3855U @ 1.60GHz,,,,Q1 2016,1.6 GHz,15.0,2,2,,,,,,,,Intel,FCBGA1356,benchmark-spec-dataset
Intel Celeron 3865U @ 1.80GHz,,,,Q2 2017,1.8 GHz,15.0,2,2,,,,,,,,Intel,BGA1356,benchmark-spec-dataset
Intel Celeron 3867U @ 1.80GHz,,,,Q2 2019,1.8 GHz,15.0,2,2,,,,,,,,Intel,FCBGA1356,benchmark-spec-dataset
Intel Celeron 3955U @ 2.00GHz,,,,Q1 2016,2.0 GHz,15.0,2,2,,,,,,,,Intel,FCBGA1356,benchmark-spec-dataset
Intel Celeron 3965U @ 2.20GHz,,,,Q4 2017,2.2 GHz,15.0,2,2,,,,,,,,Intel,FCBGA1356,benchmark-spec-dataset
Intel Celeron 3965Y @ 1.50GHz,,,,Q2 2018,1.5 GHz,6.0,2,2,,,,,,,,Intel,FCBGA1515,benchmark-spec-dataset
Intel Celeron 420 @ 1.60GHz,,,,Q1 2009,1.6 GHz,35.0,1,1,,,,,,,,Intel,LGA775,benchmark-spec-dataset
Intel Celeron 4205U @ 1.80GHz,,,,Q2 2019,1.8 GHz,15.0,2,2,,,,,,,,Intel,FCBGA1528,benchmark-spec-dataset
Intel Celeron 430 @ 1.80GHz,,,,Q1 2009,1.8 GHz,35.0,1,1,,,,,,,,Intel,LGA775,benchmark-spec-dataset
Intel Celeron 4305U @ 2.20GHz,,,,Q4 2021,2.2 GHz,15.0,2,2,,,,,,,,Intel,FCBGA1528,benchmark-spec-dataset
Intel Celeron 4305UE @ 2.00GHz,,,,Q4 2019,2.0 GHz,15.0,2,2,,,,,,,,Intel,FCBGA1528,benchmark-spec-dataset
Intel Celeron 440 @ 2.00GHz,,,,Q1 2009,2.0 GHz,35.0,1,1,,,,,,,,Intel,LGA775,benchmark-spec-dataset
Intel Celeron 450 @ 2.20GHz,,,,Q1 2009,2.2 GHz,35.0,1,1,,,,,,,,Intel,LGA775,benchmark-spec-dataset
Intel Celeron 5205U @ 1.90GHz,,,,Q1 2020,1.9 GHz,15.0,2,2,,,,,,,,Intel,FCBGA1528,benchmark-spec-dataset
Intel Celeron 530 @ 1.73GHz,,,,Q1 2009,1.7 GHz,27.0,1,1,,,,,,,,Intel,PGA478,benchmark-spec-dataset
Intel Celeron 540 @ 1.86GHz,,,,Q1 2009,1.9 GHz,30.0,1,1,,,,,,,,Intel,PGA478,benchmark-spec-dataset
Intel Celeron 550 @ 2.00GHz,,,,Q1 2009,2.0 GHz,31.0,1,1,,,,,,,,Intel,BGA479,benchmark-spec-dataset
Intel Celeron 560 @ 2.13GHz,,,,Q1 2009,2.1 GHz,31.0,1,1,,,,,,,,Intel,PGA478,benchmark-spec-dataset
Intel Celeron 570 @ 2.26GHz,,,,Q2 2009,2.3 GHz,31.0,1,1,,,,,,,,Intel,PGA478,benchmark-spec-dataset
Intel Celeron 6305E @ 1.80GHz,,,,Q3 2021,1.8 GHz,15.0,2,2,,,,,,,,Intel,FCBGA1449,benchmark-spec-dataset
Intel Celeron 6600HE @ 2.60GHz,,,,Q2 2023,2.6 GHz,35.0,2,2,,,,,,,,Intel,FCBGA1787,benchmark-spec-dataset
Intel Celeron 723 @ 1.20GHz,,,,Q4 2009,1.2 GHz,10.0,1,1,,,,,,,,Intel,BGA956,benchmark-spec-dataset
Intel Celeron 743 @ 1.30GHz,,,,Q4 2009,1.3 GHz,10.0,1,1,,,,,,,,Intel,BGA956,benchmark-spec-dataset
Intel Celeron 807 @ 1.50GHz,,,,Q4 2014,1.5 GHz,17.0,1,2,,,,,,,,Intel,BGA-1023,benchmark-spec-dataset
Intel Celeron 807UE @ 1.00GHz,,,,Q1 2013,1.0 GHz,10.0,1,1,,,,,,,,Intel,BGA-1023,benchmark-spec-dataset
Intel Celeron 827E @ 1.40GHz,,,,Q2 2012,1.4 GHz,17.0,1,1,,,,,,,,Intel,FCBGA1023,benchmark-spec-dataset
Intel Celeron 847 @ 1.10GHz,,,,Q4 2011,1.1 GHz,17.0,2,2,,,,,,,,Intel,BGA1023,benchmark-spec-dataset
Intel Celeron 847E @ 1.10GHz,,,,Q3 2012,1.1 GHz,17.0,2,2,,,,,,,,Intel,FCBGA1023,benchmark-spec-dataset
Intel Celeron 857 @ 1.20GHz,,,,Q4 2011,1.2 GHz,17.0,2,2,,,,,,,,Intel,BGA1023,benchmark-spec-dataset
Intel Celeron 867 @ 1.30GHz,,,,Q2 2012,1.3 GHz,17.0,2,2,,,,,,,,Intel,BGA1023,benchmark-spec-dataset
Intel Celeron 877 @ 1.40GHz,,,,Q2 2012,1.4 GHz,17.0,2,2,,,,,,,,Intel,BGA1023,benchmark-spec-dataset
Intel Celeron 887 @ 1.50GHz,,,,Q4 2012,1.5 GHz,17.0,2,2,,,,,,,,Intel,BGA1023,benchmark-spec-dataset
Intel Celeron 900 @ 2.20GHz,,,,Q3 2009,2.2 GHz,34.8,1,1,,,,,,,,Intel,PGA478,benchmark-spec-dataset
Intel Celeron 925 @ 2.30GHz,,,,Q4 2010,2.3 GHz,35.0,1,1,,,,,,,,Intel,,benchmark-spec-dataset
Intel Celeron B710 @ 1.60GHz,,,,Q3 2015,1.6 GHz,35.0,1,1,,,,,,,,Intel,rPGA988B,benchmark-spec-dataset
Intel Celeron B800 @ 1.50GHz,,,,Q3 2011,1.5 GHz,35.0,2,2,,,,,,,,Intel,PGA988B,benchmark-spec-dataset
Intel Celeron B810 @ 1.60GHz,,,,Q4 2011,1.6 GHz,35.0,2,2,,,,,,,,Intel,PGA988B,benchmark-spec-dataset
Intel Celeron B815 @ 1.60GHz,,,,Q1 2012,1.6 GHz,35.0,2,2,,,,,,,,Intel,PGA988B,benchmark-spec-dataset
Intel Celeron B820 @ 1.70GHz,,,,Q3 2012,1.7 GHz,35.0,2,2,,,,,,,,Intel,PGA988B,benchmark-spec-dataset
Intel Celeron B830 @ 1.80GHz,,,,Q1 2012,1.8 GHz,35.0,2,2,,,,,,,,Intel,rPGA988B,benchmark-spec-dataset
Intel Celeron B840 @ 1.90GHz,,,,Q4 2011,1.9 GHz,35.0,2,2,,,,,,,,Intel,PGA988B,benchmark-spec-dataset
Intel Celeron D 347 @ 3.06GHz,,,,Q4 2008,3.1 GHz,86.0,1,1,,,,,,,,Intel,PLGA775,benchmark-spec-dataset
Intel Celeron D 352 @ 3.20GHz,,,,Q1 2009,3.2 GHz,86.0,1,1,,,,,,,,Intel,PLGA775,benchmark-spec-dataset
Intel Celeron D 356 @ 3.33GHz,,,,Q1 2009,3.3 GHz,86.0,1,1,,,,,,,,Intel,PLGA775,benchmark-spec-dataset
Intel Celeron D 360 @ 3.46GHz,,,,Q4 2008,3.5 GHz,65.0,1,1,,,,,,,,Intel,PLGA775,benchmark-spec-dataset
Intel Celeron D 420 @ 1.60GHz,,,,Q2 2011,1.6 GHz,35.0,1,1,,,,,,,,Intel,LGA775,benchmark-spec-dataset
Intel Celeron E1200 @ 1.60GHz,,,,Q4 2008,1.6 GHz,65.0,2,2,,,,,,,,Intel,LGA775,benchmark-spec-dataset
Intel Celeron E1400 @ 2.00GHz,,,,Q1 2009,2.0 GHz,65.0,2,2,,,,,,,,Intel,LGA775,benchmark-spec-dataset
Intel Celeron E1500 @ 2.20GHz,,,,Q2 2009,2.2 GHz,65.0,2,2,,,,,,,,Intel,LGA775,benchmark-spec-dataset
Intel Celeron E1600 @ 2.40GHz,,,,Q4 2009,2.4 GHz,65.0,2,2,,,,,,,,Intel,LGA775,benchmark-spec-dataset
Intel Celeron E3200 @ 2.40GHz,,,,Q3 2009,2.4 GHz,65.0,2,2,,,,,,,,Intel,LGA775,benchmark-spec-dataset
Intel Celeron E3300 @ 2.50GHz,,,,Q3 2009,2.5 GHz,65.0,2,2,,,,,,,,Intel,LGA775,benchmark-spec-dataset
Intel Celeron E3400 @ 2.60GHz,,,,Q1 2010,2.6 GHz,65.0,2,2,,,,,,,,Intel,LGA775,benchmark-spec-dataset
Intel Celeron E3500 @ 2.70GHz,,,,Q1 2011,2.7 GHz,65.0,2,2,,,,,,,,Intel,LGA775,benchmark-spec-dataset
Intel Celeron G1101 @ 2.27GHz,,,,Q2 2011,2.3 GHz,73.0,2,2,,,,,,,,Intel,FCLGA1156,benchmark-spec-dataset
Intel Celeron G1610 @ 2.60GHz,,,,Q4 2012,2.6 GHz,55.0,2,2,,,,,,,,Intel,FCLGA1155,benchmark-spec-dataset
Intel Celeron G1610T @ 2.30GHz,,,,Q4 2013,2.3 GHz,35.0,2,2,,,,,,,,Intel,LGA1155,benchmark-spec-dataset
Intel Celeron G1620 @ 2.70GHz,,,,Q1 2013,2.7 GHz,55.0,2,2,,,,,,,,Intel,FCLGA1155,benchmark-spec-dataset
Intel Celeron G1620T @ 2.40GHz,,,,Q1 2014,2.4 GHz,35.0,2,2,,,,,,,,Intel,LGA1155,benchmark-spec-dataset
Intel Celeron G1630 @ 2.80GHz,,,,Q4 2013,2.8 GHz,55.0,2,2,,,,,,,,Intel,FCLGA1155,benchmark-spec-dataset
Intel Celeron G1820 @ 2.70GHz,,,,Q1 2014,2.7 GHz,53.0,2,2,,,,,,,,Intel,FCLGA1150,benchmark-spec-dataset
Intel Celeron G1820T @ 2.40GHz,,,,Q1 2014,2.4 GHz,35.0,2,2,,,,,,,,Intel,LGA1150,benchmark-spec-dataset
Intel Celeron G1820TE @ 2.20GHz,,,,Q4 2014,2.2 GHz,35.0,2,2,,,,,,,,Intel,LGA1150,benchmark-spec-dataset
Intel Celeron G1830 @ 2.80GHz,,,,Q1 2014,2.8 GHz,53.0,2,2,,,,,,,,Intel,LGA1150,benchmark-spec-dataset
Intel Celeron G1840 @ 2.80GHz,,,,Q2 2014,2.8 GHz,53.0,2,2,,,,,,,,Intel,FCLGA1150,benchmark-spec-dataset
Intel Celeron G1840T @ 2.50GHz,,,,Q2 2015,2.5 GHz,35.0,2,2,,,,,,,,Intel,LGA1150,benchmark-spec-dataset
Intel Celeron G1850 @ 2.90GHz,,,,Q2 2014,2.9 GHz,54.0,2,2,,,,,,,,Intel,FCLGA1150,benchmark-spec-dataset
Intel Celeron G3900 @ 2.80GHz,,,,Q1 2016,2.8 GHz,51.0,2,2,,,,,,,,Intel,FCLGA1151,benchmark-spec-dataset
Intel Celeron G3900E @ 2.40GHz,,,,Q2 2017,2.4 GHz,35.0,2,2,,,,,,,,Intel,FCBGA1440,benchmark-spec-dataset
Intel Celeron G3900T @ 2.60GHz,,,,Q2 2016,2.6 GHz,35.0,2,2,,,,,,,,Intel,,benchmark-spec-dataset
Intel Celeron G3900TE @ 2.30GHz,,,,Q3 2018,2.3 GHz,35.0,2,2,,,,,,,,Intel,FCLGA1151,benchmark-spec-dataset
Intel Celeron G3920 @ 2.90GHz,,,,Q2 2016,2.9 GHz,51.0,2,2,,,,,,,,Intel,FCLGA1151,benchmark-spec-dataset
Intel Celeron G3930 @ 2.90GHz,,,,Q1 2017,2.9 GHz,51.0,2,2,,,,,,,,Intel,FCLGA1151,benchmark-spec-dataset
Intel Celeron G3930T @ 2.70GHz,,,,Q4 2018,2.7 GHz,35.0,2,2,,,,,,,,Intel,FCLGA1151,benchmark-spec-dataset
Intel Celeron G3930TE @ 2.70GHz,,,,Q3 2019,2.7 GHz,35.0,2,2,,,,,,,,Intel,FCLGA1151,benchmark-spec-dataset
Intel Celeron G3950 @ 3.00GHz,,,,Q1 2017,3.0 GHz,51.0,2,2,,,,,,,,Intel,FCLGA1151,benchmark-spec-dataset
Intel Celeron G440 @ 1.60GHz,,,,Q1 2012,1.6 GHz,35.0,1,1,,,,,,,,Intel,LGA1155,benchmark-spec-dataset
Intel Celeron G460 @ 1.80GHz,,,,Q1 2012,1.8 GHz,35.0,1,2,,,,,,,,Intel,LGA1155,benchmark-spec-dataset
Intel Celeron G465 @ 1.90GHz,,,,Q1 2012,1.9 GHz,35.0,1,2,,,,,,,,Intel,LGA1155,benchmark-spec-dataset
Intel Celeron G470 @ 2.00GHz,,,,Q1 2014,2.0 GHz,35.0,1,2,,,,,,,,Intel,LGA1155,benchmark-spec-dataset
Intel Celeron G4900 @ 3.10GHz,,,,Q2 2018,3.1 GHz,54.0,2,2,,,,,,,,Intel,FCLGA1151-2,benchmark-spec-dataset
Intel Celeron G4900T @ 2.90GHz,,,,Q1 2018,2.9 GHz,35.0,2,2,,,,,,,,Intel,FCLGA1151-2,benchmark-spec-dataset
Intel Celeron G4920 @ 3.20GHz,,,,Q3 2018,3.2 GHz,54.0,2,2,,,,,,,,Intel,FCLGA1151-2,benchmark-spec-dataset
Intel Celeron G4930 @ 3.20GHz,,,,Q3 2019,3.2 GHz,54.0,2,2,,,,,,,,Intel,FCLGA1151-2,benchmark-spec-dataset
Intel Celeron G4930T @ 3.00GHz,,,,Q3 2020,3.0 GHz,35.0,2,2,,,,,,,,Intel,FCLGA1151,benchmark-spec-dataset
Intel Celeron G4950 @ 3.30GHz,,,,Q1 2021,3.3 GHz,54.0,2,2,,,,,,,,Intel,FCLGA1151,benchmark-spec-dataset
Intel Celeron G530 @ 2.40GHz,,,,Q3 2011,2.4 GHz,65.0,2,2,,,,,,,,Intel,LGA1155,benchmark-spec-dataset
Intel Celeron G530T @ 2.00GHz,,,,Q1 2011,2.0 GHz,35.0,2,2,,,,,,,,Intel,LGA1155,benchmark-spec-dataset
Intel Celeron G540 @ 2.50GHz,,,,Q4 2011,2.5 GHz,65.0,2,2,,,,,,,,Intel,LGA1155,benchmark-spec-dataset
Intel Celeron G540T @ 2.10GHz,,,,Q3 2012,2.1 GHz,35.0,2,2,,,,,,,,Intel,LGA1155,benchmark-spec-dataset
Intel Celeron G550 @ 2.60GHz,,,,Q3 2012,2.6 GHz,65.0,2,2,,,,,,,,Intel,LGA1155,benchmark-spec-dataset
Intel Celeron G550T @ 2.20GHz,,,,Q3 2014,2.2 GHz,35.0,2,2,,,,,,,,Intel,LGA1155,benchmark-spec-dataset
Intel Celeron G555 @ 2.70GHz,,,,Q1 2012,2.7 GHz,65.0,2,2,,,,,,,,Intel,LGA1155,benchmark-spec-dataset
Intel Celeron G5900 @ 3.40GHz,,,,Q2 2020,3.4 GHz,58.0,2,2,,,,,,,,Intel,FCLGA1200,benchmark-spec-dataset
Intel Celeron G5900T @ 3.20GHz,,,,Q4 2021,3.2 GHz,35.0,2,2,,,,,,,,Intel,FCLGA1200,benchmark-spec-dataset
Intel Celeron G5905 @ 3.50GHz,,,,Q3 2020,3.5 GHz,58.0,2,2,,,,,,,,Intel,FCLGA1200,benchmark-spec-dataset
Intel Celeron G5905T @ 3.30GHz,,,,Q2 2021,3.3 GHz,35.0,2,2,,,,,,,,Intel,FCLGA1200,benchmark-spec-dataset
Intel Celeron G5920 @ 3.50GHz,,,,Q4 2020,3.5 GHz,58.0,2,2,,,,,,,,Intel,FCLGA1200,benchmark-spec-dataset
Intel Celeron G5925 @ 3.60GHz,,,,Q2 2021,3.6 GHz,58.0,2,2,,,,,,,,Intel,FCLGA1200,benchmark-spec-dataset
Intel Celeron J1750 @ 2.41GHz,,,,Q2 2014,2.4 GHz,10.0,2,2,,,,,,,,Intel,FCBGA1170,benchmark-spec-dataset
Intel Celeron J1800 @ 2.41GHz,,,,Q1 2014,2.4 GHz,10.0,2,2,,,,,,,,Intel,FCBGA1170,benchmark-spec-dataset
Intel Celeron J1850 @ 1.99GHz,,,,Q4 2013,2.0 GHz,10.0,4,4,,,,,,,,Intel,FCBGA1170,benchmark-spec-dataset
Intel Celeron J1900 @ 1.99GHz,,,,Q1 2014,2.0 GHz,10.0,4,4,,,,,,,,Intel,FCBGA1170,benchmark-spec-dataset
Intel Celeron J3060 @ 1.60GHz,,,,Q3 2016,1.6 GHz,6.0,2,2,,,,,,,,Intel,BGA1170,benchmark-spec-dataset
Intel Celeron J3160 @ 1.60GHz,,,,Q2 2016,1.6 GHz,6.0,4,4,,,,,,,,Intel,BGA1170,benchmark-spec-dataset
Intel Celeron J3355 @ 2.00GHz,,,,Q1 2017,2.0 GHz,10.0,2,2,,,,,,,,Intel,FCBGA1296,benchmark-spec-dataset
Intel Celeron J3455 @ 1.50GHz,,,,Q4 2016,1.5 GHz,10.0,4,4,,,,,,,,Intel,FCBGA1296,benchmark-spec-dataset
Intel Celeron J3455E @ 1.50GHz,,,,Q3 2020,1.5 GHz,10.0,4,4,,,,,,,,Intel,FCBGA1296,benchmark-spec-dataset
Intel Celeron J4005 @ 2.00GHz,,,,Q1 2018,2.0 GHz,10.0,2,2,,,,,,,,Intel,FCBGA1090,benchmark-spec-dataset
Intel Celeron J4025 @ 2.00GHz,,,,Q1 2020,2.0 GHz,10.0,2,2,,,,,,,,Intel,FCBGA1090,benchmark-spec-dataset
Intel Celeron J4105 @ 1.50GHz,,,,Q1 2018,1.5 GHz,10.0,4,4,,,,,,,,Intel,FCBGA1090,benchmark-spec-dataset
Intel Celeron J4125 @ 2.00GHz,,,,Q1 2020,2.0 GHz,10.0,4,4,,,,,,,,Intel,FCBGA1090,benchmark-spec-dataset
Intel Celeron J6412 @ 2.00GHz,,,,Q3 2021,2.0 GHz,10.0,4,4,,,,,,,,Intel,FCBGA1493,benchmark-spec-dataset
Intel Celeron J6413 @ 1.80GHz,,,,Q1 2021,1.8 GHz,10.0,4,4,,,,,,,,Intel,FCBGA1296,benchmark-spec-dataset
Intel Celeron M 1.50GHz,,,,Q1 2009,1.5 GHz,21.0,1,1,,,,,,,,Intel,PPGA478. H-PBGA4,benchmark-spec-dataset
Intel Celeron M 360 1.40GHz,,,,Q4 2008,1.4 GHz,21.0,1,1,,,,,,,,Intel,H-PBGA479. PPGA4,benchmark-spec-dataset
Intel Celeron M 410 @ 1.46GHz,,,,Q1 2009,1.5 GHz,27.0,1,1,,,,,,,,Intel,PPGA478,benchmark-spec-dataset
Intel Celeron M 420 @ 1.60GHz,,,,Q1 2009,1.6 GHz,27.0,1,1,,,,,,,,Intel,PPGA478,benchmark-spec-dataset
Intel Celeron M 430 @ 1.73GHz,,,,Q1 2009,1.7 GHz,27.0,1,1,,,,,,,,Intel,PPGA478,benchmark-spec-dataset
Intel Celeron M 440 @ 1.86GHz,,,,Q4 2008,1.9 GHz,27.0,1,1,,,,,,,,Intel,PBGA479. PPGA478,benchmark-spec-dataset
Intel Celeron M 443 @ 1.20GHz,,,,Q1 2009,1.2 GHz,5.5,1,1,,,,,,,,Intel,PBGA479,benchmark-spec-dataset
Intel Celeron M 450 @ 2.00GHz,,,,Q4 2009,2.0 GHz,27.0,1,1,,,,,,,,Intel,PPGA478,benchmark-spec-dataset
Intel Celeron M 520 @ 1.60GHz,,,,Q4 2008,1.6 GHz,30.0,1,1,,,,,,,,Intel,PPGA478,benchmark-spec-dataset
Intel Celeron M 530 @ 1.73GHz,,,,Q1 2009,1.7 GHz,30.0,1,1,,,,,,,,Intel,PBGA479. PPGA478,benchmark-spec-dataset
Intel Celeron M 723 @ 1.20GHz,,,,Q4 2009,1.2 GHz,10.0,1,1,,,,,,,,Intel,BGA956,benchmark-spec-dataset
Intel Celeron N2805 @ 1.46GHz,,,,Q4 2013,1.5 GHz,4.3,2,2,,,,,,,,Intel,FCBGA1170,benchmark-spec-dataset
Intel Celeron N2806 @ 1.60GHz,,,,Q1 2014,1.6 GHz,4.5,2,2,,,,,,,,Intel,FCBGA1170,benchmark-spec-dataset
Intel Celeron N2807 @ 1.58GHz,,,,Q2 2014,1.6 GHz,4.3,2,2,,,,,,,,Intel,FCBGA1170,benchmark-spec-dataset
Intel Celeron N2808 @ 1.58GHz,,,,Q1 2015,1.6 GHz,4.5,2,2,,,,,,,,Intel,FCBGA1170,benchmark-spec-dataset
Intel Celeron N2810 @ 2.00GHz,,,,Q4 2013,2.0 GHz,7.5,2,2,,,,,,,,Intel,FCBGA1170,benchmark-spec-dataset
Intel Celeron N2815 @ 1.86GHz,,,,Q1 2014,1.9 GHz,7.5,2,2,,,,,,,,Intel,FCBGA1170,benchmark-spec-dataset
Intel Celeron N2820 @ 2.13GHz,,,,Q1 2014,2.1 GHz,7.5,2,2,,,,,,,,Intel,FCBGA1170,benchmark-spec-dataset
Intel Celeron N2830 @ 2.16GHz,,,,Q2 2014,2.2 GHz,7.5,2,2,,,,,,,,Intel,FCBGA1170,benchmark-spec-dataset
Intel Celeron N2840 @ 2.16GHz,,,,Q4 2014,2.2 GHz,7.0,2,2,,,,,,,,Intel,FCBGA1170,benchmark-spec-dataset
Intel Celeron N2910 @ 1.60GHz,,,,Q4 2013,1.6 GHz,7.5,4,4,,,,,,,,Intel,FCBGA1170,benchmark-spec-dataset
Intel Celeron N2920 @ 1.86GHz,,,,Q1 2014,1.9 GHz,7.5,4,4,,,,,,,,Intel,FCBGA1170,benchmark-spec-dataset
Intel Celeron N2930 @ 1.83GHz,,,,Q2 2014,1.8 GHz,7.5,4,4,,,,,,,,Intel,FCBGA1170,benchmark-spec-dataset
Intel Celeron N2940 @ 1.83GHz,,,,Q3 2014,1.8 GHz,7.5,4,4,,,,,,,,Intel,FCBGA1170,benchmark-spec-dataset
Intel Celeron N3000 @ 1.04GHz,,,,Q3 2015,1.0 GHz,4.0,2,2,,,,,,,,Intel,FCBGA1170,benchmark-spec-dataset
Intel Celeron N3010 @ 1.04GHz,,,,Q4 2016,1.0 GHz,4.0,2,2,,,,,,,,Intel,FCBGA1170,benchmark-spec-dataset
Intel Celeron N3050 @ 1.60GHz,,,,Q3 2015,1.6 GHz,6.0,2,2,,,,,,,,Intel,FCBGA1170,benchmark-spec-dataset
Intel Celeron N3060 @ 1.60GHz,,,,Q2 2016,1.6 GHz,6.0,2,2,,,,,,,,Intel,,benchmark-spec-dataset
Intel Celeron N3150 @ 1.60GHz,,,,Q3 2015,1.6 GHz,6.0,4,4,,,,,,,,Intel,FCBGA1170,benchmark-spec-dataset
Intel Celeron N3160 @ 1.60GHz,,,,Q2 2016,1.6 GHz,6.0,4,4,,,,,,,,Intel,FCBGA1170,benchmark-spec-dataset
Intel Celeron N3350 @ 1.10GHz,,,,Q4 2016,1.1 GHz,6.0,2,2,,,,,,,,Intel,FCBGA1296,benchmark-spec-dataset
Intel Celeron N3450 @ 1.10GHz,,,,Q4 2016,1.1 GHz,6.0,4,4,,,,,,,,Intel,FCBGA1296,benchmark-spec-dataset
Intel Celeron N4000 @ 1.10GHz,,,,Q2 2018,1.1 GHz,6.0,2,2,,,,,,,,Intel,FCBGA1090,benchmark-spec-dataset
Intel Celeron N4000C @ 1.10GHz,,,,Q4 2019,1.1 GHz,6.0,2,2,,,,,,,,Intel,FCBGA1090,benchmark-spec-dataset
Intel Celeron N4020 @ 1.10GHz,,,,Q1 2020,1.1 GHz,6.0,2,2,,,,,,,,Intel,FCBGA1090,benchmark-spec-dataset
Intel Celeron N4020C @ 1.10GHz,,,,Q3 2022,1.1 GHz,6.0,2,2,,,,,,,,Intel,FCBGA1090,benchmark-spec-dataset
Intel Celeron N4100 @ 1.10GHz,,,,Q2 2018,1.1 GHz,6.0,4,4,,,,,,,,Intel,FCBGA1090,benchmark-spec-dataset
Intel Celeron N4120 @ 1.10GHz,,,,Q1 2020,1.1 GHz,6.0,4,4,,,,,,,,Intel,FCBGA1090,benchmark-spec-dataset
Intel Celeron N4500 @ 1.10GHz,,,,Q1 2021,1.1 GHz,6.0,2,2,,,,,,,,Intel,FCBGA1338,benchmark-spec-dataset
Intel Celeron N4505 @ 2.00GHz,,,,Q1 2022,2.0 GHz,10.0,2,2,,,,,,,,Intel,FCBGA1338,benchmark-spec-dataset
Intel Celeron N5095 @ 2.00GHz,,,,Q3 2021,2.0 GHz,15.0,4,4,,,,,,,,Intel,FCBGA1338,benchmark-spec-dataset
Intel Celeron N5095A @ 2.00GHz,,,,Q1 2022,2.0 GHz,15.0,4,4,,,,,,,,Intel,FCBGA1338,benchmark-spec-dataset
Intel Celeron N5100 @ 1.10GHz,,,,Q2 2021,1.1 GHz,6.0,4,4,,,,,,,,Intel,FCBGA1338,benchmark-spec-dataset
Intel Celeron N5105 @ 2.00GHz,,,,Q2 2021,2.0 GHz,10.0,4,4,,,,,,,,Intel,FCBGA1338,benchmark-spec-dataset
Intel Celeron N6210 @ 1.20GHz,,,,Q4 2022,1.2 GHz,6.5,2,2,,,,,,,,Intel,,benchmark-spec-dataset
Intel Celeron N6211 @ 1.20GHz,,,,Q2 2021,1.2 GHz,6.5,2,2,,,,,,,,Intel,FCBGA1493,benchmark-spec-dataset
Intel Celeron P4500 @ 1.87GHz,,,,Q3 2010,1.9 GHz,35.0,2,2,,,,,,,,Intel,PGA988A,benchmark-spec-dataset
Intel Celeron P4505 @ 1.87GHz,,,,Q1 2010,1.9 GHz,35.0,2,2,,,,,,,,Intel,BGA1288,benchmark-spec-dataset
Intel Celeron P4600 @ 2.00GHz,,,,Q1 2011,2.0 GHz,35.0,2,2,,,,,,,,Intel,PGA988A,benchmark-spec-dataset
Intel Celeron SU2300 @ 1.20GHz,,,,Q4 2009,1.2 GHz,10.0,2,2,,,,,,,,Intel,BGA956,benchmark-spec-dataset
Intel Celeron T1600 @ 1.66GHz,,,,Q1 2009,1.7 GHz,35.0,2,2,,,,,,,,Intel,,benchmark-spec-dataset
Intel Celeron U3400 @ 1.07GHz,,,,Q3 2010,1.1 GHz,18.0,2,2,,,,,,,,Intel,BGA1288,benchmark-spec-dataset
Intel Celeron U3600 @ 1.20GHz,,,,Q1 2011,1.2 GHz,18.0,2,2,,,,,,,,Intel,BGA1288,benchmark-spec-dataset
Intel Core Duo L2300 @ 1.50GHz,,,,Q1 2010,1.5 GHz,15.0,2,2,,,,,,,,Intel,BGA479,benchmark-spec-dataset
Intel Core Duo L2400 @ 1.66GHz,,,,Q2 2009,1.7 GHz,15.0,2,2,,,,,,,,Intel,BGA479,benchmark-spec-dataset
Intel Core Duo L2500 @ 1.83GHz,,,,Q1 2009,1.8 GHz,15.0,2,2,,,,,,,,Intel,BGA479,benchmark-spec-dataset
Intel Core Duo T2050 @ 1.60GHz,,,,Q4 2008,1.6 GHz,31.0,2,2,,,,,,,,Intel,PGA478,benchmark-spec-dataset
Intel Core Duo T2250 @ 1.73GHz,,,,Q1 2009,1.7 GHz,31.0,2,2,,,,,,,,Intel,PGA478,benchmark-spec-dataset
Intel Core Duo T2300 @ 1.66GHz,,,,Q1 2009,1.7 GHz,31.0,2,2,,,,,,,,Intel,BGA479,benchmark-spec-dataset
Intel Core Duo T2350 @ 1.86GHz,,,,Q1 2009,1.9 GHz,31.0,2,2,,,,,,,,Intel,PGA478,benchmark-spec-dataset
Intel Core Duo T2400 @ 1.83GHz,,,,Q1 2009,1.8 GHz,31.0,2,2,,,,,,,,Intel,BGA479,benchmark-spec-dataset
Intel Core Duo T2450 @ 2.00GHz,,,,Q1 2009,2.0 GHz,31.0,2,2,,,,,,,,Intel,PGA478,benchmark-spec-dataset
Intel Core Duo T2500 @ 2.00GHz,,,,Q1 2009,2.0 GHz,31.0,2,2,,,,,,,,Intel,BGA479,benchmark-spec-dataset
Intel Core Duo T2600 @ 2.16GHz,,,,Q1 2009,2.2 GHz,31.0,2,2,,,,,,,,Intel,BGA479,benchmark-spec-dataset
Intel Core Duo T2700 @ 2.33GHz,,,,Q1 2009,2.3 GHz,31.0,2,2,,,,,,,,Intel,BGA479,benchmark-spec-dataset
Intel Core Duo U2400 @ 1.06GHz,,,,Q1 2009,1.1 GHz,9.0,2,2,,,,,,,,Intel,BGA479,benchmark-spec-dataset
Intel Core Duo U2500 @ 1.20GHz,,,,Q1 2009,1.2 GHz,9.0,2,2,,,,,,,,Intel,BGA479,benchmark-spec-dataset
Intel Core i3-1000NG4 @ 1.10GHz,,,,Q2 2020,1.1 GHz,9.0,2,4,,,,,,,,Intel,BGA1526,benchmark-spec-dataset
Intel Core i3-1005G1 @ 1.20GHz,,,,Q3 2019,1.2 GHz,15.0,2,4,,,,,,,,Intel,FCBGA1526,benchmark-spec-dataset
Intel Core i3-10100 @ 3.60GHz,,,,Q2 2020,3.6 GHz,65.0,4,8,,,,,,,,Intel,FCLGA1200,benchmark-spec-dataset
Intel Core i3-10100E @ 3.20GHz,,,,Q4 2021,3.2 GHz,65.0,4,8,,,,,,,,Intel,FCLGA1200,benchmark-spec-dataset
Intel Core i3-10100F @ 3.60GHz,,,,Q4 2020,3.6 GHz,65.0,4,8,,,,,,,,Intel,FCLGA1200,benchmark-spec-dataset
Intel Core i3-10100T @ 3.00GHz,,,,Q3 2020,3.0 GHz,35.0,4,8,,,,,,,,Intel,FCLGA1200,benchmark-spec-dataset
Intel Core i3-10100TE @ 2.30GHz,,,,Q4 2022,2.3 GHz,35.0,4,8,,,,,,,,Intel,LGA 1200,benchmark-spec-dataset
Intel Core i3-10100Y @ 1.30GHz,,,,Q4 2021,1.3 GHz,5.0,2,4,,,,,,,,Intel,BGA 1528,benchmark-spec-dataset
Intel Core i3-10105 @ 3.70GHz,,,,Q2 2021,3.7 GHz,65.0,4,8,,,,,,,,Intel,FCLGA1200,benchmark-spec-dataset
Intel Core i3-10105T @ 3.00GHz,,,,Q2 2021,3.0 GHz,35.0,4,8,,,,,,,,Intel,FCLGA1200,benchmark-spec-dataset
Intel Core i3-10110U @ 2.10GHz,,,,Q4 2019,2.1 GHz,15.0,2,4,,,,,,,,Intel,FCBGA1528,benchmark-spec-dataset
Intel Core i3-10110Y @ 1.00GHz,,,,Q2 2020,1.0 GHz,7.0,2,4,,,,,,,,Intel,UTFCBGA1377,benchmark-spec-dataset
Intel Core i3-10300 @ 3.70GHz,,,,Q2 2020,3.7 GHz,65.0,4,8,,,,,,,,Intel,FCLGA1200,benchmark-spec-dataset
Intel Core i3-10300T @ 3.00GHz,,,,Q3 2020,3.0 GHz,35.0,4,8,,,,,,,,Intel,FCLGA1200,benchmark-spec-dataset
Intel Core i3-10305 @ 3.80GHz,,,,Q2 2021,3.8 GHz,65.0,4,8,,,,,,,,Intel,FCLGA1200,benchmark-spec-dataset
Intel Core i3-10305T @ 3.00GHz,,,,Q2 2021,3.0 GHz,35.0,4,8,,,,,,,,Intel,FCLGA1200,benchmark-spec-dataset
Intel Core i3-10320 @ 3.80GHz,,,,Q4 2020,3.8 GHz,65.0,4,8,,,,,,,,Intel,FCLGA1200,benchmark-spec-dataset
Intel Core i3-10325 @ 3.90GHz,,,,Q1 2022,3.9 GHz,65.0,4,8,,,,,,,,Intel,FCLGA1200,benchmark-spec-dataset
Intel Core i3-11100B @ 3.60GHz,,,,Q4 2021,3.6 GHz,65.0,4,8,,,,,,,,Intel,,benchmark-spec-dataset
Intel Core i3-1110G4 @ 1.80GHz,,,,Q1 2022,1.8 GHz,7.0,2,4,,,,,,,,Intel,FCBGA1598,benchmark-spec-dataset
Intel Core i3-1115G4 @ 3.00GHz,,,,Q4 2020,3.0 GHz,15.0,2,4,,,,,,,,Intel,FCBGA1449,benchmark-spec-dataset
Intel Core i3-1115G4E @ 3.00GHz,,,,Q1 2022,2.2 GHz,15.0,2,4,,,,,,,,Intel,BGA 1449,benchmark-spec-dataset
Intel Core i3-1115GRE @ 3.00GHz,,,,Q1 2022,3.0 GHz,15.0,2,4,,,,,,,,Intel,FCBGA1449,benchmark-spec-dataset
Intel Core i3-1125G4 @ 2.00GHz,,,,Q1 2021,2.0 GHz,28.0,4,8,,,,,,,,Intel,FCBGA1449,benchmark-spec-dataset
Intel Core i3-1215UE,,,,Q4 2022,,28.0,,,,,,,,,,Intel,FCBGA1744,benchmark-spec-dataset
Intel Core i3-2100 @ 3.10GHz,,,,Q1 2011,3.1 GHz,65.0,2,4,,,,,,,,Intel,LGA1155,benchmark-spec-dataset
Intel Core i3-2100T @ 2.50GHz,,,,Q1 2011,2.5 GHz,35.0,2,4,,,,,,,,Intel,LGA1155,benchmark-spec-dataset
Intel Core i3-2102 @ 3.10GHz,,,,Q1 2016,3.1 GHz,65.0,2,4,,,,,,,,Intel,FCLGA1155,benchmark-spec-dataset
Intel Core i3-2105 @ 3.10GHz,,,,Q3 2011,3.1 GHz,65.0,2,4,,,,,,,,Intel,LGA1155,benchmark-spec-dataset
Intel Core i3-2120 @ 3.30GHz,,,,Q1 2011,3.3 GHz,65.0,2,4,,,,,,,,Intel,LGA1155,benchmark-spec-dataset
Intel Core i3-2120T @ 2.60GHz,,,,Q3 2011,2.6 GHz,35.0,2,4,,,,,,,,Intel,LGA1155,benchmark-spec-dataset
Intel Core i3-2125 @ 3.30GHz,,,,Q3 2011,3.3 GHz,65.0,2,4,,,,,,,,Intel,LGA1155,benchmark-spec-dataset
Intel Core i3-2130 @ 3.40GHz,,,,Q3 2011,3.4 GHz,65.0,2,4,,,,,,,,Intel,LGA1155,benchmark-spec-dataset
Intel Core i3-2140 @ 3.50GHz,,,,Q1 2013,3.5 GHz,65.0,2,4,,,,,,,,Intel,,benchmark-spec-dataset
Intel Core i3-2310E @ 2.10GHz,,,,Q3 2012,2.1 GHz,35.0,2,4,,,,,,,,Intel,FCBGA1023,benchmark-spec-dataset
Intel Core i3-2310M @ 2.10GHz,,,,Q1 2011,2.1 GHz,35.0,2,4,,,,,,,,Intel,BGA1023,benchmark-spec-dataset
Intel Core i3-2312M @ 2.10GHz,,,,Q3 2012,2.1 GHz,35.0,2,4,,,,,,,,Intel,PGA988B,benchmark-spec-dataset
Intel Core i3-2328M @ 2.20GHz,,,,Q3 2012,2.2 GHz,35.0,2,4,,,,,,,,Intel,PGA988,benchmark-spec-dataset
Intel Core i3-2330E @ 2.20GHz,,,,Q2 2014,2.2 GHz,35.0,2,4,,,,,,,,Intel,rPGA988,benchmark-spec-dataset
Intel Core i3-2330M @ 2.20GHz,,,,Q3 2011,2.2 GHz,35.0,2,4,,,,,,,,Intel,BGA1023,benchmark-spec-dataset
Intel Core i3-2332M @ 2.20GHz,,,,Q1 2014,2.2 GHz,35.0,2,4,,,,,,,,Intel,rPGA988B,benchmark-spec-dataset
Intel Core i3-2340UE @ 1.30GHz,,,,Q2 2014,1.3 GHz,17.0,2,4,,,,,,,,Intel,BGA-1023,benchmark-spec-dataset
Intel Core i3-2348M @ 2.30GHz,,,,Q1 2013,2.3 GHz,35.0,2,4,,,,,,,,Intel,rPGA988B,benchmark-spec-dataset
Intel Core i3-2350M @ 2.30GHz,,,,Q4 2011,2.3 GHz,35.0,2,4,,,,,,,,Intel,PGA988B,benchmark-spec-dataset
Intel Core i3-2357M @ 1.30GHz,,,,Q3 2011,1.3 GHz,17.0,2,4,,,,,,,,Intel,,benchmark-spec-dataset
Intel Core i3-2365M @ 1.40GHz,,,,Q1 2012,1.4 GHz,17.0,2,4,,,,,,,,Intel,BGA1023,benchmark-spec-dataset
Intel Core i3-2367M @ 1.40GHz,,,,Q4 2011,1.4 GHz,17.0,2,4,,,,,,,,Intel,BGA1023,benchmark-spec-dataset
Intel Core i3-2370M @ 2.40GHz,,,,Q2 2012,2.4 GHz,35.0,2,4,,,,,,,,Intel,PGA988B,benchmark-spec-dataset
Intel Core i3-2375M @ 1.50GHz,,,,Q1 2013,1.5 GHz,17.0,2,4,,,,,,,,Intel,BGA1023,benchmark-spec-dataset
Intel Core i3-2377M @ 1.50GHz,,,,Q3 2012,1.5 GHz,17.0,2,4,,,,,,,,Intel,BGA1023,benchmark-spec-dataset
Intel Core i3-3110M @ 2.40GHz,,,,Q3 2012,2.4 GHz,35.0,2,4,,,,,,,,Intel,BGA1023,benchmark-spec-dataset
Intel Core i3-3120M @ 2.50GHz,,,,Q1 2012,2.5 GHz,35.0,2,4,,,,,,,,Intel,PGA988,benchmark-spec-dataset
Intel Core i3-3130M @ 2.60GHz,,,,Q1 2013,2.6 GHz,35.0,2,4,,,,,,,,Intel,BGA1023,benchmark-spec-dataset
Intel Core i3-3210 @ 3.20GHz,,,,Q1 2013,3.2 GHz,55.0,2,4,,,,,,,,Intel,LGA1155,benchmark-spec-dataset
Intel Core i3-3217U @ 1.80GHz,,,,Q3 2012,1.8 GHz,17.0,2,4,,,,,,,,Intel,BGA1023,benchmark-spec-dataset
Intel Core i3-3217UE @ 1.60GHz,,,,Q1 2014,1.6 GHz,17.0,2,4,,,,,,,,Intel,BGA1023,benchmark-spec-dataset
Intel Core i3-3220 @ 3.30GHz,,,,Q3 2012,3.3 GHz,55.0,2,4,,,,,,,,Intel,LGA1155,benchmark-spec-dataset
Intel Core i3-3220T @ 2.80GHz,,,,Q3 2012,2.8 GHz,35.0,2,4,,,,,,,,Intel,LGA1155,benchmark-spec-dataset
Intel Core i3-3225 @ 3.30GHz,,,,Q3 2012,3.3 GHz,55.0,2,4,,,,,,,,Intel,LGA1155,benchmark-spec-dataset
Intel Core i3-3227U @ 1.90GHz,,,,Q1 2013,1.9 GHz,17.0,2,4,,,,,,,,Intel,BGA1023,benchmark-spec-dataset
Intel Core i3-3229Y @ 1.40GHz,,,,Q1 2013,1.4 GHz,13.0,2,4,,,,,,,,Intel,BGA1023,benchmark-spec-dataset
Intel Core i3-3240 @ 3.40GHz,,,,Q1 2012,3.4 GHz,55.0,2,4,,,,,,,,Intel,LGA1155,benchmark-spec-dataset
Intel Core i3-3240T @ 2.90GHz,,,,Q1 2012,2.9 GHz,35.0,2,4,,,,,,,,Intel,LGA1155,benchmark-spec-dataset
Intel Core i3-3245 @ 3.40GHz,,,,Q1 2013,3.4 GHz,55.0,2,4,,,,,,,,Intel,LGA1155,benchmark-spec-dataset
Intel Core i3-3250 @ 3.50GHz,,,,Q1 2013,3.5 GHz,55.0,2,4,,,,,,,,Intel,LGA1155,benchmark-spec-dataset
Intel Core i3-3250T @ 3.00GHz,,,,Q1 2016,3.0 GHz,35.0,2,4,,,,,,,,Intel,FCLGA1155,benchmark-spec-dataset
Intel Core i3-330E @ 2.13GHz,,,,Q3 2012,2.1 GHz,35.0,2,4,,,,,,,,Intel,BGA1288,benchmark-spec-dataset
Intel Core i3-330M @ 2.13GHz,,,,Q1 2010,2.1 GHz,35.0,2,4,,,,,,,,Intel,BGA1288,benchmark-spec-dataset
Intel Core i3-330UM @ 1.20GHz,,,,Q2 2010,1.2 GHz,18.0,2,4,,,,,,,,Intel,BGA1288,benchmark-spec-dataset
Intel Core i3-350M @ 2.27GHz,,,,Q1 2010,2.3 GHz,35.0,2,4,,,,,,,,Intel,BGA1288,benchmark-spec-dataset
Intel Core i3-370M @ 2.40GHz,,,,Q3 2010,2.4 GHz,35.0,2,4,,,,,,,,Intel,PGA988A,benchmark-spec-dataset
Intel Core i3-380M @ 2.53GHz,,,,Q4 2010,2.5 GHz,35.0,2,4,,,,,,,,Intel,PGA988A,benchmark-spec-dataset
Intel Core i3-380UM @ 1.33GHz,,,,Q4 2010,1.3 GHz,18.0,2,4,,,,,,,,Intel,BGA1288,benchmark-spec-dataset
Intel Core i3-390M @ 2.67GHz,,,,Q1 2011,2.7 GHz,35.0,2,4,,,,,,,,Intel,BGA1288,benchmark-spec-dataset
Intel Core i3-4000M @ 2.40GHz,,,,Q3 2013,2.4 GHz,37.0,2,4,,,,,,,,Intel,FCPGA946,benchmark-spec-dataset
Intel Core i3-4005U @ 1.70GHz,,,,Q1 2014,1.7 GHz,15.0,2,4,,,,,,,,Intel,FCBGA1168,benchmark-spec-dataset
Intel Core i3-4010U @ 1.70GHz,,,,Q1 2013,1.7 GHz,15.0,2,4,,,,,,,,Intel,BGA1168,benchmark-spec-dataset
Intel Core i3-4010Y @ 1.30GHz,,,,Q4 2013,1.3 GHz,11.5,2,4,,,,,,,,Intel,BGA1168,benchmark-spec-dataset
Intel Core i3-4012Y @ 1.50GHz,,,,Q2 2014,1.5 GHz,11.5,2,4,,,,,,,,Intel,FCBGA1168,benchmark-spec-dataset
Intel Core i3-4020Y @ 1.50GHz,,,,Q1 2014,1.5 GHz,11.5,2,4,,,,,,,,Intel,BGA1168,benchmark-spec-dataset
Intel Core i3-4025U @ 1.90GHz,,,,Q3 2014,1.9 GHz,15.0,2,4,,,,,,,,Intel,FCBGA1168,benchmark-spec-dataset
Intel Core i3-4030U @ 1.90GHz,,,,Q2 2014,1.9 GHz,15.0,2,4,,,,,,,,Intel,FCBGA1168,benchmark-spec-dataset
Intel Core i3-4030Y @ 1.60GHz,,,,Q4 2014,1.6 GHz,11.5,2,4,,,,,,,,Intel,FCBGA1168,benchmark-spec-dataset
Intel Core i3-4100E @ 2.40GHz,,,,Q4 2021,2.4 GHz,37.0,2,4,,,,,,,,Intel,FCBGA1364,benchmark-spec-dataset
Intel Core i3-4100M @ 2.50GHz,,,,Q4 2014,2.5 GHz,37.0,2,4,,,,,,,,Intel,FCPGA946,benchmark-spec-dataset
Intel Core i3-4110M @ 2.60GHz,,,,Q4 2014,2.6 GHz,37.0,2,4,,,,,,,,Intel,FCPGA946,benchmark-spec-dataset
Intel Core i3-4120U @ 2.00GHz,,,,Q2 2016,2.0 GHz,15.0,2,4,,,,,,,,Intel,FCBGA1168,benchmark-spec-dataset
Intel Core i3-4130 @ 3.40GHz,,,,Q1 2013,3.4 GHz,54.0,2,4,,,,,,,,Intel,LGA1150,benchmark-spec-dataset
Intel Core i3-4130T @ 2.90GHz,,,,Q1 2013,2.9 GHz,35.0,2,4,,,,,,,,Intel,LGA1150,benchmark-spec-dataset
Intel Core i3-4150 @ 3.50GHz,,,,Q2 2014,3.5 GHz,54.0,2,4,,,,,,,,Intel,FCLGA1150,benchmark-spec-dataset
Intel Core i3-4150T @ 3.00GHz,,,,Q3 2014,3.0 GHz,35.0,2,4,,,,,,,,Intel,FCLGA1150,benchmark-spec-dataset
Intel Core i3-4158U @ 2.00GHz,,,,Q4 2014,2.0 GHz,28.0,2,4,,,,,,,,Intel,FCBGA1168,benchmark-spec-dataset
Intel Core i3-4160 @ 3.60GHz,,,,Q3 2014,3.6 GHz,54.0,2,4,,,,,,,,Intel,FCLGA1150,benchmark-spec-dataset
Intel Core i3-4160T @ 3.10GHz,,,,Q4 2014,3.1 GHz,35.0,2,4,,,,,,,,Intel,LGA1150,benchmark-spec-dataset
Intel Core i3-4170 @ 3.70GHz,,,,Q2 2015,3.7 GHz,54.0,2,4,,,,,,,,Intel,LGA1150,benchmark-spec-dataset
Intel Core i3-4170T @ 3.20GHz,,,,Q4 2015,3.2 GHz,35.0,2,4,,,,,,,,Intel,LGA1150,benchmark-spec-dataset
Intel Core i3-4330 @ 3.50GHz,,,,Q1 2013,3.5 GHz,54.0,2,4,,,,,,,,Intel,LGA1150,benchmark-spec-dataset
Intel Core i3-4330T @ 3.00GHz,,,,Q1 2014,3.0 GHz,35.0,2,4,,,,,,,,Intel,LGA1150,benchmark-spec-dataset
Intel Core i3-4330TE @ 2.40GHz,,,,Q1 2014,2.4 GHz,35.0,2,4,,,,,,,,Intel,LGA1150,benchmark-spec-dataset
Intel Core i3-4340 @ 3.60GHz,,,,Q1 2013,3.6 GHz,54.0,2,4,,,,,,,,Intel,LGA1150,benchmark-spec-dataset
Intel Core i3-4350 @ 3.60GHz,,,,Q2 2014,3.6 GHz,54.0,2,4,,,,,,,,Intel,LGA1150,benchmark-spec-dataset
Intel Core i3-4350T @ 3.10GHz,,,,Q3 2015,3.1 GHz,35.0,2,4,,,,,,,,Intel,LGA1150,benchmark-spec-dataset
Intel Core i3-4360 @ 3.70GHz,,,,Q2 2014,3.7 GHz,54.0,2,4,,,,,,,,Intel,FCLGA1150,benchmark-spec-dataset
Intel Core i3-4360T @ 3.20GHz,,,,Q3 2014,3.2 GHz,35.0,2,4,,,,,,,,Intel,LGA1150,benchmark-spec-dataset
Intel Core i3-4370 @ 3.80GHz,,,,Q3 2014,3.8 GHz,54.0,2,4,,,,,,,,Intel,LGA1150,benchmark-spec-dataset
Intel Core i3-4370T @ 3.30GHz,,,,Q4 2017,3.3 GHz,35.0,2,4,,,,,,,,Intel,FCLGA1150,benchmark-spec-dataset
Intel Core i3-4570T @ 2.90GHz,,,,Q1 2014,2.9 GHz,35.0,2,4,,,,,,,,Intel,FCLGA1150,benchmark-spec-dataset
Intel Core i3-5005U @ 2.00GHz,,,,Q1 2015,2.0 GHz,15.0,2,4,,,,,,,,Intel,FCBGA1168,benchmark-spec-dataset
Intel Core i3-5010U @ 2.10GHz,,,,Q1 2015,2.1 GHz,15.0,2,4,,,,,,,,Intel,FCBGA1168,benchmark-spec-dataset
Intel Core i3-5015U @ 2.10GHz,,,,Q3 2015,2.1 GHz,15.0,2,4,,,,,,,,Intel,FCBGA1168,benchmark-spec-dataset
Intel Core i3-5020U @ 2.20GHz,,,,Q3 2015,2.2 GHz,15.0,2,4,,,,,,,,Intel,FCBGA1168,benchmark-spec-dataset
Intel Core i3-5157U @ 2.50GHz,,,,Q3 2015,2.5 GHz,28.0,2,4,,,,,,,,Intel,FCBGA1168,benchmark-spec-dataset
Intel Core i3-530 @ 2.93GHz,,,,Q1 2010,2.9 GHz,73.0,2,4,,,,,,,,Intel,LGA1156,benchmark-spec-dataset
Intel Core i3-540 @ 3.07GHz,,,,Q1 2010,3.1 GHz,73.0,2,4,,,,,,,,Intel,LGA1156,benchmark-spec-dataset
Intel Core i3-550 @ 3.20GHz,,,,Q2 2010,3.2 GHz,73.0,2,4,,,,,,,,Intel,LGA1156,benchmark-spec-dataset
Intel Core i3-560 @ 3.33GHz,,,,Q3 2010,3.3 GHz,73.0,2,4,,,,,,,,Intel,LGA1156,benchmark-spec-dataset
Intel Core i3-6006U @ 2.00GHz,,,,Q4 2016,2.0 GHz,15.0,2,4,,,,,,,,Intel,FCBGA1356,benchmark-spec-dataset
Intel Core i3-6098P @ 3.60GHz,,,,Q1 2016,3.6 GHz,54.0,2,4,,,,,,,,Intel,LGA 1151,benchmark-spec-dataset
Intel Core i3-6100 @ 3.70GHz,,,,Q4 2015,3.7 GHz,51.0,2,4,,,,,,,,Intel,LGA 1151,benchmark-spec-dataset
Intel Core i3-6100E @ 2.70GHz,,,,Q2 2016,2.7 GHz,35.0,2,4,,,,,,,,Intel,LGA 1151,benchmark-spec-dataset
Intel Core i3-6100H @ 2.70GHz,,,,Q4 2015,2.7 GHz,35.0,2,4,,,,,,,,Intel,LGA 1151,benchmark-spec-dataset
Intel Core i3-6100T @ 3.20GHz,,,,Q4 2015,3.2 GHz,35.0,2,4,,,,,,,,Intel,LGA 1151,benchmark-spec-dataset
Intel Core i3-6100TE @ 2.70GHz,,,,Q4 2015,2.7 GHz,35.0,2,4,,,,,,,,Intel,LGA 1151,benchmark-spec-dataset
Intel Core i3-6100U @ 2.30GHz,,,,Q4 2015,2.3 GHz,15.0,2,4,,,,,,,,Intel,FCBGA1356,benchmark-spec-dataset
Intel Core i3-6102E @ 1.90GHz,,,,Q3 2019,1.9 GHz,25.0,2,4,,,,,,,,Intel,FCBGA1440,benchmark-spec-dataset
Intel Core i3-6157U @ 2.40GHz,,,,Q4 2016,2.4 GHz,28.0,2,4,,,,,,,,Intel,BGA1356,benchmark-spec-dataset
Intel Core i3-6167U @ 2.70GHz,,,,Q1 2023,2.7 GHz,28.0,2,4,,,,,,,,Intel,FCBGA1356,benchmark-spec-dataset
Intel Core i3-6300 @ 3.80GHz,,,,Q4 2015,3.8 GHz,51.0,2,4,,,,,,,,Intel,LGA 1151,benchmark-spec-dataset
Intel Core i3-6300T @ 3.30GHz,,,,Q4 2015,3.3 GHz,35.0,2,4,,,,,,,,Intel,LGA 1151,benchmark-spec-dataset
Intel Core i3-6320 @ 3.90GHz,,,,Q4 2015,3.9 GHz,51.0,2,4,,,,,,,,Intel,LGA 1151,benchmark-spec-dataset
Intel Core i3-7020U @ 2.30GHz,,,,Q2 2018,2.3 GHz,15.0,2,4,,,,,,,,Intel,FCBGA1356,benchmark-spec-dataset
Intel Core i3-7100 @ 3.90GHz,,,,Q1 2017,3.9 GHz,51.0,2,4,,,,,,,,Intel,FCLGA1151,benchmark-spec-dataset
Intel Core i3-7100H @ 3.00GHz,,,,Q4 2017,3.0 GHz,35.0,2,4,,,,,,,,Intel,FCBGA1440,benchmark-spec-dataset
Intel Core i3-7100T @ 3.40GHz,,,,Q1 2017,3.4 GHz,35.0,2,4,,,,,,,,Intel,FCLGA1151,benchmark-spec-dataset
Intel Core i3-7100U @ 2.40GHz,,,,Q4 2016,2.4 GHz,15.0,2,4,,,,,,,,Intel,FCBGA1356,benchmark-spec-dataset
Intel Core i3-7101E @ 3.90GHz,,,,Q1 2020,3.9 GHz,54.0,2,4,,,,,,,,Intel,FCLGA1151,benchmark-spec-dataset
Intel Core i3-7101TE @ 3.40GHz,,,,Q4 2017,3.4 GHz,35.0,2,4,,,,,,,,Intel,FCLGA1151,benchmark-spec-dataset
Intel Core i3-7102E @ 2.10GHz,,,,Q2 2019,2.1 GHz,25.0,2,4,,,,,,,,Intel,FCBGA1440,benchmark-spec-dataset
Intel Core i3-7130U @ 2.70GHz,,,,Q4 2017,2.7 GHz,15.0,2,4,,,,,,,,Intel,FCBGA1356,benchmark-spec-dataset
Intel Core i3-7167U @ 2.80GHz,,,,Q4 2018,2.8 GHz,28.0,2,4,,,,,,,,Intel,,benchmark-spec-dataset
Intel Core i3-7300 @ 4.00GHz,,,,Q1 2017,4.0 GHz,51.0,2,4,,,,,,,,Intel,FCLGA1151,benchmark-spec-dataset
Intel Core i3-7300T @ 3.50GHz,,,,Q2 2017,3.5 GHz,35.0,2,4,,,,,,,,Intel,FCLGA1151,benchmark-spec-dataset
Intel Core i3-7320 @ 4.10GHz,,,,Q1 2017,4.1 GHz,51.0,2,4,,,,,,,,Intel,FCLGA1151,benchmark-spec-dataset
Intel Core i3-7350K @ 4.20GHz,,,,Q1 2017,4.2 GHz,60.0,2,4,,,,,,,,Intel,FCLGA1151,benchmark-spec-dataset
Intel Core i3-8100 @ 3.60GHz,,,,Q4 2017,3.6 GHz,65.0,4,4,,,,,,,,Intel,FCLGA1151-2,benchmark-spec-dataset
Intel Core i3-8100B @ 3.60GHz,,,,Q1 2019,3.6 GHz,65.0,4,4,,,,,,,,Intel,FCBGA1440,benchmark-spec-dataset
Intel Core i3-8100T @ 3.10GHz,,,,Q3 2018,3.1 GHz,35.0,4,4,,,,,,,,Intel,FCLGA1151-2,benchmark-spec-dataset
Intel Core i3-8109U @ 3.00GHz,,,,Q4 2018,3.0 GHz,28.0,2,4,,,,,,,,Intel,FCBGA1528,benchmark-spec-dataset
Intel Core i3-8121U @ 2.20GHz,,,,Q4 2018,2.2 GHz,15.0,2,4,,,,,,,,Intel,,benchmark-spec-dataset
Intel Core i3-8130U @ 2.20GHz,,,,Q2 2018,2.2 GHz,15.0,2,4,,,,,,,,Intel,FCBGA1356,benchmark-spec-dataset
Intel Core i3-8140U @ 2.10GHz,,,,Q1 2022,2.1 GHz,15.0,2,4,,,,,,,,Intel,FCBGA1528,benchmark-spec-dataset
Intel Core i3-8145U @ 2.10GHz,,,,Q4 2018,2.1 GHz,15.0,2,4,,,,,,,,Intel,FCBGA1528,benchmark-spec-dataset
Intel Core i3-8145UE @ 2.20GHz,,,,Q3 2020,2.2 GHz,15.0,2,4,,,,,,,,Intel,FCBGA1528,benchmark-spec-dataset
Intel Core i3-8300 @ 3.70GHz,,,,Q2 2018,3.7 GHz,62.0,4,4,,,,,,,,Intel,FCLGA1151-2,benchmark-spec-dataset
Intel Core i3-8300T @ 3.20GHz,,,,Q2 2018,3.2 GHz,25.0,4,4,,,,,,,,Intel,FCLGA1151-2,benchmark-spec-dataset
Intel Core i3-8350K @ 4.00GHz,,,,Q4 2017,4.0 GHz,91.0,4,4,,,,,,,,Intel,FCLGA1151-2,benchmark-spec-dataset
Intel Core i3-9100 @ 3.60GHz,,,,Q2 2019,3.6 GHz,65.0,4,4,,,,,,,,Intel,FCLGA1151-2,benchmark-spec-dataset
Intel Core i3-9100F @ 3.60GHz,,,,Q2 2019,3.6 GHz,65.0,4,4,,,,,,,,Intel,FCLGA1151-2,benchmark-spec-dataset
Intel Core i3-9100T @ 3.10GHz,,,,Q3 2019,3.1 GHz,35.0,4,4,,,,,,,,Intel,FCLGA1151-2,benchmark-spec-dataset
Intel Core i3-9100TE @ 2.20GHz,,,,Q4 2020,2.2 GHz,35.0,4,4,,,,,,,,Intel,FCLGA1151-2,benchmark-spec-dataset
Intel Core i3-9300 @ 3.70GHz,,,,Q3 2019,3.7 GHz,62.0,4,4,,,,,,,,Intel,FCLGA1151-2,benchmark-spec-dataset
Intel Core i3-9300T @ 3.20GHz,,,,Q3 2019,3.2 GHz,35.0,4,4,,,,,,,,Intel,FCLGA1151-2,benchmark-spec-dataset
Intel Core i3-9320 @ 3.70GHz,,,,Q3 2019,3.7 GHz,62.0,4,4,,,,,,,,Intel,FCLGA1151-2,benchmark-spec-dataset
Intel Core i3-9350K @ 4.00GHz,,,,Q2 2020,4.0 GHz,91.0,4,4,,,,,,,,Intel,FCLGA1151,benchmark-spec-dataset
Intel Core i3-9350KF @ 4.00GHz,,,,Q2 2019,4.0 GHz,91.0,4,4,,,,,,,,Intel,FCLGA1151-2,benchmark-spec-dataset
Intel Core i5 750S @ 2.40GHz,,,,Q3 2012,2.4 GHz,82.0,4,4,,,,,,,,Intel,LGA1156,benchmark-spec-dataset
Intel Core i5 E 520 @ 2.40GHz,,,,Q1 2010,2.4 GHz,35.0,2,4,,,,,,,,Intel,BGA1288,benchmark-spec-dataset
Intel Core i5-10200H @ 2.40GHz,,,,Q4 2020,2.4 GHz,45.0,4,8,,,,,,,,Intel,FCBGA1440,benchmark-spec-dataset
Intel Core i5-10210U @ 1.60GHz,,,,Q3 2019,1.6 GHz,15.0,4,8,,,,,,,,Intel,FCBGA1528,benchmark-spec-dataset
Intel Core i5-10210Y @ 1.00GHz,,,,Q1 2020,1.0 GHz,7.0,4,8,,,,,,,,Intel,UTFCBGA1377,benchmark-spec-dataset
Intel Core i5-10300H @ 2.50GHz,,,,Q1 2020,2.5 GHz,45.0,4,8,,,,,,,,Intel,FCBGA1440,benchmark-spec-dataset
Intel Core i5-1030NG7 @ 1.10GHz,,,,Q2 2020,1.1 GHz,10.0,4,8,,,,,,,,Intel,BGA1526,benchmark-spec-dataset
Intel Core i5-10310U @ 1.70GHz,,,,Q2 2020,1.7 GHz,15.0,4,8,,,,,,,,Intel,FCBGA1528,benchmark-spec-dataset
Intel Core i5-1035G1 @ 1.00GHz,,,,Q3 2019,1.0 GHz,15.0,4,8,,,,,,,,Intel,FCBGA1526,benchmark-spec-dataset
Intel Core i5-1035G4 @ 1.10GHz,,,,Q4 2019,1.1 GHz,15.0,4,8,,,,,,,,Intel,FCBGA1526,benchmark-spec-dataset
Intel Core i5-1035G7 @ 1.20GHz,,,,Q4 2019,1.2 GHz,15.0,4,8,,,,,,,,Intel,FCBGA1526,benchmark-spec-dataset
Intel Core i5-1038NG7 @ 2.00GHz,,,,Q2 2020,2.0 GHz,28.0,4,8,,,,,,,,Intel,FCBGA1344,benchmark-spec-dataset
Intel Core i5-10400 @ 2.90GHz,,,,Q2 2020,2.9 GHz,65.0,6,12,,,,,,,,Intel,FCLGA1200,benchmark-spec-dataset
Intel Core i5-10400F @ 2.90GHz,,,,Q2 2020,2.9 GHz,65.0,6,12,,,,,,,,Intel,FCLGA1200,benchmark-spec-dataset
Intel Core i5-10400H @ 2.60GHz,,,,Q3 2020,2.6 GHz,45.0,4,8,,,,,,,,Intel,FCBGA1440,benchmark-spec-dataset
Intel Core i5-10400T @ 2.00GHz,,,,Q3 2020,2.0 GHz,35.0,6,12,,,,,,,,Intel,FCLGA1200,benchmark-spec-dataset
Intel Core i5-10500 @ 3.10GHz,,,,Q2 2020,3.1 GHz,65.0,6,12,,,,,,,,Intel,FCLGA1200,benchmark-spec-dataset
Intel Core i5-10500E @ 3.10GHz,,,,Q2 2022,3.1 GHz,65.0,6,12,,,,,,,,Intel,FCLGA1200,benchmark-spec-dataset
Intel Core i5-10500H @ 2.50GHz,,,,Q1 2021,2.5 GHz,45.0,6,12,,,,,,,,Intel,FCBGA1440,benchmark-spec-dataset
Intel Core i5-10500T @ 2.30GHz,,,,Q2 2020,2.3 GHz,35.0,6,12,,,,,,,,Intel,FCLGA1200,benchmark-spec-dataset
Intel Core i5-10500TE @ 2.30GHz,,,,Q2 2022,2.3 GHz,35.0,6,12,,,,,,,,Intel,FCLGA1200,benchmark-spec-dataset
Intel Core i5-10505 @ 3.20GHz,,,,Q2 2021,3.2 GHz,65.0,6,12,,,,,,,,Intel,FCLGA1200,benchmark-spec-dataset
Intel Core i5-10600 @ 3.30GHz,,,,Q2 2020,3.3 GHz,65.0,6,12,,,,,,,,Intel,FCLGA1200,benchmark-spec-dataset
Intel Core i5-10600K @ 4.10GHz,,,,Q2 2020,4.1 GHz,125.0,6,12,,,,,,,,Intel,FCLGA1200,benchmark-spec-dataset
Intel Core i5-10600KF @ 4.10GHz,,,,Q3 2020,4.1 GHz,125.0,6,12,,,,,,,,Intel,FCLGA1200,benchmark-spec-dataset
Intel Core i5-10600T @ 2.40GHz,,,,Q3 2020,2.4 GHz,35.0,6,12,,,,,,,,Intel,FCLGA1200,benchmark-spec-dataset
Intel Core i5-11260H @ 2.60GHz,,,,Q3 2021,2.6 GHz,45.0,6,12,,,,,,,,Intel,FCBGA1787,benchmark-spec-dataset
Intel Core i5-11300H @ 3.10GHz,,,,Q2 2021,3.1 GHz,35.0,4,8,,,,,,,,Intel,FCBGA1449,benchmark-spec-dataset
Intel Core i5-1130G7 @ 1.10GHz,,,,Q1 2021,1.1 GHz,15.0,4,8,,,,,,,,Intel,BGA 1449,benchmark-spec-dataset
Intel Core i5-11320H @ 3.20GHz,,,,Q4 2021,3.2 GHz,35.0,4,8,,,,,,,,Intel,FCBGA1449,benchmark-spec-dataset
Intel Core i5-1135G7 @ 2.40GHz,,,,Q3 2020,2.4 GHz,15.0,4,8,,,,,,,,Intel,BGA1526,benchmark-spec-dataset
Intel Core i5-11400 @ 2.60GHz,,,,Q1 2021,2.6 GHz,65.0,6,12,,,,,,,,Intel,FCLGA1200,benchmark-spec-dataset
Intel Core i5-11400F @ 2.60GHz,,,,Q1 2021,2.6 GHz,65.0,6,12,,,,,,,,Intel,FCLGA1200,benchmark-spec-dataset
Intel Core i5-11400H @ 2.70GHz,,,,Q3 2021,2.7 GHz,45.0,6,12,,,,,,,,Intel,FCBGA1787,benchmark-spec-dataset
Intel Core i5-11400T @ 1.30GHz,,,,Q2 2021,1.3 GHz,35.0,6,12,,,,,,,,Intel,FCLGA1200,benchmark-spec-dataset
Intel Core i5-1140G7 @ 1.10GHz,,,,Q1 2021,1.1 GHz,15.0,4,8,,,,,,,,Intel,FCBGA1598,benchmark-spec-dataset
Intel Core i5-1145G7 @ 2.60GHz,,,,Q1 2021,2.6 GHz,28.0,4,8,,,,,,,,Intel,FCBGA1449,benchmark-spec-dataset
Intel Core i5-1145G7E @ 2.60GHz,,,,Q2 2021,2.6 GHz,15.0,4,8,,,,,,,,Intel,FCBGA1449,benchmark-spec-dataset
Intel Core i5-1145GRE @ 2.60GHz,,,,Q1 2022,1.5 GHz,15.0,4,8,,,,,,,,Intel,FCBGA1449,benchmark-spec-dataset
Intel Core i5-11500 @ 2.70GHz,,,,Q2 2021,2.7 GHz,65.0,6,12,,,,,,,,Intel,FCLGA1200,benchmark-spec-dataset
Intel Core i5-11500B @ 3.30GHz,,,,Q4 2021,3.3 GHz,65.0,6,12,,,,,,,,Intel,,benchmark-spec-dataset
Intel Core i5-11500H @ 2.90GHz,,,,Q2 2021,2.9 GHz,45.0,6,12,,,,,,,,Intel,FCBGA1787,benchmark-spec-dataset
Intel Core i5-11500T @ 1.50GHz,,,,Q3 2021,1.5 GHz,35.0,6,12,,,,,,,,Intel,FCLGA1200,benchmark-spec-dataset
Intel Core i5-1155G7 @ 2.50GHz,,,,Q4 2021,2.5 GHz,28.0,4,8,,,,,,,,Intel,FCBGA1449,benchmark-spec-dataset
Intel Core i5-11600 @ 2.80GHz,,,,Q2 2021,2.8 GHz,65.0,6,12,,,,,,,,Intel,FCLGA1200,benchmark-spec-dataset
Intel Core i5-11600K @ 3.90GHz,,,,Q2 2021,3.9 GHz,125.0,6,12,,,,,,,,Intel,FCLGA1200,benchmark-spec-dataset
Intel Core i5-11600KF @ 3.90GHz,,,,Q2 2021,3.9 GHz,125.0,6,12,,,,,,,,Intel,FCLGA1200,benchmark-spec-dataset
Intel Core i5-11600T @ 1.70GHz,,,,Q4 2021,1.7 GHz,35.0,6,12,,,,,,,,Intel,FCLGA1200,benchmark-spec-dataset
Intel Core i5-1245UE,,,,Q3 2022,,15.0,,,,,,,,,,Intel,FCBGA1744,benchmark-spec-dataset
Intel Core i5-1250PE,,,,Q2 2023,,28.0,,,,,,,,,,Intel,FCBGA1744,benchmark-spec-dataset
Intel Core i5-2300 @ 2.80GHz,,,,Q1 2011,2.8 GHz,95.0,4,4,,,,,,,,Intel,LGA1155,benchmark-spec-dataset
Intel Core i5-2310 @ 2.90GHz,,,,Q2 2011,2.9 GHz,95.0,4,4,,,,,,,,Intel,LGA1155,benchmark-spec-dataset
Intel Core i5-2320 @ 3.00GHz,,,,Q3 2011,3.0 GHz,95.0,4,4,,,,,,,,Intel,LGA1155,benchmark-spec-dataset
Intel Core i5-2380P @ 3.10GHz,,,,Q1 2012,3.1 GHz,95.0,4,4,,,,,,,,Intel,LGA1155,benchmark-spec-dataset
Intel Core i5-2390T @ 2.70GHz,,,,Q3 2011,2.7 GHz,35.0,2,4,,,,,,,,Intel,LGA1155,benchmark-spec-dataset
Intel Core i5-2400 @ 3.10GHz,,,,Q4 2010,3.1 GHz,95.0,4,4,,,,,,,,Intel,LGA1155,benchmark-spec-dataset
Intel Core i5-2400S @ 2.50GHz,,,,Q1 2011,2.5 GHz,65.0,4,4,,,,,,,,Intel,LGA1155,benchmark-spec-dataset
Intel Core i5-24050S @ 2.50GHz,,,,Q2 2013,2.5 GHz,65.0,4,4,,,,,,,,Intel,LGA1155. FCLGA11,benchmark-spec-dataset
Intel Core i5-2405S @ 2.50GHz,,,,Q2 2011,2.5 GHz,65.0,4,4,,,,,,,,Intel,LGA1155,benchmark-spec-dataset
Intel Core i5-2410M @ 2.30GHz,,,,Q4 2010,2.3 GHz,35.0,2,4,,,,,,,,Intel,FCBGA1023. PPG,benchmark-spec-dataset
Intel Core i5-2415M @ 2.30GHz,,,,Q1 2011,2.3 GHz,35.0,2,4,,,,,,,,Intel,BGA1023,benchmark-spec-dataset
Intel Core i5-2430M @ 2.40GHz,,,,Q3 2011,2.4 GHz,35.0,2,4,,,,,,,,Intel,PGA988B,benchmark-spec-dataset
Intel Core i5-2435M @ 2.40GHz,,,,Q4 2011,2.4 GHz,35.0,2,4,,,,,,,,Intel,BGA1023,benchmark-spec-dataset
Intel Core i5-2450M @ 2.50GHz,,,,Q4 2011,2.5 GHz,35.0,2,4,,,,,,,,Intel,BGA1023,benchmark-spec-dataset
Intel Core i5-2450P @ 3.20GHz,,,,Q1 2012,3.2 GHz,95.0,4,4,,,,,,,,Intel,LGA1155,benchmark-spec-dataset
Intel Core i5-2467M @ 1.60GHz,,,,Q3 2011,1.6 GHz,17.0,2,4,,,,,,,,Intel,BGA1023,benchmark-spec-dataset
Intel Core i5-2500 @ 3.30GHz,,,,Q4 2010,3.3 GHz,95.0,4,4,,,,,,,,Intel,LGA1155,benchmark-spec-dataset
Intel Core i5-2500K @ 3.30GHz,,,,Q4 2010,3.3 GHz,95.0,4,4,,,,,,,,Intel,LGA1155,benchmark-spec-dataset
Intel Core i5-2500S @ 2.70GHz,,,,Q1 2011,2.7 GHz,65.0,4,4,,,,,,,,Intel,LGA1155,benchmark-spec-dataset
Intel Core i5-2500T @ 2.30GHz,,,,Q2 2011,2.3 GHz,45.0,4,4,,,,,,,,Intel,LGA1155,benchmark-spec-dataset
Intel Core i5-2510E @ 2.50GHz,,,,Q2 2011,2.5 GHz,35.0,2,4,,,,,,,,Intel,PGA988B,benchmark-spec-dataset
Intel Core i5-2515E @ 2.50GHz,,,,Q4 2011,2.5 GHz,35.0,2,4,,,,,,,,Intel,BGA1023,benchmark-spec-dataset
Intel Core i5-2520M @ 2.50GHz,,,,Q1 2011,2.5 GHz,35.0,2,4,,,,,,,,Intel,PGA988B,benchmark-spec-dataset
Intel Core i5-2537M @ 1.40GHz,,,,Q1 2011,1.4 GHz,17.0,2,4,,,,,,,,Intel,BGA1023,benchmark-spec-dataset
Intel Core i5-2540M @ 2.60GHz,,,,Q4 2010,2.6 GHz,35.0,2,4,,,,,,,,Intel,BGA1023,benchmark-spec-dataset
Intel Core i5-2550K @ 3.40GHz,,,,Q1 2012,3.4 GHz,95.0,4,4,,,,,,,,Intel,LGA1155,benchmark-spec-dataset
Intel Core i5-2557M @ 1.70GHz,,,,Q2 2011,1.7 GHz,17.0,2,4,,,,,,,,Intel,BGA1023,benchmark-spec-dataset
Intel Core i5-3210M @ 2.50GHz,,,,Q1 2012,2.5 GHz,35.0,2,4,,,,,,,,Intel,PGA988B,benchmark-spec-dataset
Intel Core i5-3230M @ 2.60GHz,,,,Q1 2013,2.6 GHz,35.0,2,4,,,,,,,,Intel,PGA988,benchmark-spec-dataset
Intel Core i5-3317U @ 1.70GHz,,,,Q2 2012,1.7 GHz,17.0,2,4,,,,,,,,Intel,BGA1023,benchmark-spec-dataset
Intel Core i5-3320M @ 2.60GHz,,,,Q2 2012,2.6 GHz,35.0,2,4,,,,,,,,Intel,BGA1023,benchmark-spec-dataset
Intel Core i5-3330 @ 3.00GHz,,,,Q4 2012,3.0 GHz,77.0,4,4,,,,,,,,Intel,LGA1155,benchmark-spec-dataset
Intel Core i5-3330S @ 2.70GHz,,,,Q1 2012,2.7 GHz,65.0,4,4,,,,,,,,Intel,LGA1155,benchmark-spec-dataset
Intel Core i5-3335S @ 2.70GHz,,,,Q3 2012,2.7 GHz,65.0,4,4,,,,,,,,Intel,LGA1155,benchmark-spec-dataset
Intel Core i5-3337U @ 1.80GHz,,,,Q1 2013,1.8 GHz,17.0,2,4,,,,,,,,Intel,BGA1023,benchmark-spec-dataset
Intel Core i5-3339Y @ 1.50GHz,,,,Q1 2013,1.5 GHz,13.0,2,4,,,,,,,,Intel,BGA1023,benchmark-spec-dataset
Intel Core i5-3340 @ 3.10GHz,,,,Q4 2013,3.1 GHz,77.0,4,4,,,,,,,,Intel,LGA1155,benchmark-spec-dataset
Intel Core i5-3340M @ 2.70GHz,,,,Q1 2013,2.7 GHz,35.0,2,4,,,,,,,,Intel,BGA1023,benchmark-spec-dataset
Intel Core i5-3340S @ 2.80GHz,,,,Q4 2013,2.8 GHz,65.0,4,4,,,,,,,,Intel,LGA1155,benchmark-spec-dataset
Intel Core i5-3350P @ 3.10GHz,,,,Q4 2012,3.1 GHz,69.0,4,4,,,,,,,,Intel,LGA1155,benchmark-spec-dataset
Intel Core i5-3360M @ 2.80GHz,,,,Q2 2012,2.8 GHz,35.0,2,4,,,,,,,,Intel,BGA1023,benchmark-spec-dataset
Intel Core i5-3380M @ 2.90GHz,,,,Q1 2013,2.9 GHz,35.0,2,4,,,,,,,,Intel,FCPGA988. FCBGA1,benchmark-spec-dataset
Intel Core i5-3427U @ 1.80GHz,,,,Q2 2012,1.8 GHz,17.0,2,4,,,,,,,,Intel,BGA1023,benchmark-spec-dataset
Intel Core i5-3437U @ 1.90GHz,,,,Q1 2013,1.9 GHz,17.0,2,4,,,,,,,,Intel,BGA1023,benchmark-spec-dataset
Intel Core i5-3439Y @ 1.50GHz,,,,Q1 2013,1.5 GHz,13.0,2,4,,,,,,,,Intel,BGA1023,benchmark-spec-dataset
Intel Core i5-3450 @ 3.10GHz,,,,Q2 2012,3.1 GHz,77.0,4,4,,,,,,,,Intel,LGA1155,benchmark-spec-dataset
Intel Core i5-3450S @ 2.80GHz,,,,Q2 2012,2.8 GHz,65.0,4,4,,,,,,,,Intel,LGA1155,benchmark-spec-dataset
Intel Core i5-3470 @ 3.20GHz,,,,Q3 2012,3.2 GHz,77.0,4,4,,,,,,,,Intel,LGA1155,benchmark-spec-dataset
Intel Core i5-3470S @ 2.90GHz,,,,Q3 2012,2.9 GHz,65.0,4,4,,,,,,,,Intel,LGA1155,benchmark-spec-dataset
Intel Core i5-3470T @ 2.90GHz,,,,Q2 2012,2.9 GHz,35.0,2,4,,,,,,,,Intel,LGA1155,benchmark-spec-dataset
Intel Core i5-3475S @ 2.90GHz,,,,Q1 2012,2.9 GHz,65.0,4,4,,,,,,,,Intel,LGA1155,benchmark-spec-dataset
Intel Core i5-3550 @ 3.30GHz,,,,Q1 2012,3.3 GHz,77.0,4,4,,,,,,,,Intel,LGA1155,benchmark-spec-dataset
Intel Core i5-3550S @ 3.00GHz,,,,Q2 2012,3.0 GHz,65.0,4,4,,,,,,,,Intel,LGA1155,benchmark-spec-dataset
Intel Core i5-3570 @ 3.40GHz,,,,Q3 2012,3.4 GHz,77.0,4,4,,,,,,,,Intel,LGA1155,benchmark-spec-dataset
Intel Core i5-3570K @ 3.40GHz,,,,Q2 2012,3.4 GHz,77.0,4,4,,,,,,,,Intel,LGA1155,benchmark-spec-dataset
Intel Core i5-3570S @ 3.10GHz,,,,Q3 2012,3.1 GHz,65.0,4,4,,,,,,,,Intel,LGA1155,benchmark-spec-dataset
Intel Core i5-3570T @ 2.30GHz,,,,Q3 2012,2.3 GHz,45.0,4,4,,,,,,,,Intel,LGA1155,benchmark-spec-dataset
Intel Core i5-3610ME @ 2.70GHz,,,,Q1 2012,2.7 GHz,35.0,2,4,,,,,,,,Intel,BGA1023,benchmark-spec-dataset
Intel Core i5-4200H @ 2.80GHz,,,,Q1 2014,2.8 GHz,47.0,2,4,,,,,,,,Intel,BGA1364,benchmark-spec-dataset
Intel Core i5-4200M @ 2.50GHz,,,,Q1 2013,2.5 GHz,37.0,2,4,,,,,,,,Intel,PGA946,benchmark-spec-dataset
Intel Core i5-4200U @ 1.60GHz,,,,Q1 2013,1.6 GHz,15.0,2,4,,,,,,,,Intel,BGA1168,benchmark-spec-dataset
Intel Core i5-4200Y @ 1.40GHz,,,,Q1 2013,1.4 GHz,11.5,2,4,,,,,,,,Intel,BGA1168,benchmark-spec-dataset
Intel Core i5-4202Y @ 1.60GHz,,,,Q1 2014,1.6 GHz,11.5,2,4,,,,,,,,Intel,FCBGA1168,benchmark-spec-dataset
Intel Core i5-4210H @ 2.90GHz,,,,Q3 2014,2.9 GHz,47.0,2,4,,,,,,,,Intel,FCBGA1364,benchmark-spec-dataset
Intel Core i5-4210M @ 2.60GHz,,,,Q2 2014,2.6 GHz,37.0,2,4,,,,,,,,Intel,FCPGA946,benchmark-spec-dataset
Intel Core i5-4210U @ 1.70GHz,,,,Q2 2014,1.7 GHz,15.0,2,4,,,,,,,,Intel,FCBGA1168,benchmark-spec-dataset
Intel Core i5-4210Y @ 1.50GHz,,,,Q1 2013,1.5 GHz,11.0,2,4,,,,,,,,Intel,BGA1168,benchmark-spec-dataset
Intel Core i5-4220Y @ 1.60GHz,,,,Q2 2015,1.6 GHz,11.5,2,4,,,,,,,,Intel,FCBGA1364,benchmark-spec-dataset
Intel Core i5-4230U @ 1.90GHz,,,,Q1 2018,1.9 GHz,15.0,2,4,,,,,,,,Intel,FCBGA1364,benchmark-spec-dataset
Intel Core i5-4250U @ 1.30GHz,,,,Q1 2013,1.3 GHz,15.0,2,4,,,,,,,,Intel,BGA1168,benchmark-spec-dataset
Intel Core i5-4258U @ 2.40GHz,,,,Q3 2013,2.4 GHz,28.0,2,4,,,,,,,,Intel,FCBGA1168,benchmark-spec-dataset
Intel Core i5-4260U @ 1.40GHz,,,,Q2 2014,1.4 GHz,15.0,2,4,,,,,,,,Intel,FCBGA1168,benchmark-spec-dataset
Intel Core i5-4278U @ 2.60GHz,,,,Q3 2014,2.6 GHz,28.0,2,4,,,,,,,,Intel,FCBGA1168,benchmark-spec-dataset
Intel Core i5-4288U @ 2.60GHz,,,,Q3 2013,2.6 GHz,28.0,2,4,,,,,,,,Intel,FCBGA1168,benchmark-spec-dataset
Intel Core i5-4300M @ 2.60GHz,,,,Q1 2013,2.6 GHz,37.0,2,4,,,,,,,,Intel,PGA946,benchmark-spec-dataset
Intel Core i5-4300U @ 1.90GHz,,,,Q3 2013,1.9 GHz,15.0,2,4,,,,,,,,Intel,FCBGA1168,benchmark-spec-dataset
Intel Core i5-4300Y @ 1.60GHz,,,,Q1 2013,1.6 GHz,11.5,2,4,,,,,,,,Intel,BGA1168,benchmark-spec-dataset
Intel Core i5-4302Y @ 1.60GHz,,,,Q1 2014,1.6 GHz,11.5,2,4,,,,,,,,Intel,FCBGA1168,benchmark-spec-dataset
Intel Core i5-4308U @ 2.80GHz,,,,Q4 2014,2.8 GHz,28.0,2,4,,,,,,,,Intel,FCBGA1364,benchmark-spec-dataset
Intel Core i5-430M @ 2.27GHz,,,,Q1 2010,2.3 GHz,35.0,2,4,,,,,,,,Intel,BGA1288,benchmark-spec-dataset
Intel Core i5-430UM @ 1.20GHz,,,,Q2 2010,1.2 GHz,18.0,2,4,,,,,,,,Intel,BGA1288,benchmark-spec-dataset
Intel Core i5-4310M @ 2.70GHz,,,,Q2 2014,2.7 GHz,37.0,2,4,,,,,,,,Intel,,benchmark-spec-dataset
Intel Core i5-4310U @ 2.00GHz,,,,Q2 2014,2.0 GHz,15.0,2,4,,,,,,,,Intel,FCBGA1168,benchmark-spec-dataset
Intel Core i5-4330M @ 2.80GHz,,,,Q4 2013,2.8 GHz,37.0,2,4,,,,,,,,Intel,,benchmark-spec-dataset
Intel Core i5-4340M @ 2.90GHz,,,,Q2 2014,2.9 GHz,37.0,2,4,,,,,,,,Intel,,benchmark-spec-dataset
Intel Core i5-4350U @ 1.40GHz,,,,Q1 2013,1.4 GHz,15.0,2,4,,,,,,,,Intel,BGA1168,benchmark-spec-dataset
Intel Core i5-4400E @ 2.70GHz,,,,Q1 2014,2.7 GHz,37.0,2,4,,,,,,,,Intel,BGA1364,benchmark-spec-dataset
Intel Core i5-4402E @ 1.60GHz,,,,Q1 2016,1.6 GHz,25.0,2,4,,,,,,,,Intel,FCBGA1364,benchmark-spec-dataset
Intel Core i5-4422E @ 1.80GHz,,,,Q4 2017,1.8 GHz,25.0,2,4,,,,,,,,Intel,FCBGA1364,benchmark-spec-dataset
Intel Core i5-4430 @ 3.00GHz,,,,Q2 2013,3.0 GHz,84.0,4,4,,,,,,,,Intel,LGA1150,benchmark-spec-dataset
Intel Core i5-4430S @ 2.70GHz,,,,Q4 2013,2.7 GHz,65.0,4,4,,,,,,,,Intel,LGA1150,benchmark-spec-dataset
Intel Core i5-4440 @ 3.10GHz,,,,Q1 2013,3.1 GHz,84.0,4,4,,,,,,,,Intel,FCLGA1150,benchmark-spec-dataset
Intel Core i5-4440S @ 2.80GHz,,,,Q4 2013,2.8 GHz,65.0,4,4,,,,,,,,Intel,LGA1150,benchmark-spec-dataset
Intel Core i5-4460 @ 3.20GHz,,,,Q2 2014,3.2 GHz,84.0,4,4,,,,,,,,Intel,LGA1150,benchmark-spec-dataset
Intel Core i5-4460S @ 2.90GHz,,,,Q2 2014,2.9 GHz,65.0,4,4,,,,,,,,Intel,LGA1150,benchmark-spec-dataset
Intel Core i5-4460T @ 1.90GHz,,,,Q3 2014,1.9 GHz,35.0,4,4,,,,,,,,Intel,LGA1150,benchmark-spec-dataset
Intel Core i5-4470 @ 3.30GHz,,,,Q4 2022,3.3 GHz,84.0,4,4,,,,,,,,Intel,LGA1150,benchmark-spec-dataset
Intel Core i5-4470S @ 3.00GHz,,,,Q3 2020,3.0 GHz,65.0,4,4,,,,,,,,Intel,LGA1150,benchmark-spec-dataset
Intel Core i5-450M @ 2.40GHz,,,,Q2 2010,2.4 GHz,35.0,2,4,,,,,,,,Intel,PGA988A,benchmark-spec-dataset
Intel Core i5-4570 @ 3.20GHz,,,,Q2 2013,3.2 GHz,84.0,4,4,,,,,,,,Intel,LGA1150,benchmark-spec-dataset
Intel Core i5-4570R @ 2.70GHz,,,,Q2 2013,2.7 GHz,65.0,4,4,,,,,,,,Intel,FCBGA1364,benchmark-spec-dataset
Intel Core i5-4570S @ 2.90GHz,,,,Q2 2013,2.9 GHz,65.0,4,4,,,,,,,,Intel,LGA1150,benchmark-spec-dataset
Intel Core i5-4570T @ 2.90GHz,,,,Q1 2013,2.9 GHz,35.0,2,4,,,,,,,,Intel,LGA1150,benchmark-spec-dataset
Intel Core i5-4570TE @ 2.70GHz,,,,Q3 2014,2.7 GHz,35.0,2,4,,,,,,,,Intel,LGA1150,benchmark-spec-dataset
Intel Core i5-4590 @ 3.30GHz,,,,Q2 2014,3.3 GHz,84.0,4,4,,,,,,,,Intel,LGA1150,benchmark-spec-dataset
Intel Core i5-4590S @ 3.00GHz,,,,Q2 2014,3.0 GHz,65.0,4,4,,,,,,,,Intel,LGA1150,benchmark-spec-dataset
Intel Core i5-4590T @ 2.00GHz,,,,Q2 2014,2.0 GHz,35.0,4,4,,,,,,,,Intel,LGA1150,benchmark-spec-dataset
Intel Core i5-460M @ 2.53GHz,,,,Q3 2010,2.5 GHz,35.0,2,4,,,,,,,,Intel,BGA1288,benchmark-spec-dataset
Intel Core i5-4670 @ 3.40GHz,,,,Q2 2013,3.4 GHz,84.0,4,4,,,,,,,,Intel,LGA1150,benchmark-spec-dataset
Intel Core i5-4670K @ 3.40GHz,,,,Q2 2013,3.4 GHz,84.0,4,4,,,,,,,,Intel,LGA1150,benchmark-spec-dataset
Intel Core i5-4670K CPT @ 3.40GHz,,,,Q4 2014,3.4 GHz,84.0,4,4,,,,,,,,Intel,LGA1150,benchmark-spec-dataset
Intel Core i5-4670R @ 3.00GHz,,,,Q3 2018,3.0 GHz,65.0,4,4,,,,,,,,Intel,FCBGA1364,benchmark-spec-dataset
Intel Core i5-4670S @ 3.10GHz,,,,Q1 2013,3.1 GHz,65.0,4,4,,,,,,,,Intel,FCLGA1150,benchmark-spec-dataset
Intel Core i5-4670T @ 2.30GHz,,,,Q2 2013,2.3 GHz,45.0,4,4,,,,,,,,Intel,FCLGA1150,benchmark-spec-dataset
Intel Core i5-4690 @ 3.50GHz,,,,Q2 2014,3.5 GHz,84.0,4,4,,,,,,,,Intel,LGA1150,benchmark-spec-dataset
Intel Core i5-4690K @ 3.50GHz,,,,Q2 2014,3.5 GHz,88.0,4,4,,,,,,,,Intel,LGA1150,benchmark-spec-dataset
Intel Core i5-4690S @ 3.20GHz,,,,Q2 2014,3.2 GHz,65.0,4,4,,,,,,,,Intel,LGA1150,benchmark-spec-dataset
Intel Core i5-4690T @ 2.50GHz,,,,Q4 2014,2.5 GHz,45.0,4,4,,,,,,,,Intel,LGA1150,benchmark-spec-dataset
Intel Core i5-470UM @ 1.33GHz,,,,Q3 2010,1.3 GHz,18.0,2,4,,,,,,,,Intel,BGA1288,benchmark-spec-dataset
Intel Core i5-480M @ 2.67GHz,,,,Q4 2010,2.7 GHz,35.0,2,4,,,,,,,,Intel,BGA1288,benchmark-spec-dataset
Intel Core i5-5200U @ 2.20GHz,,,,Q4 2014,2.2 GHz,15.0,2,4,,,,,,,,Intel,FCBGA1168,benchmark-spec-dataset
Intel Core i5-520M @ 2.40GHz,,,,Q1 2010,2.4 GHz,35.0,2,4,,,,,,,,Intel,BGA1288,benchmark-spec-dataset
Intel Core i5-520UM @ 1.07GHz,,,,Q2 2010,1.1 GHz,18.0,2,4,,,,,,,,Intel,BGA1288,benchmark-spec-dataset
Intel Core i5-5250U @ 1.60GHz,,,,Q1 2015,1.6 GHz,15.0,2,4,,,,,,,,Intel,FCBGA1168,benchmark-spec-dataset
Intel Core i5-5257U @ 2.70GHz,,,,Q1 2015,2.7 GHz,23.0,2,4,,,,,,,,Intel,FCBGA1168,benchmark-spec-dataset
Intel Core i5-5287U @ 2.90GHz,,,,Q3 2015,2.9 GHz,28.0,2,4,,,,,,,,Intel,FCBGA1168,benchmark-spec-dataset
Intel Core i5-5300U @ 2.30GHz,,,,Q1 2015,2.3 GHz,15.0,2,4,,,,,,,,Intel,FCBGA1168,benchmark-spec-dataset
Intel Core i5-5350U @ 1.80GHz,,,,Q2 2015,1.8 GHz,15.0,2,4,,,,,,,,Intel,FCBGA1168,benchmark-spec-dataset
Intel Core i5-540M @ 2.53GHz,,,,Q1 2010,2.5 GHz,35.0,2,4,,,,,,,,Intel,BGA1288,benchmark-spec-dataset
Intel Core i5-540UM @ 1.20GHz,,,,Q1 2011,1.2 GHz,18.0,2,4,,,,,,,,Intel,BGA1288,benchmark-spec-dataset
Intel Core i5-5575R @ 2.80GHz,,,,Q4 2015,2.8 GHz,65.0,4,4,,,,,,,,Intel,LGA1150,benchmark-spec-dataset
Intel Core i5-560M @ 2.67GHz,,,,Q3 2010,2.7 GHz,35.0,2,4,,,,,,,,Intel,BGA1288,benchmark-spec-dataset
Intel Core i5-560UM @ 1.33GHz,,,,Q1 2011,1.3 GHz,18.0,2,4,,,,,,,,Intel,BGA1288,benchmark-spec-dataset
Intel Core i5-5675C @ 3.10GHz,,,,Q3 2015,3.1 GHz,65.0,4,4,,,,,,,,Intel,FCLGA1150,benchmark-spec-dataset
Intel Core i5-5675R @ 3.10GHz,,,,Q2 2016,3.1 GHz,65.0,4,4,,,,,,,,Intel,FCBGA1364,benchmark-spec-dataset
Intel Core i5-580M @ 2.67GHz,,,,Q3 2010,2.7 GHz,35.0,2,4,,,,,,,,Intel,BGA1288,benchmark-spec-dataset
Intel Core i5-6198DU @ 2.30GHz,,,,Q3 2016,2.3 GHz,15.0,2,4,,,,,,,,Intel,BGA1356,benchmark-spec-dataset
Intel Core i5-6200U @ 2.30GHz,,,,Q3 2015,2.3 GHz,15.0,2,4,,,,,,,,Intel,FCBGA1356,benchmark-spec-dataset
Intel Core i5-6260U @ 1.80GHz,,,,Q4 2015,1.8 GHz,15.0,2,4,,,,,,,,Intel,FCBGA1356,benchmark-spec-dataset
Intel Core i5-6267U @ 2.90GHz,,,,Q2 2016,2.9 GHz,28.0,2,4,,,,,,,,Intel,FCBGA1356,benchmark-spec-dataset
Intel Core i5-6287U @ 3.10GHz,,,,Q4 2017,3.1 GHz,28.0,2,4,,,,,,,,Intel,FCBGA1356,benchmark-spec-dataset
Intel Core i5-6300HQ @ 2.30GHz,,,,Q4 2015,2.3 GHz,45.0,4,4,,,,,,,,Intel,LGA 1151,benchmark-spec-dataset
Intel Core i5-6300U @ 2.40GHz,,,,Q3 2015,2.4 GHz,15.0,2,4,,,,,,,,Intel,FCBGA1356,benchmark-spec-dataset
Intel Core i5-6350HQ @ 2.30GHz,,,,Q4 2021,2.3 GHz,45.0,4,4,,,,,,,,Intel,LGA 1151,benchmark-spec-dataset
Intel Core i5-6360U @ 2.00GHz,,,,Q1 2017,2.0 GHz,15.0,2,4,,,,,,,,Intel,FCBGA1356,benchmark-spec-dataset
Intel Core i5-6400 @ 2.70GHz,,,,Q3 2015,2.7 GHz,65.0,4,4,,,,,,,,Intel,LGA 1151,benchmark-spec-dataset
Intel Core i5-6400T @ 2.20GHz,,,,Q4 2015,2.2 GHz,35.0,4,4,,,,,,,,Intel,LGA 1151,benchmark-spec-dataset
Intel Core i5-6402P @ 2.80GHz,,,,Q2 2016,2.8 GHz,65.0,4,4,,,,,,,,Intel,LGA 1151,benchmark-spec-dataset
Intel Core i5-6440EQ @ 2.70GHz,,,,Q4 2016,2.7 GHz,45.0,4,4,,,,,,,,Intel,FCBGA1440,benchmark-spec-dataset
Intel Core i5-6440HQ @ 2.60GHz,,,,Q1 2016,2.6 GHz,45.0,4,4,,,,,,,,Intel,LGA 1151,benchmark-spec-dataset
Intel Core i5-6442EQ @ 1.90GHz,,,,Q3 2019,1.9 GHz,25.0,4,4,,,,,,,,Intel,FCBGA1440,benchmark-spec-dataset
Intel Core i5-650 @ 3.20GHz,,,,Q1 2010,3.2 GHz,73.0,2,4,,,,,,,,Intel,LGA1156,benchmark-spec-dataset
Intel Core i5-6500 @ 3.20GHz,,,,Q3 2015,3.2 GHz,65.0,4,4,,,,,,,,Intel,LGA 1151,benchmark-spec-dataset
Intel Core i5-6500T @ 2.50GHz,,,,Q4 2015,2.5 GHz,35.0,4,4,,,,,,,,Intel,LGA 1151,benchmark-spec-dataset
Intel Core i5-6500TE @ 2.30GHz,,,,Q4 2015,2.3 GHz,35.0,4,4,,,,,,,,Intel,LGA 1151,benchmark-spec-dataset
Intel Core i5-655K @ 3.20GHz,,,,Q2 2010,3.2 GHz,73.0,2,4,,,,,,,,Intel,LGA1156,benchmark-spec-dataset
Intel Core i5-660 @ 3.33GHz,,,,Q4 2009,3.3 GHz,73.0,2,4,,,,,,,,Intel,LGA1156,benchmark-spec-dataset
Intel Core i5-6600 @ 3.30GHz,,,,Q3 2015,3.3 GHz,65.0,4,4,,,,,,,,Intel,LGA 1151,benchmark-spec-dataset
Intel Core i5-6600K @ 3.50GHz,,,,Q3 2015,3.5 GHz,91.0,4,4,,,,,,,,Intel,FCLGA1151,benchmark-spec-dataset
Intel Core i5-6600T @ 2.70GHz,,,,Q4 2015,2.7 GHz,35.0,4,4,,,,,,,,Intel,LGA 1151,benchmark-spec-dataset
Intel Core i5-661 @ 3.33GHz,,,,Q1 2010,3.3 GHz,87.0,2,4,,,,,,,,Intel,LGA1156,benchmark-spec-dataset
Intel Core i5-670 @ 3.47GHz,,,,Q1 2010,3.5 GHz,73.0,2,4,,,,,,,,Intel,LGA1156,benchmark-spec-dataset
Intel Core i5-680 @ 3.60GHz,,,,Q2 2010,3.6 GHz,73.0,2,4,,,,,,,,Intel,LGA1156,benchmark-spec-dataset
Intel Core i5-7200U @ 2.50GHz,,,,Q4 2016,2.5 GHz,15.0,2,4,,,,,,,,Intel,FCBGA1356,benchmark-spec-dataset
Intel Core i5-7260U @ 2.20GHz,,,,Q2 2017,2.2 GHz,15.0,2,4,,,,,,,,Intel,BGA1356,benchmark-spec-dataset
Intel Core i5-7267U @ 3.10GHz,,,,Q3 2017,3.1 GHz,28.0,2,4,,,,,,,,Intel,BGA1356,benchmark-spec-dataset
Intel Core i5-7287U @ 3.30GHz,,,,Q2 2018,3.3 GHz,28.0,2,4,,,,,,,,Intel,,benchmark-spec-dataset
Intel Core i5-7300HQ @ 2.50GHz,,,,Q1 2017,2.5 GHz,45.0,4,4,,,,,,,,Intel,,benchmark-spec-dataset
Intel Core i5-7300U @ 2.60GHz,,,,Q1 2017,2.6 GHz,15.0,2,4,,,,,,,,Intel,FCBGA1356,benchmark-spec-dataset
Intel Core i5-7360U @ 2.30GHz,,,,Q2 2017,2.3 GHz,15.0,2,4,,,,,,,,Intel,FCBGA1356,benchmark-spec-dataset
Intel Core i5-7400 @ 3.00GHz,,,,Q1 2017,3.0 GHz,65.0,4,4,,,,,,,,Intel,FCLGA1151,benchmark-spec-dataset
Intel Core i5-7400T @ 2.40GHz,,,,Q4 2016,2.4 GHz,35.0,4,4,,,,,,,,Intel,LGA1151,benchmark-spec-dataset
Intel Core i5-7440EQ @ 2.90GHz,,,,Q1 2021,2.9 GHz,45.0,4,4,,,,,,,,Intel,FCBGA1440,benchmark-spec-dataset
Intel Core i5-7440HQ @ 2.80GHz,,,,Q1 2017,2.8 GHz,45.0,4,4,,,,,,,,Intel,BGA1440,benchmark-spec-dataset
Intel Core i5-7442EQ @ 2.10GHz,,,,Q1 2019,2.1 GHz,25.0,4,4,,,,,,,,Intel,FCBGA1440,benchmark-spec-dataset
Intel Core i5-750 @ 2.67GHz,,,,Q3 2009,2.7 GHz,95.0,4,4,,,,,,,,Intel,LGA1156,benchmark-spec-dataset
Intel Core i5-7500 @ 3.40GHz,,,,Q4 2016,3.4 GHz,65.0,4,4,,,,,,,,Intel,LGA1151,benchmark-spec-dataset
Intel Core i5-7500T @ 2.70GHz,,,,Q1 2017,2.7 GHz,35.0,4,4,,,,,,,,Intel,FCLGA1151,benchmark-spec-dataset
Intel Core i5-760 @ 2.80GHz,,,,Q3 2010,2.8 GHz,95.0,4,4,,,,,,,,Intel,LGA1156,benchmark-spec-dataset
Intel Core i5-7600 @ 3.50GHz,,,,Q1 2017,3.5 GHz,65.0,4,4,,,,,,,,Intel,FCLGA1151,benchmark-spec-dataset
Intel Core i5-7600K @ 3.80GHz,,,,Q1 2017,3.8 GHz,91.0,4,4,,,,,,,,Intel,FCLGA1151,benchmark-spec-dataset
Intel Core i5-7600T @ 2.80GHz,,,,Q1 2017,2.8 GHz,35.0,4,4,,,,,,,,Intel,FCLGA1151,benchmark-spec-dataset
Intel Core i5-7640X @ 4.00GHz,,,,Q3 2017,4.0 GHz,112.0,4,4,,,,,,,,Intel,FCLGA2066,benchmark-spec-dataset
Intel Core i5-7Y54 @ 1.20GHz,,,,Q4 2016,1.2 GHz,4.5,2,4,,,,,,,,Intel,FCBGA1515,benchmark-spec-dataset
Intel Core i5-7Y57 @ 1.20GHz,,,,Q1 2017,1.2 GHz,4.5,2,4,,,,,,,,Intel,FCBGA1515,benchmark-spec-dataset
Intel Core i5-8200Y @ 1.30GHz,,,,Q4 2018,1.3 GHz,5.0,2,4,,,,,,,,Intel,FCBGA1515,benchmark-spec-dataset
Intel Core i5-8210Y @ 1.60GHz,,,,Q1 2019,1.6 GHz,7.0,2,4,,,,,,,,Intel,FCBGA1515,benchmark-spec-dataset
Intel Core i5-8250U @ 1.60GHz,,,,Q3 2017,1.6 GHz,15.0,4,8,,,,,,,,Intel,FC-BGA1356,benchmark-spec-dataset
Intel Core i5-8257U @ 1.40GHz,,,,Q4 2019,1.4 GHz,15.0,4,8,,,,,,,,Intel,FCBGA1528,benchmark-spec-dataset
Intel Core i5-8259U @ 2.30GHz,,,,Q3 2018,2.3 GHz,28.0,4,8,,,,,,,,Intel,FCBGA1528,benchmark-spec-dataset
Intel Core i5-8260U @ 1.60GHz,,,,Q2 2020,1.6 GHz,15.0,4,8,,,,,,,,Intel,FCBGA1528,benchmark-spec-dataset
Intel Core i5-8265U @ 1.60GHz,,,,Q3 2018,1.6 GHz,15.0,4,8,,,,,,,,Intel,FCBGA1528,benchmark-spec-dataset
Intel Core i5-8269U @ 2.60GHz,,,,Q2 2021,2.6 GHz,28.0,4,8,,,,,,,,Intel,FCBGA1528,benchmark-spec-dataset
Intel Core i5-8279U @ 2.40GHz,,,,Q3 2019,2.4 GHz,28.0,4,8,,,,,,,,Intel,FCBGA1528,benchmark-spec-dataset
Intel Core i5-8300H @ 2.30GHz,,,,Q2 2018,2.3 GHz,45.0,4,8,,,,,,,,Intel,FCLGA1151-2,benchmark-spec-dataset
Intel Core i5-8305G @ 2.80GHz,,,,Q3 2018,2.8 GHz,65.0,4,8,,,,,,,,Intel,BGA2270,benchmark-spec-dataset
Intel Core i5-8350U @ 1.70GHz,,,,Q4 2017,1.7 GHz,15.0,4,8,,,,,,,,Intel,FC-BGA1356,benchmark-spec-dataset
Intel Core i5-8365U @ 1.60GHz,,,,Q2 2019,1.6 GHz,15.0,4,8,,,,,,,,Intel,FCBGA1528,benchmark-spec-dataset
Intel Core i5-8365UE @ 1.60GHz,,,,Q4 2019,1.6 GHz,15.0,4,8,,,,,,,,Intel,FCBGA1528,benchmark-spec-dataset
Intel Core i5-8400 @ 2.80GHz,,,,Q4 2017,2.8 GHz,65.0,6,6,,,,,,,,Intel,FCLGA1151-2,benchmark-spec-dataset
Intel Core i5-8400H @ 2.50GHz,,,,Q3 2018,2.5 GHz,45.0,4,8,,,,,,,,Intel,FCBGA1440,benchmark-spec-dataset
Intel Core i5-8400T @ 1.70GHz,,,,Q2 2018,1.7 GHz,35.0,6,6,,,,,,,,Intel,FCLGA1151-2,benchmark-spec-dataset
Intel Core i5-8500 @ 3.00GHz,,,,Q1 2018,3.0 GHz,65.0,6,6,,,,,,,,Intel,FCLGA1151-2,benchmark-spec-dataset
Intel Core i5-8500B @ 3.00GHz,,,,Q1 2019,3.0 GHz,65.0,6,6,,,,,,,,Intel,FCBGA1440,benchmark-spec-dataset
Intel Core i5-8500T @ 2.10GHz,,,,Q2 2018,2.1 GHz,35.0,6,6,,,,,,,,Intel,FCLGA1151-2,benchmark-spec-dataset
Intel Core i5-8600 @ 3.10GHz,,,,Q2 2018,3.1 GHz,65.0,6,6,,,,,,,,Intel,FCLGA1151-2,benchmark-spec-dataset
Intel Core i5-8600K @ 3.60GHz,,,,Q4 2017,3.6 GHz,95.0,6,6,,,,,,,,Intel,FCLGA1151-2,benchmark-spec-dataset
Intel Core i5-8600T @ 2.30GHz,,,,Q2 2018,2.3 GHz,35.0,6,6,,,,,,,,Intel,FCLGA1151-2,benchmark-spec-dataset
Intel Core i5-9300H @ 2.40GHz,,,,Q2 2019,2.4 GHz,45.0,4,8,,,,,,,,Intel,FCBGA1440,benchmark-spec-dataset
Intel Core i5-9300HF @ 2.40GHz,,,,Q2 2020,2.4 GHz,45.0,4,8,,,,,,,,Intel,FCBGA1440,benchmark-spec-dataset
Intel Core i5-9400 @ 2.90GHz,,,,Q1 2019,2.9 GHz,65.0,6,6,,,,,,,,Intel,FCLGA1151-2,benchmark-spec-dataset
Intel Core i5-9400F @ 2.90GHz,,,,Q1 2019,2.9 GHz,65.0,6,6,,,,,,,,Intel,FCLGA1151-2,benchmark-spec-dataset
Intel Core i5-9400H @ 2.50GHz,,,,Q3 2019,2.5 GHz,45.0,4,8,,,,,,,,Intel,FCBGA1440,benchmark-spec-dataset
Intel Core i5-9400T @ 1.80GHz,,,,Q3 2019,1.8 GHz,35.0,6,6,,,,,,,,Intel,FCLGA1151-2,benchmark-spec-dataset
Intel Core i5-9500 @ 3.00GHz,,,,Q2 2019,3.0 GHz,65.0,6,6,,,,,,,,Intel,FCLGA1151-2,benchmark-spec-dataset
Intel Core i5-9500F @ 3.00GHz,,,,Q3 2019,3.0 GHz,65.0,6,6,,,,,,,,Intel,FCLGA1151-2,benchmark-spec-dataset
Intel Core i5-9500T @ 2.20GHz,,,,Q2 2019,2.2 GHz,35.0,6,6,,,,,,,,Intel,FCLGA1151-2,benchmark-spec-dataset
Intel Core i5-9500TE @ 2.20GHz,,,,Q2 2020,2.2 GHz,35.0,6,6,,,,,,,,Intel,FCLGA1151-2,benchmark-spec-dataset
Intel Core i5-9600 @ 3.10GHz,,,,Q3 2019,3.1 GHz,65.0,6,6,,,,,,,,Intel,FCLGA1151-2,benchmark-spec-dataset
Intel Core i5-9600K @ 3.70GHz,,,,Q4 2018,3.7 GHz,95.0,6,6,,,,,,,,Intel,FCLGA1151-2,benchmark-spec-dataset
Intel Core i5-9600KF @ 3.70GHz,,,,Q2 2019,3.7 GHz,95.0,6,6,,,,,,,,Intel,FCLGA1151-2,benchmark-spec-dataset
Intel Core i5-9600T @ 2.30GHz,,,,Q4 2019,2.3 GHz,35.0,6,6,,,,,,,,Intel,FCLGA1151-2,benchmark-spec-dataset
Intel Core i5-L16G7 @ 1.40GHz,,,,Q3 2020,1.4 GHz,7.0,5,5,,,,,,,,Intel,FC-CSP1016,benchmark-spec-dataset
Intel Core i7-10510U @ 1.80GHz,,,,Q3 2019,1.8 GHz,15.0,4,8,,,,,,,,Intel,FCBGA1528,benchmark-spec-dataset
Intel Core i7-10510Y @ 1.20GHz,,,,Q3 2020,1.2 GHz,7.0,4,8,,,,,,,,Intel,UTFCBGA1377,benchmark-spec-dataset
Intel Core i7-1060NG7 @ 1.20GHz,,,,Q2 2020,1.2 GHz,10.0,4,8,,,,,,,,Intel,FCBGA1526,benchmark-spec-dataset
Intel Core i7-10610U @ 1.80GHz,,,,Q2 2020,1.8 GHz,15.0,4,8,,,,,,,,Intel,FCBGA1528,benchmark-spec-dataset
Intel Core i7-1065G7 @ 1.30GHz,,,,Q2 2019,1.3 GHz,15.0,4,8,,,,,,,,Intel,FCBGA-1526,benchmark-spec-dataset
Intel Core i7-1068NG7 @ 2.30GHz,,,,Q2 2020,2.3 GHz,28.0,4,8,,,,,,,,Intel,FCBGA1344,benchmark-spec-dataset
Intel Core i7-10700 @ 2.90GHz,,,,Q2 2020,2.9 GHz,65.0,8,16,,,,,,,,Intel,FCLGA1200,benchmark-spec-dataset
Intel Core i7-10700E @ 2.90GHz,,,,Q4 2021,2.9 GHz,65.0,8,16,,,,,,,,Intel,FCLGA1200,benchmark-spec-dataset
Intel Core i7-10700F @ 2.90GHz,,,,Q3 2020,2.9 GHz,65.0,8,16,,,,,,,,Intel,FCLGA1200,benchmark-spec-dataset
Intel Core i7-10700K @ 3.80GHz,,,,Q2 2020,3.8 GHz,125.0,8,16,,,,,,,,Intel,FCLGA1200,benchmark-spec-dataset
Intel Core i7-10700KF @ 3.80GHz,,,,Q2 2020,3.8 GHz,125.0,8,16,,,,,,,,Intel,FCLGA1200,benchmark-spec-dataset
Intel Core i7-10700T @ 2.00GHz,,,,Q3 2020,2.0 GHz,35.0,8,16,,,,,,,,Intel,FCLGA1200,benchmark-spec-dataset
Intel Core i7-10700TE @ 2.00GHz,,,,Q1 2021,2.0 GHz,35.0,8,16,,,,,,,,Intel,FCLGA1200,benchmark-spec-dataset
Intel Core i7-10710U @ 1.10GHz,,,,Q4 2019,1.1 GHz,15.0,6,12,,,,,,,,Intel,FCBGA1528,benchmark-spec-dataset
Intel Core i7-10750H @ 2.60GHz,,,,Q1 2020,2.6 GHz,45.0,6,12,,,,,,,,Intel,FCBGA1440,benchmark-spec-dataset
Intel Core i7-10810U @ 1.10GHz,,,,Q2 2020,1.1 GHz,15.0,6,12,,,,,,,,Intel,FCBGA1528,benchmark-spec-dataset
Intel Core i7-10850H @ 2.70GHz,,,,Q2 2020,2.7 GHz,45.0,6,12,,,,,,,,Intel,FCBGA1440,benchmark-spec-dataset
Intel Core i7-10870H @ 2.20GHz,,,,Q4 2020,2.2 GHz,45.0,8,16,,,,,,,,Intel,FCBGA1440,benchmark-spec-dataset
Intel Core i7-10875H @ 2.30GHz,,,,Q2 2020,2.3 GHz,45.0,8,16,,,,,,,,Intel,FCBGA1440,benchmark-spec-dataset
Intel Core i7-11370H @ 3.30GHz,,,,Q1 2021,3.3 GHz,35.0,4,8,,,,,,,,Intel,FCBGA1449,benchmark-spec-dataset
Intel Core i7-11375H @ 3.30GHz,,,,Q1 2021,3.3 GHz,35.0,4,8,,,,,,,,Intel,FCBGA1449,benchmark-spec-dataset
Intel Core i7-11390H @ 3.40GHz,,,,Q4 2021,3.4 GHz,35.0,4,8,,,,,,,,Intel,FCBGA1449,benchmark-spec-dataset
Intel Core i7-11600H @ 2.90GHz,,,,Q4 2021,2.9 GHz,45.0,6,12,,,,,,,,Intel,FCBGA1787,benchmark-spec-dataset
Intel Core i7-1165G7 @ 2.80GHz,,,,Q3 2020,2.8 GHz,15.0,4,8,,,,,,,,Intel,BGA1526,benchmark-spec-dataset
Intel Core i7-11700 @ 2.50GHz,,,,Q1 2021,2.5 GHz,95.0,8,16,,,,,,,,Intel,FCLGA1200,benchmark-spec-dataset
Intel Core i7-11700B @ 3.20GHz,,,,Q4 2021,3.2 GHz,65.0,8,16,,,,,,,,Intel,,benchmark-spec-dataset
Intel Core i7-11700F @ 2.50GHz,,,,Q2 2021,2.5 GHz,65.0,8,16,,,,,,,,Intel,FCLGA1200,benchmark-spec-dataset
Intel Core i7-11700K @ 3.60GHz,,,,Q4 2020,3.6 GHz,125.0,8,16,,,,,,,,Intel,FCLGA1200,benchmark-spec-dataset
Intel Core i7-11700KF @ 3.60GHz,,,,Q1 2021,3.6 GHz,125.0,8,16,,,,,,,,Intel,FCLGA1200,benchmark-spec-dataset
Intel Core i7-11700T @ 1.40GHz,,,,Q4 2021,1.4 GHz,35.0,8,16,,,,,,,,Intel,FCLGA1200,benchmark-spec-dataset
Intel Core i7-11800H @ 2.30GHz,,,,Q2 2021,2.3 GHz,45.0,8,16,,,,,,,,Intel,FCBGA1787,benchmark-spec-dataset
Intel Core i7-1180G7 @ 1.30GHz,,,,Q1 2021,1.3 GHz,15.0,4,8,,,,,,,,Intel,FCBGA1598,benchmark-spec-dataset
Intel Core i7-11850H @ 2.50GHz,,,,Q2 2021,2.5 GHz,45.0,8,16,,,,,,,,Intel,FCBGA1787,benchmark-spec-dataset
Intel Core i7-11850HE @ 2.60GHz,,,,Q4 2022,2.1 GHz,35.0,8,16,,,,,,,,Intel,FCBGA1787,benchmark-spec-dataset
Intel Core i7-1185G7 @ 3.00GHz,,,,Q3 2020,3.0 GHz,15.0,4,8,,,,,,,,Intel,BGA1526,benchmark-spec-dataset
Intel Core i7-1185G7E @ 2.80GHz,,,,Q2 2021,2.8 GHz,15.0,4,8,,,,,,,,Intel,FCBGA1449,benchmark-spec-dataset
Intel Core i7-1185GRE @ 2.80GHz,,,,Q2 2021,2.8 GHz,15.0,4,8,,,,,,,,Intel,FCBGA1449,benchmark-spec-dataset
Intel Core i7-1195G7 @ 2.90GHz,,,,Q3 2021,2.9 GHz,28.0,4,8,,,,,,,,Intel,FCBGA1449,benchmark-spec-dataset
Intel Core i7-1265UE,,,,Q4 2022,,28.0,,,,,,,,,,Intel,FCBGA1744,benchmark-spec-dataset
Intel Core i7-2600 @ 3.40GHz,,,,Q4 2010,3.4 GHz,95.0,4,8,,,,,,,,Intel,LGA1155,benchmark-spec-dataset
Intel Core i7-2600K @ 3.40GHz,,,,Q4 2010,3.4 GHz,95.0,4,8,,,,,,,,Intel,LGA1155,benchmark-spec-dataset
Intel Core i7-2600S @ 2.80GHz,,,,Q1 2011,2.8 GHz,65.0,4,8,,,,,,,,Intel,LGA1155,benchmark-spec-dataset
Intel Core i7-2610UE @ 1.50GHz,,,,Q3 2012,1.5 GHz,17.0,2,4,,,,,,,,Intel,BGA1023,benchmark-spec-dataset
Intel Core i7-2617M @ 1.50GHz,,,,Q2 2011,1.5 GHz,17.0,2,4,,,,,,,,Intel,BGA1023,benchmark-spec-dataset
Intel Core i7-2620M @ 2.70GHz,,,,Q1 2011,2.7 GHz,35.0,2,4,,,,,,,,Intel,BGA1023,benchmark-spec-dataset
Intel Core i7-2630QM @ 2.00GHz,,,,Q1 2011,2.0 GHz,45.0,4,8,,,,,,,,Intel,PGA988B,benchmark-spec-dataset
Intel Core i7-2635QM @ 2.00GHz,,,,Q1 2011,2.0 GHz,45.0,4,8,,,,,,,,Intel,BGA1224,benchmark-spec-dataset
Intel Core i7-2637M @ 1.70GHz,,,,Q4 2011,1.7 GHz,17.0,2,4,,,,,,,,Intel,BGA1023,benchmark-spec-dataset
Intel Core i7-2640M @ 2.80GHz,,,,Q4 2011,2.8 GHz,35.0,2,4,,,,,,,,Intel,BGA1023,benchmark-spec-dataset
Intel Core i7-2655LE @ 2.20GHz,,,,Q2 2011,2.2 GHz,25.0,2,4,,,,,,,,Intel,BGA1023,benchmark-spec-dataset
Intel Core i7-2670QM @ 2.20GHz,,,,Q3 2011,2.2 GHz,45.0,4,8,,,,,,,,Intel,PGA988B,benchmark-spec-dataset
Intel Core i7-2675QM @ 2.20GHz,,,,Q3 2011,2.2 GHz,45.0,4,8,,,,,,,,Intel,BGA1224,benchmark-spec-dataset
Intel Core i7-2677M @ 1.80GHz,,,,Q3 2011,1.8 GHz,17.0,2,4,,,,,,,,Intel,BGA1023,benchmark-spec-dataset
Intel Core i7-2700K @ 3.50GHz,,,,Q4 2011,3.5 GHz,95.0,4,8,,,,,,,,Intel,LGA1155,benchmark-spec-dataset
Intel Core i7-2710QE @ 2.10GHz,,,,Q3 2011,2.1 GHz,45.0,4,8,,,,,,,,Intel,PGA988B,benchmark-spec-dataset
Intel Core i7-2715QE @ 2.10GHz,,,,Q3 2011,2.1 GHz,45.0,4,8,,,,,,,,Intel,BGA1023,benchmark-spec-dataset
Intel Core i7-2720QM @ 2.20GHz,,,,Q1 2011,2.2 GHz,45.0,4,8,,,,,,,,Intel,BGA1224,benchmark-spec-dataset
Intel Core i7-2760QM @ 2.40GHz,,,,Q3 2011,2.4 GHz,45.0,4,8,,,,,,,,Intel,BGA1224,benchmark-spec-dataset
Intel Core i7-2820QM @ 2.30GHz,,,,Q1 2011,2.3 GHz,45.0,4,8,,,,,,,,Intel,BGA1224,benchmark-spec-dataset
Intel Core i7-2860QM @ 2.50GHz,,,,Q3 2011,2.5 GHz,45.0,4,8,,,,,,,,Intel,BGA1224,benchmark-spec-dataset
Intel Core i7-2920XM @ 2.50GHz,,,,Q1 2011,2.5 GHz,55.0,4,8,,,,,,,,Intel,FCPGA988,benchmark-spec-dataset
Intel Core i7-2960XM @ 2.70GHz,,,,Q4 2011,2.7 GHz,55.0,4,8,,,,,,,,Intel,PGA988B,benchmark-spec-dataset
Intel Core i7-3517U @ 1.90GHz,,,,Q2 2012,1.9 GHz,17.0,2,4,,,,,,,,Intel,BGA1023,benchmark-spec-dataset
Intel Core i7-3517UE @ 1.70GHz,,,,Q2 2012,1.7 GHz,17.0,2,4,,,,,,,,Intel,BGA1023,benchmark-spec-dataset
Intel Core i7-3520M @ 2.90GHz,,,,Q2 2012,2.9 GHz,35.0,2,4,,,,,,,,Intel,BGA1023,benchmark-spec-dataset
Intel Core i7-3537U @ 2.00GHz,,,,Q1 2013,2.0 GHz,17.0,2,4,,,,,,,,Intel,BGA1023,benchmark-spec-dataset
Intel Core i7-3540M @ 3.00GHz,,,,Q1 2013,3.0 GHz,35.0,2,4,,,,,,,,Intel,rPGA988B,benchmark-spec-dataset
Intel Core i7-3555LE @ 2.50GHz,,,,Q2 2012,2.5 GHz,25.0,2,4,,,,,,,,Intel,BGA1023,benchmark-spec-dataset
Intel Core i7-3610QE @ 2.30GHz,,,,Q2 2012,2.3 GHz,45.0,4,8,,,,,,,,Intel,rPGA988B,benchmark-spec-dataset
Intel Core i7-3610QM @ 2.30GHz,,,,Q2 2012,2.3 GHz,45.0,4,8,,,,,,,,Intel,PGA988B,benchmark-spec-dataset
Intel Core i7-3612QE @ 2.10GHz,,,,Q4 2012,2.1 GHz,35.0,4,8,,,,,,,,Intel,BGA1224,benchmark-spec-dataset
Intel Core i7-3612QM @ 2.10GHz,,,,Q2 2012,2.1 GHz,35.0,4,8,,,,,,,,Intel,PGA988B. FCBGA12,benchmark-spec-dataset
Intel Core i7-3615QE @ 2.30GHz,,,,Q2 2012,2.3 GHz,45.0,4,8,,,,,,,,Intel,BGA1224,benchmark-spec-dataset
Intel Core i7-3615QM @ 2.30GHz,,,,Q2 2012,2.3 GHz,45.0,4,8,,,,,,,,Intel,BGA1224,benchmark-spec-dataset
Intel Core i7-3630QM @ 2.40GHz,,,,Q1 2012,2.4 GHz,45.0,4,8,,,,,,,,Intel,rPGA988B,benchmark-spec-dataset
Intel Core i7-3632QM @ 2.20GHz,,,,Q3 2012,2.2 GHz,35.0,4,8,,,,,,,,Intel,rPGA988B,benchmark-spec-dataset
Intel Core i7-3635QM @ 2.40GHz,,,,Q1 2012,2.4 GHz,45.0,4,8,,,,,,,,Intel,,benchmark-spec-dataset
Intel Core i7-3667U @ 2.00GHz,,,,Q2 2012,2.0 GHz,17.0,2,4,,,,,,,,Intel,BGA1023,benchmark-spec-dataset
Intel Core i7-3687U @ 2.10GHz,,,,Q1 2013,2.1 GHz,17.0,2,4,,,,,,,,Intel,BGA1023,benchmark-spec-dataset
Intel Core i7-3689Y @ 1.50GHz,,,,Q1 2013,1.5 GHz,13.0,2,4,,,,,,,,Intel,FCBGA1023,benchmark-spec-dataset
Intel Core i7-3720QM @ 2.60GHz,,,,Q2 2012,2.6 GHz,45.0,4,8,,,,,,,,Intel,BGA1224,benchmark-spec-dataset
Intel Core i7-3740QM @ 2.70GHz,,,,Q3 2012,2.7 GHz,45.0,4,8,,,,,,,,Intel,rPGA988B,benchmark-spec-dataset
Intel Core i7-3770 @ 3.40GHz,,,,Q1 2012,3.4 GHz,77.0,4,8,,,,,,,,Intel,LGA1155,benchmark-spec-dataset
Intel Core i7-3770K @ 3.50GHz,,,,Q2 2012,3.5 GHz,77.0,4,8,,,,,,,,Intel,LGA1155,benchmark-spec-dataset
Intel Core i7-3770S @ 3.10GHz,,,,Q2 2012,3.1 GHz,65.0,4,8,,,,,,,,Intel,LGA1155,benchmark-spec-dataset
Intel Core i7-3770T @ 2.50GHz,,,,Q2 2012,2.5 GHz,45.0,4,8,,,,,,,,Intel,LGA1155,benchmark-spec-dataset
Intel Core i7-3820 @ 3.60GHz,,,,Q1 2012,3.6 GHz,130.0,4,8,,,,,,,,Intel,LGA2011,benchmark-spec-dataset
Intel Core i7-3820QM @ 2.70GHz,,,,Q2 2012,2.7 GHz,45.0,4,8,,,,,,,,Intel,BGA1224,benchmark-spec-dataset
Intel Core i7-3840QM @ 2.80GHz,,,,Q3 2012,2.8 GHz,45.0,4,8,,,,,,,,Intel,rPGA988B,benchmark-spec-dataset
Intel Core i7-3920XM @ 2.90GHz,,,,Q2 2012,2.9 GHz,55.0,4,8,,,,,,,,Intel,FCPGA988,benchmark-spec-dataset
Intel Core i7-3930K @ 3.20GHz,,,,Q4 2011,3.2 GHz,130.0,6,12,,,,,,,,Intel,LGA2011,benchmark-spec-dataset
Intel Core i7-3940XM @ 3.00GHz,,,,Q4 2012,3.0 GHz,55.0,4,8,,,,,,,,Intel,rPGA988B,benchmark-spec-dataset
Intel Core i7-3960X @ 3.30GHz,,,,Q4 2011,3.3 GHz,130.0,6,12,,,,,,,,Intel,LGA2011,benchmark-spec-dataset
Intel Core i7-3970X @ 3.50GHz,,,,Q1 2012,3.5 GHz,150.0,6,12,,,,,,,,Intel,LGA2011,benchmark-spec-dataset
Intel Core i7-4500U @ 1.80GHz,,,,Q1 2013,1.8 GHz,15.0,2,4,,,,,,,,Intel,BGA1168,benchmark-spec-dataset
Intel Core i7-4510U @ 2.00GHz,,,,Q2 2014,2.0 GHz,15.0,2,4,,,,,,,,Intel,FCBGA1168,benchmark-spec-dataset
Intel Core i7-4550U @ 1.50GHz,,,,Q1 2014,1.5 GHz,15.0,2,4,,,,,,,,Intel,BGA1168,benchmark-spec-dataset
Intel Core i7-4558U @ 2.80GHz,,,,Q1 2013,2.8 GHz,28.0,2,4,,,,,,,,Intel,BGA1168,benchmark-spec-dataset
Intel Core i7-4578U @ 3.00GHz,,,,Q3 2014,3.0 GHz,28.0,2,4,,,,,,,,Intel,FCBGA1168,benchmark-spec-dataset
Intel Core i7-4600M @ 2.90GHz,,,,Q4 2013,2.9 GHz,37.0,2,4,,,,,,,,Intel,PGA946,benchmark-spec-dataset
Intel Core i7-4600U @ 2.10GHz,,,,Q3 2013,2.1 GHz,15.0,2,4,,,,,,,,Intel,FCBGA1168,benchmark-spec-dataset
Intel Core i7-4610M @ 3.00GHz,,,,Q2 2014,3.0 GHz,37.0,2,4,,,,,,,,Intel,FPGA946.FPGA947,benchmark-spec-dataset
Intel Core i7-4610Y @ 1.70GHz,,,,Q1 2013,1.7 GHz,11.5,2,4,,,,,,,,Intel,BGA1168,benchmark-spec-dataset
Intel Core i7-4650U @ 1.70GHz,,,,Q1 2013,1.7 GHz,15.0,2,4,,,,,,,,Intel,BGA1168,benchmark-spec-dataset
Intel Core i7-4700EQ @ 2.40GHz,,,,Q2 2013,2.4 GHz,47.0,4,8,,,,,,,,Intel,FCBGA1364,benchmark-spec-dataset
Intel Core i7-4700HQ @ 2.40GHz,,,,Q1 2013,2.4 GHz,47.0,4,8,,,,,,,,Intel,FCBGA1364,benchmark-spec-dataset
Intel Core i7-4700MQ @ 2.40GHz,,,,Q2 2013,2.4 GHz,47.0,4,8,,,,,,,,Intel,rPGA946B,benchmark-spec-dataset
Intel Core i7-4702HQ @ 2.20GHz,,,,Q2 2013,2.2 GHz,37.0,4,8,,,,,,,,Intel,FCBGA1364,benchmark-spec-dataset
Intel Core i7-4702MQ @ 2.20GHz,,,,Q1 2013,2.2 GHz,37.0,4,8,,,,,,,,Intel,FCPGA946,benchmark-spec-dataset
Intel Core i7-4710HQ @ 2.50GHz,,,,Q2 2014,2.5 GHz,47.0,4,8,,,,,,,,Intel,FCBGA1364,benchmark-spec-dataset
Intel Core i7-4710MQ @ 2.50GHz,,,,Q2 2014,2.5 GHz,47.0,4,8,,,,,,,,Intel,FCPGA946,benchmark-spec-dataset
Intel Core i7-4712HQ @ 2.30GHz,,,,Q2 2014,2.3 GHz,37.0,4,8,,,,,,,,Intel,FCBGA1364,benchmark-spec-dataset
Intel Core i7-4712MQ @ 2.30GHz,,,,Q2 2014,2.3 GHz,37.0,4,8,,,,,,,,Intel,FCPGA946,benchmark-spec-dataset
Intel Core i7-4720HQ @ 2.60GHz,,,,Q4 2014,2.6 GHz,47.0,4,8,,,,,,,,Intel,BGA1364,benchmark-spec-dataset
Intel Core i7-4722HQ @ 2.40GHz,,,,Q3 2015,2.4 GHz,37.0,4,8,,,,,,,,Intel,FCBGA1364,benchmark-spec-dataset
Intel Core i7-4750HQ @ 2.00GHz,,,,Q2 2013,2.0 GHz,47.0,4,8,,,,,,,,Intel,FCBGA1364,benchmark-spec-dataset
Intel Core i7-4760HQ @ 2.10GHz,,,,Q4 2014,2.1 GHz,47.0,4,8,,,,,,,,Intel,FCBGA1364,benchmark-spec-dataset
Intel Core i7-4765T @ 2.00GHz,,,,Q2 2013,2.0 GHz,35.0,4,8,,,,,,,,Intel,FCLGA1150,benchmark-spec-dataset
Intel Core i7-4770 @ 3.40GHz,,,,Q2 2013,3.4 GHz,84.0,4,8,,,,,,,,Intel,LGA1150,benchmark-spec-dataset
Intel Core i7-4770HQ @ 2.20GHz,,,,Q4 2014,2.2 GHz,47.0,4,8,,,,,,,,Intel,FCBGA1364,benchmark-spec-dataset
Intel Core i7-4770K @ 3.50GHz,,,,Q2 2013,3.5 GHz,84.0,4,8,,,,,,,,Intel,LGA1150,benchmark-spec-dataset
Intel Core i7-4770R @ 3.20GHz,,,,Q1 2014,3.2 GHz,65.0,4,8,,,,,,,,Intel,FCBGA1364,benchmark-spec-dataset
Intel Core i7-4770S @ 3.10GHz,,,,Q2 2013,3.1 GHz,65.0,4,8,,,,,,,,Intel,LGA1150,benchmark-spec-dataset
Intel Core i7-4770T @ 2.50GHz,,,,Q1 2013,2.5 GHz,45.0,4,8,,,,,,,,Intel,LGA1150,benchmark-spec-dataset
Intel Core i7-4770TE @ 2.30GHz,,,,Q3 2015,2.3 GHz,45.0,4,8,,,,,,,,Intel,LGA1150,benchmark-spec-dataset
Intel Core i7-4771 @ 3.50GHz,,,,Q1 2013,3.5 GHz,84.0,4,8,,,,,,,,Intel,LGA1150,benchmark-spec-dataset
Intel Core i7-4785T @ 2.20GHz,,,,Q2 2014,2.2 GHz,35.0,4,8,,,,,,,,Intel,FCLGA1150,benchmark-spec-dataset
Intel Core i7-4790 @ 3.60GHz,,,,Q2 2014,3.6 GHz,84.0,4,8,,,,,,,,Intel,FCLGA1150,benchmark-spec-dataset
Intel Core i7-4790K @ 4.00GHz,,,,Q2 2014,4.0 GHz,88.0,4,8,,,,,,,,Intel,LGA1150,benchmark-spec-dataset
Intel Core i7-4790S @ 3.20GHz,,,,Q2 2014,3.2 GHz,65.0,4,8,,,,,,,,Intel,LGA1150,benchmark-spec-dataset
Intel Core i7-4790T @ 2.70GHz,,,,Q2 2014,2.7 GHz,45.0,4,8,,,,,,,,Intel,LGA1150,benchmark-spec-dataset
Intel Core i7-4800MQ @ 2.70GHz,,,,Q1 2013,2.7 GHz,47.0,4,8,,,,,,,,Intel,rPGA946B,benchmark-spec-dataset
Intel Core i7-4810MQ @ 2.80GHz,,,,Q1 2014,2.8 GHz,47.0,4,8,,,,,,,,Intel,FCPGA946,benchmark-spec-dataset
Intel Core i7-4820K @ 3.70GHz,,,,Q3 2013,3.7 GHz,130.0,4,8,,,,,,,,Intel,FCLGA2011,benchmark-spec-dataset
Intel Core i7-4850HQ @ 2.30GHz,,,,Q3 2013,2.3 GHz,47.0,4,8,,,,,,,,Intel,FCBGA1364,benchmark-spec-dataset
Intel Core i7-4860EQ @ 1.80GHz,,,,Q4 2015,1.8 GHz,47.0,4,8,,,,,,,,Intel,FCBGA1364,benchmark-spec-dataset
Intel Core i7-4860HQ @ 2.40GHz,,,,Q3 2014,2.4 GHz,47.0,4,8,,,,,,,,Intel,FCBGA1364,benchmark-spec-dataset
Intel Core i7-4870HQ @ 2.50GHz,,,,Q3 2014,2.5 GHz,47.0,4,8,,,,,,,,Intel,FCBGA1364,benchmark-spec-dataset
Intel Core i7-4900MQ @ 2.80GHz,,,,Q1 2013,2.8 GHz,47.0,4,8,,,,,,,,Intel,FCPGA946,benchmark-spec-dataset
Intel Core i7-4910MQ @ 2.90GHz,,,,Q2 2014,2.9 GHz,47.0,4,8,,,,,,,,Intel,FCPGA946,benchmark-spec-dataset
Intel Core i7-4930K @ 3.40GHz,,,,Q1 2013,3.4 GHz,130.0,6,12,,,,,,,,Intel,LGA2011,benchmark-spec-dataset
Intel Core i7-4930MX @ 3.00GHz,,,,Q1 2013,3.0 GHz,57.0,4,8,,,,,,,,Intel,FCPGA946,benchmark-spec-dataset
Intel Core i7-4940MX @ 3.10GHz,,,,Q1 2014,3.1 GHz,57.0,4,8,,,,,,,,Intel,FPGA946.FPGA947,benchmark-spec-dataset
Intel Core i7-4960HQ @ 2.60GHz,,,,Q3 2013,2.6 GHz,47.0,4,8,,,,,,,,Intel,FCBGA1364,benchmark-spec-dataset
Intel Core i7-4960X @ 3.60GHz,,,,Q1 2013,3.6 GHz,130.0,6,12,,,,,,,,Intel,LGA2011,benchmark-spec-dataset
Intel Core i7-4980HQ @ 2.80GHz,,,,Q3 2014,2.8 GHz,47.0,4,8,,,,,,,,Intel,FCBGA1364,benchmark-spec-dataset
Intel Core i7-5500U @ 2.40GHz,,,,Q1 2015,2.4 GHz,15.0,2,4,,,,,,,,Intel,FCBGA1168,benchmark-spec-dataset
Intel Core i7-5550U @ 2.00GHz,,,,Q2 2016,2.0 GHz,15.0,2,4,,,,,,,,Intel,FCBGA1168,benchmark-spec-dataset
Intel Core i7-5557U @ 3.10GHz,,,,Q1 2015,3.1 GHz,28.0,2,4,,,,,,,,Intel,FCBGA1168,benchmark-spec-dataset
Intel Core i7-5600U @ 2.60GHz,,,,Q1 2015,2.6 GHz,15.0,2,4,,,,,,,,Intel,FCBGA1168,benchmark-spec-dataset
Intel Core i7-5650U @ 2.20GHz,,,,Q1 2015,2.2 GHz,15.0,2,4,,,,,,,,Intel,FCBGA1168,benchmark-spec-dataset
Intel Core i7-5675C @ 3.10GHz,,,,Q4 2015,3.1 GHz,65.0,4,4,,,,,,,,Intel,LGA1150,benchmark-spec-dataset
Intel Core i7-5700EQ @ 2.60GHz,,,,Q3 2015,2.6 GHz,47.0,4,8,,,,,,,,Intel,FCBGA1364,benchmark-spec-dataset
Intel Core i7-5700HQ @ 2.70GHz,,,,Q2 2015,2.7 GHz,47.0,4,8,,,,,,,,Intel,FCBGA1364,benchmark-spec-dataset
Intel Core i7-5775C @ 3.30GHz,,,,Q2 2015,3.3 GHz,65.0,4,8,,,,,,,,Intel,FCLGA1150,benchmark-spec-dataset
Intel Core i7-5775R @ 3.30GHz,,,,Q2 2016,3.3 GHz,65.0,4,8,,,,,,,,Intel,LGA1150,benchmark-spec-dataset
Intel Core i7-5820K @ 3.30GHz,,,,Q3 2014,3.3 GHz,140.0,6,12,,,,,,,,Intel,LGA2011-v3,benchmark-spec-dataset
Intel Core i7-5850EQ @ 2.70GHz,,,,Q4 2018,2.7 GHz,47.0,4,8,,,,,,,,Intel,FCBGA1364,benchmark-spec-dataset
Intel Core i7-5850HQ @ 2.70GHz,,,,Q4 2015,2.7 GHz,47.0,4,8,,,,,,,,Intel,FCBGA1364,benchmark-spec-dataset
Intel Core i7-5930K @ 3.50GHz,,,,Q3 2014,3.5 GHz,140.0,6,12,,,,,,,,Intel,LGA2011-v3,benchmark-spec-dataset
Intel Core i7-5950HQ @ 2.90GHz,,,,Q3 2015,2.9 GHz,47.0,4,8,,,,,,,,Intel,FCBGA1364,benchmark-spec-dataset
Intel Core i7-5960X @ 3.00GHz,,,,Q3 2014,3.0 GHz,140.0,8,16,,,,,,,,Intel,LGA2011-v3,benchmark-spec-dataset
Intel Core i7-610E @ 2.53GHz,,,,Q4 2011,2.5 GHz,35.0,2,4,,,,,,,,Intel,BGA1288,benchmark-spec-dataset
Intel Core i7-620LM @ 2.00GHz,,,,Q2 2010,2.0 GHz,25.0,2,4,,,,,,,,Intel,rPGA988A,benchmark-spec-dataset
Intel Core i7-620M @ 2.67GHz,,,,Q1 2010,2.7 GHz,35.0,2,4,,,,,,,,Intel,BGA1288,benchmark-spec-dataset
Intel Core i7-620UM @ 1.07GHz,,,,Q1 2010,1.1 GHz,18.0,2,4,,,,,,,,Intel,BGA1288,benchmark-spec-dataset
Intel Core i7-640LM @ 2.13GHz,,,,Q1 2010,2.1 GHz,25.0,2,4,,,,,,,,Intel,BGA1288,benchmark-spec-dataset
Intel Core i7-640M @ 2.80GHz,,,,Q4 2010,2.8 GHz,35.0,2,4,,,,,,,,Intel,BGA1288,benchmark-spec-dataset
Intel Core i7-640UM @ 1.20GHz,,,,Q2 2010,1.2 GHz,18.0,2,4,,,,,,,,Intel,BGA1288,benchmark-spec-dataset
Intel Core i7-6498DU @ 2.50GHz,,,,Q4 2016,2.5 GHz,15.0,2,4,,,,,,,,Intel,BGA1356,benchmark-spec-dataset
Intel Core i7-6500U @ 2.50GHz,,,,Q3 2015,2.5 GHz,15.0,2,4,,,,,,,,Intel,FCBGA1356,benchmark-spec-dataset
Intel Core i7-6560U @ 2.20GHz,,,,Q1 2016,2.2 GHz,15.0,2,4,,,,,,,,Intel,,benchmark-spec-dataset
Intel Core i7-6567U @ 3.30GHz,,,,Q1 2016,3.3 GHz,28.0,2,4,,,,,,,,Intel,FCBGA1356,benchmark-spec-dataset
Intel Core i7-6600U @ 2.60GHz,,,,Q3 2015,2.6 GHz,15.0,2,4,,,,,,,,Intel,FCBGA1356,benchmark-spec-dataset
Intel Core i7-660UM @ 1.33GHz,,,,Q4 2010,1.3 GHz,18.0,2,4,,,,,,,,Intel,BGA1288,benchmark-spec-dataset
Intel Core i7-6650U @ 2.20GHz,,,,Q4 2015,2.2 GHz,15.0,2,4,,,,,,,,Intel,FCBGA1356,benchmark-spec-dataset
Intel Core i7-6660U @ 2.40GHz,,,,Q3 2018,2.4 GHz,15.0,2,4,,,,,,,,Intel,FCBGA1356,benchmark-spec-dataset
Intel Core i7-6700 @ 3.40GHz,,,,Q3 2015,3.4 GHz,65.0,4,8,,,,,,,,Intel,LGA 1151,benchmark-spec-dataset
Intel Core i7-6700HQ @ 2.60GHz,,,,Q3 2015,2.6 GHz,45.0,4,8,,,,,,,,Intel,FCBGA1440,benchmark-spec-dataset
Intel Core i7-6700K @ 4.00GHz,,,,Q3 2015,4.0 GHz,95.0,4,8,,,,,,,,Intel,LGA1151,benchmark-spec-dataset
Intel Core i7-6700T @ 2.80GHz,,,,Q4 2015,2.8 GHz,35.0,4,8,,,,,,,,Intel,LGA 1151,benchmark-spec-dataset
Intel Core i7-6700TE @ 2.40GHz,,,,Q2 2016,2.4 GHz,35.0,4,8,,,,,,,,Intel,LGA 1151,benchmark-spec-dataset
Intel Core i7-6770HQ @ 2.60GHz,,,,Q2 2016,2.6 GHz,45.0,4,8,,,,,,,,Intel,FCBGA1440,benchmark-spec-dataset
Intel Core i7-6800K @ 3.40GHz,,,,Q2 2016,3.4 GHz,140.0,6,12,,,,,,,,Intel,LGA2011-v3,benchmark-spec-dataset
Intel Core i7-680UM @ 1.47GHz,,,,Q1 2011,1.5 GHz,18.0,2,4,,,,,,,,Intel,BGA1288,benchmark-spec-dataset
Intel Core i7-6820EQ @ 2.80GHz,,,,Q2 2016,2.8 GHz,45.0,4,8,,,,,,,,Intel,FCBGA1440,benchmark-spec-dataset
Intel Core i7-6820HK @ 2.70GHz,,,,Q4 2015,2.7 GHz,45.0,4,8,,,,,,,,Intel,FCBGA1440,benchmark-spec-dataset
Intel Core i7-6820HQ @ 2.70GHz,,,,Q4 2015,2.7 GHz,45.0,4,8,,,,,,,,Intel,FCBGA1440,benchmark-spec-dataset
Intel Core i7-6822EQ @ 2.00GHz,,,,Q1 2016,2.0 GHz,25.0,4,8,,,,,,,,Intel,LGA 1151,benchmark-spec-dataset
Intel Core i7-6850K @ 3.60GHz,,,,Q2 2016,3.6 GHz,140.0,6,12,,,,,,,,Intel,FCLGA2011-3,benchmark-spec-dataset
Intel Core i7-6900K @ 3.20GHz,,,,Q2 2016,3.2 GHz,140.0,8,16,,,,,,,,Intel,FCLGA2011-3,benchmark-spec-dataset
Intel Core i7-6920HQ @ 2.90GHz,,,,Q1 2016,2.9 GHz,45.0,4,8,,,,,,,,Intel,FCBGA1440,benchmark-spec-dataset
Intel Core i7-6950X @ 3.00GHz,,,,Q2 2016,3.0 GHz,140.0,10,20,,,,,,,,Intel,LGA2011-v3,benchmark-spec-dataset
Intel Core i7-720QM @ 1.60GHz,,,,Q4 2009,1.6 GHz,45.0,4,8,,,,,,,,Intel,PGA988A,benchmark-spec-dataset
Intel Core i7-740QM @ 1.73GHz,,,,Q2 2010,1.7 GHz,45.0,4,8,,,,,,,,Intel,PGA988A,benchmark-spec-dataset
Intel Core i7-7500U @ 2.70GHz,,,,Q4 2016,2.7 GHz,15.0,2,4,,,,,,,,Intel,FCBGA1356,benchmark-spec-dataset
Intel Core i7-7560U @ 2.40GHz,,,,Q1 2017,2.4 GHz,15.0,2,4,,,,,,,,Intel,BGA1356,benchmark-spec-dataset
Intel Core i7-7567U @ 3.50GHz,,,,Q1 2017,3.5 GHz,28.0,2,4,,,,,,,,Intel,BGA1356,benchmark-spec-dataset
Intel Core i7-7600U @ 2.80GHz,,,,Q1 2017,2.8 GHz,15.0,2,4,,,,,,,,Intel,FCBGA1356,benchmark-spec-dataset
Intel Core i7-7660U @ 2.50GHz,,,,Q2 2017,2.5 GHz,15.0,2,4,,,,,,,,Intel,BGA1356,benchmark-spec-dataset
Intel Core i7-7700 @ 3.60GHz,,,,Q4 2016,3.6 GHz,65.0,4,8,,,,,,,,Intel,LGA1151,benchmark-spec-dataset
Intel Core i7-7700HQ @ 2.80GHz,,,,Q4 2016,2.8 GHz,45.0,4,8,,,,,,,,Intel,FCBGA1440,benchmark-spec-dataset
Intel Core i7-7700K @ 4.20GHz,,,,Q4 2016,4.2 GHz,95.0,4,8,,,,,,,,Intel,LGA 1151,benchmark-spec-dataset
Intel Core i7-7700T @ 2.90GHz,,,,Q1 2017,2.9 GHz,35.0,4,8,,,,,,,,Intel,FCLGA1151,benchmark-spec-dataset
Intel Core i7-7740X @ 4.30GHz,,,,Q3 2017,4.3 GHz,112.0,4,8,,,,,,,,Intel,FCLGA2066,benchmark-spec-dataset
Intel Core i7-7800X @ 3.50GHz,,,,Q2 2017,3.5 GHz,140.0,6,12,,,,,,,,Intel,FCLGA2066,benchmark-spec-dataset
Intel Core i7-7820EQ @ 3.00GHz,,,,Q2 2019,3.0 GHz,45.0,4,8,,,,,,,,Intel,FCBGA1440,benchmark-spec-dataset
Intel Core i7-7820HK @ 2.90GHz,,,,Q1 2017,2.9 GHz,45.0,4,8,,,,,,,,Intel,FCBGA1440,benchmark-spec-dataset
Intel Core i7-7820HQ @ 2.90GHz,,,,Q1 2017,2.9 GHz,45.0,4,8,,,,,,,,Intel,FCBGA1440,benchmark-spec-dataset
Intel Core i7-7820X @ 3.60GHz,,,,Q2 2017,3.6 GHz,140.0,8,16,,,,,,,,Intel,FCLGA2066,benchmark-spec-dataset
Intel Core i7-7900X @ 3.30GHz,,,,Q3 2017,3.3 GHz,140.0,10,20,,,,,,,,Intel,FCLGA2066,benchmark-spec-dataset
Intel Core i7-7920HQ @ 3.10GHz,,,,Q2 2017,3.1 GHz,45.0,4,8,,,,,,,,Intel,FCBGA1440,benchmark-spec-dataset
Intel Core i7-7Y75 @ 1.30GHz,,,,Q4 2016,1.3 GHz,4.5,2,4,,,,,,,,Intel,FCBGA1515,benchmark-spec-dataset
Intel Core i7-8086K @ 4.00GHz,,,,Q2 2018,4.0 GHz,95.0,6,12,,,,,,,,Intel,FCLGA1151-2,benchmark-spec-dataset
Intel Core i7-820QM @ 1.73GHz,,,,Q4 2009,1.7 GHz,45.0,4,8,,,,,,,,Intel,PGA988A,benchmark-spec-dataset
Intel Core i7-840QM @ 1.87GHz,,,,Q3 2010,1.9 GHz,45.0,4,8,,,,,,,,Intel,PGA988A,benchmark-spec-dataset
Intel Core i7-8500Y @ 1.50GHz,,,,Q4 2018,1.5 GHz,5.0,2,4,,,,,,,,Intel,FCBGA1515,benchmark-spec-dataset
Intel Core i7-8550U @ 1.80GHz,,,,Q3 2017,1.8 GHz,15.0,4,8,,,,,,,,Intel,FC-BGA1356,benchmark-spec-dataset
Intel Core i7-8557U @ 1.70GHz,,,,Q4 2019,1.7 GHz,15.0,4,8,,,,,,,,Intel,FCBGA1528,benchmark-spec-dataset
Intel Core i7-8559U @ 2.70GHz,,,,Q3 2018,2.7 GHz,28.0,4,8,,,,,,,,Intel,FCBGA1528,benchmark-spec-dataset
Intel Core i7-8565U @ 1.80GHz,,,,Q3 2018,1.8 GHz,15.0,4,8,,,,,,,,Intel,FCBGA1356,benchmark-spec-dataset
Intel Core i7-8565UC @ 1.80GHz,,,,Q2 2020,1.8 GHz,15.0,4,8,,,,,,,,Intel,FCBGA1528,benchmark-spec-dataset
Intel Core i7-8569U @ 2.80GHz,,,,Q1 2020,2.8 GHz,28.0,4,8,,,,,,,,Intel,FCBGA1528,benchmark-spec-dataset
Intel Core i7-860 @ 2.80GHz,,,,Q3 2009,2.8 GHz,95.0,4,8,,,,,,,,Intel,LGA1156,benchmark-spec-dataset
Intel Core i7-860S @ 2.53GHz,,,,Q2 2011,2.5 GHz,82.0,4,8,,,,,,,,Intel,LGA1156,benchmark-spec-dataset
Intel Core i7-8650U @ 1.90GHz,,,,Q3 2017,1.9 GHz,15.0,4,8,,,,,,,,Intel,FC-BGA1356,benchmark-spec-dataset
Intel Core i7-8665U @ 1.90GHz,,,,Q2 2019,1.9 GHz,15.0,4,8,,,,,,,,Intel,FCBGA1528,benchmark-spec-dataset
Intel Core i7-8665UE @ 1.70GHz,,,,Q4 2019,1.7 GHz,15.0,4,8,,,,,,,,Intel,FCBGA1528,benchmark-spec-dataset
Intel Core i7-870 @ 2.93GHz,,,,Q3 2009,2.9 GHz,95.0,4,8,,,,,,,,Intel,LGA1156,benchmark-spec-dataset
Intel Core i7-8700 @ 3.20GHz,,,,Q4 2017,3.2 GHz,65.0,6,12,,,,,,,,Intel,FCLGA1151-2,benchmark-spec-dataset
Intel Core i7-8700B @ 3.20GHz,,,,Q1 2019,3.2 GHz,65.0,6,12,,,,,,,,Intel,FCBGA1440,benchmark-spec-dataset
Intel Core i7-8700K @ 3.70GHz,,,,Q4 2017,3.7 GHz,95.0,6,12,,,,,,,,Intel,FCLGA1151-2,benchmark-spec-dataset
Intel Core i7-8700T @ 2.40GHz,,,,Q1 2018,2.4 GHz,35.0,6,12,,,,,,,,Intel,FCLGA1151-2,benchmark-spec-dataset
Intel Core i7-8705G @ 3.10GHz,,,,Q1 2018,3.1 GHz,65.0,4,8,,,,,,,,Intel,BGA2270,benchmark-spec-dataset
Intel Core i7-8706G @ 3.10GHz,,,,Q3 2018,3.1 GHz,65.0,4,8,,,,,,,,Intel,BGA2270,benchmark-spec-dataset
Intel Core i7-8709G @ 3.10GHz,,,,Q4 2018,3.1 GHz,100.0,4,8,,,,,,,,Intel,BGA2270,benchmark-spec-dataset
Intel Core i7-870S @ 2.67GHz,,,,Q4 2010,2.7 GHz,82.0,4,8,,,,,,,,Intel,LGA1156,benchmark-spec-dataset
Intel Core i7-8750H @ 2.20GHz,,,,Q2 2018,2.2 GHz,45.0,6,12,,,,,,,,Intel,FCBGA1440,benchmark-spec-dataset
Intel Core i7-875K @ 2.93GHz,,,,Q2 2010,2.9 GHz,95.0,4,8,,,,,,,,Intel,LGA1156,benchmark-spec-dataset
Intel Core i7-880 @ 3.07GHz,,,,Q3 2010,3.1 GHz,95.0,4,8,,,,,,,,Intel,LGA1156,benchmark-spec-dataset
Intel Core i7-8809G @ 3.10GHz,,,,Q1 2018,3.1 GHz,100.0,4,8,,,,,,,,Intel,BGA2270,benchmark-spec-dataset
Intel Core i7-8850H @ 2.60GHz,,,,Q2 2018,2.6 GHz,45.0,6,12,,,,,,,,Intel,FCBGA1440,benchmark-spec-dataset
Intel Core i7-920 @ 2.67GHz,,,,Q4 2008,2.7 GHz,130.0,4,8,,,,,,,,Intel,LGA1366,benchmark-spec-dataset
Intel Core i7-920XM @ 2.00GHz,,,,Q4 2009,2.0 GHz,55.0,4,8,,,,,,,,Intel,PGA988B,benchmark-spec-dataset
Intel Core i7-930 @ 2.80GHz,,,,Q1 2010,2.8 GHz,130.0,4,8,,,,,,,,Intel,LGA1366,benchmark-spec-dataset
Intel Core i7-940 @ 2.93GHz,,,,Q4 2008,2.9 GHz,130.0,4,8,,,,,,,,Intel,LGA1366,benchmark-spec-dataset
Intel Core i7-940XM @ 2.13GHz,,,,Q3 2010,2.1 GHz,55.0,4,8,,,,,,,,Intel,PGA988,benchmark-spec-dataset
Intel Core i7-950 @ 3.07GHz,,,,Q2 2009,3.1 GHz,130.0,4,8,,,,,,,,Intel,LGA1366,benchmark-spec-dataset
Intel Core i7-960 @ 3.20GHz,,,,Q4 2009,3.2 GHz,130.0,4,8,,,,,,,,Intel,LGA1366,benchmark-spec-dataset
Intel Core i7-965 @ 3.20GHz,,,,Q4 2008,3.2 GHz,130.0,4,8,,,,,,,,Intel,LGA1366,benchmark-spec-dataset
Intel Core i7-970 @ 3.20GHz,,,,Q3 2010,3.2 GHz,130.0,6,12,,,,,,,,Intel,LGA1366,benchmark-spec-dataset
Intel Core i7-9700 @ 3.00GHz,,,,Q2 2019,3.0 GHz,65.0,8,8,,,,,,,,Intel,FCLGA1151-2,benchmark-spec-dataset
Intel Core i7-9700E @ 2.60GHz,,,,Q4 2020,2.6 GHz,65.0,8,8,,,,,,,,Intel,FCLGA1151-2,benchmark-spec-dataset
Intel Core i7-9700F @ 3.00GHz,,,,Q2 2019,3.0 GHz,65.0,8,8,,,,,,,,Intel,FCLGA1151-2,benchmark-spec-dataset
Intel Core i7-9700K @ 3.60GHz,,,,Q4 2018,3.6 GHz,95.0,8,8,,,,,,,,Intel,FCLGA1151-2,benchmark-spec-dataset
Intel Core i7-9700KF @ 3.60GHz,,,,Q2 2019,3.6 GHz,95.0,8,8,,,,,,,,Intel,FCLGA1151-2,benchmark-spec-dataset
Intel Core i7-9700T @ 2.00GHz,,,,Q3 2019,2.0 GHz,35.0,8,8,,,,,,,,Intel,FCLGA1151-2,benchmark-spec-dataset
Intel Core i7-9700TE @ 1.80GHz,,,,Q4 2019,1.8 GHz,35.0,8,8,,,,,,,,Intel,FCLGA1151-2,benchmark-spec-dataset
Intel Core i7-975 @ 3.33GHz,,,,Q2 2009,3.3 GHz,130.0,4,8,,,,,,,,Intel,LGA1366,benchmark-spec-dataset
Intel Core i7-9750H @ 2.60GHz,,,,Q2 2019,2.6 GHz,45.0,6,12,,,,,,,,Intel,FCBGA1440,benchmark-spec-dataset
Intel Core i7-9750HF @ 2.60GHz,,,,Q1 2020,2.6 GHz,45.0,6,12,,,,,,,,Intel,FCBGA1440,benchmark-spec-dataset
Intel Core i7-980 @ 3.33GHz,,,,Q3 2011,3.3 GHz,130.0,6,12,,,,,,,,Intel,LGA1366,benchmark-spec-dataset
Intel Core i7-9800X @ 3.80GHz,,,,Q4 2018,3.8 GHz,165.0,8,16,,,,,,,,Intel,FCLGA2066,benchmark-spec-dataset
Intel Core i7-980X @ 3.33GHz,,,,Q1 2010,3.3 GHz,130.0,6,12,,,,,,,,Intel,LGA1366,benchmark-spec-dataset
Intel Core i7-9850H @ 2.60GHz,,,,Q2 2019,2.6 GHz,45.0,6,12,,,,,,,,Intel,,benchmark-spec-dataset
Intel Core i7-9850HL @ 1.90GHz,,,,Q4 2019,1.9 GHz,25.0,6,12,,,,,,,,Intel,FCBGA1440,benchmark-spec-dataset
Intel Core i7-990X @ 3.47GHz,,,,Q1 2011,3.5 GHz,130.0,6,12,,,,,,,,Intel,LGA1366,benchmark-spec-dataset
Intel Core i9-10850K @ 3.60GHz,,,,Q3 2020,3.6 GHz,125.0,10,20,,,,,,,,Intel,FCLGA1200,benchmark-spec-dataset
Intel Core i9-10880H @ 2.30GHz,,,,Q3 2020,2.3 GHz,45.0,8,16,,,,,,,,Intel,FCBGA1440,benchmark-spec-dataset
Intel Core i9-10885H @ 2.40GHz,,,,Q3 2020,2.4 GHz,45.0,8,16,,,,,,,,Intel,FCBGA1440,benchmark-spec-dataset
Intel Core i9-10900 @ 2.80GHz,,,,Q2 2020,2.8 GHz,65.0,10,20,,,,,,,,Intel,FCLGA1200,benchmark-spec-dataset
Intel Core i9-10900E @ 2.80GHz,,,,Q4 2021,2.8 GHz,65.0,10,20,,,,,,,,Intel,FCLGA1200,benchmark-spec-dataset
Intel Core i9-10900F @ 2.80GHz,,,,Q3 2020,2.8 GHz,65.0,10,20,,,,,,,,Intel,FCLGA1200,benchmark-spec-dataset
Intel Core i9-10900K @ 3.70GHz,,,,Q2 2020,3.7 GHz,125.0,10,20,,,,,,,,Intel,FCLGA1200,benchmark-spec-dataset
Intel Core i9-10900KF @ 3.70GHz,,,,Q2 2020,3.7 GHz,125.0,10,20,,,,,,,,Intel,FCLGA1200,benchmark-spec-dataset
Intel Core i9-10900T @ 1.90GHz,,,,Q2 2020,1.9 GHz,35.0,10,20,,,,,,,,Intel,FCLGA1200,benchmark-spec-dataset
Intel Core i9-10900TE @ 1.80GHz,,,,Q1 2021,1.8 GHz,35.0,10,20,,,,,,,,Intel,FCLGA1200,benchmark-spec-dataset
Intel Core i9-10900X @ 3.70GHz,,,,Q4 2019,3.7 GHz,165.0,10,20,,,,,,,,Intel,FCLGA2066,benchmark-spec-dataset
Intel Core i9-10910 @ 3.60GHz,,,,Q3 2020,3.6 GHz,125.0,10,20,,,,,,,,Intel,FCLGA1200,benchmark-spec-dataset
Intel Core i9-10920X @ 3.50GHz,,,,Q4 2019,3.5 GHz,165.0,12,24,,,,,,,,Intel,FCLGA2066,benchmark-spec-dataset
Intel Core i9-10940X @ 3.30GHz,,,,Q4 2019,3.3 GHz,165.0,14,28,,,,,,,,Intel,FCLGA2066,benchmark-spec-dataset
Intel Core i9-10980HK @ 2.40GHz,,,,Q2 2020,2.4 GHz,45.0,8,16,,,,,,,,Intel,FCBGA1440,benchmark-spec-dataset
Intel Core i9-10980XE @ 3.00GHz,,,,Q4 2019,3.0 GHz,165.0,18,36,,,,,,,,Intel,FCLGA2066,benchmark-spec-dataset
Intel Core i9-11900 @ 2.50GHz,,,,Q2 2021,2.5 GHz,65.0,8,16,,,,,,,,Intel,FCLGA1200,benchmark-spec-dataset
Intel Core i9-11900F @ 2.50GHz,,,,Q2 2021,2.5 GHz,65.0,8,16,,,,,,,,Intel,FCLGA1200,benchmark-spec-dataset
Intel Core i9-11900H @ 2.50GHz,,,,Q3 2021,2.5 GHz,45.0,8,16,,,,,,,,Intel,FCBGA1787,benchmark-spec-dataset
Intel Core i9-11900K @ 3.50GHz,,,,Q1 2021,3.5 GHz,125.0,8,16,,,,,,,,Intel,FCLGA1200,benchmark-spec-dataset
Intel Core i9-11900KB @ 3.30GHz,,,,Q3 2021,3.3 GHz,65.0,8,16,,,,,,,,Intel,FCBGA1787,benchmark-spec-dataset
Intel Core i9-11900KF @ 3.50GHz,,,,Q2 2021,3.5 GHz,125.0,8,16,,,,,,,,Intel,FCLGA1200,benchmark-spec-dataset
Intel Core i9-11900T @ 1.50GHz,,,,Q2 2021,1.5 GHz,35.0,8,16,,,,,,,,Intel,FCLGA1200,benchmark-spec-dataset
Intel Core i9-11950H @ 2.60GHz,,,,Q2 2021,2.6 GHz,45.0,8,16,,,,,,,,Intel,FCBGA1787,benchmark-spec-dataset
Intel Core i9-11980HK @ 2.60GHz,,,,Q2 2021,2.6 GHz,45.0,8,16,,,,,,,,Intel,FCBGA1787,benchmark-spec-dataset
Intel Core i9-7900X @ 3.30GHz,,,,Q2 2017,3.3 GHz,140.0,10,20,,,,,,,,Intel,FCLGA2066,benchmark-spec-dataset
Intel Core i9-7920X @ 2.90GHz,,,,Q3 2017,2.9 GHz,140.0,12,24,,,,,,,,Intel,FCLGA2066,benchmark-spec-dataset
Intel Core i9-7940X @ 3.10GHz,,,,Q3 2017,3.1 GHz,165.0,14,28,,,,,,,,Intel,FCLGA2066,benchmark-spec-dataset
Intel Core i9-7960X @ 2.80GHz,,,,Q4 2017,2.8 GHz,165.0,16,32,,,,,,,,Intel,FCLGA2066,benchmark-spec-dataset
Intel Core i9-7980XE @ 2.60GHz,,,,Q3 2017,2.6 GHz,165.0,18,36,,,,,,,,Intel,FCLGA2066,benchmark-spec-dataset
Intel Core i9-8950HK @ 2.90GHz,,,,Q2 2018,2.9 GHz,45.0,6,12,,,,,,,,Intel,FCBGA1440,benchmark-spec-dataset
Intel Core i9-9820X @ 3.30GHz,,,,Q4 2018,3.3 GHz,165.0,10,20,,,,,,,,Intel,FCLGA2066,benchmark-spec-dataset
Intel Core i9-9880H @ 2.30GHz,,,,Q2 2019,2.3 GHz,45.0,8,16,,,,,,,,Intel,FCBGA1440,benchmark-spec-dataset
Intel Core i9-9900 @ 3.10GHz,,,,Q3 2019,3.1 GHz,65.0,8,16,,,,,,,,Intel,FCLGA1151-2,benchmark-spec-dataset
Intel Core i9-9900K @ 3.60GHz,,,,Q4 2018,3.6 GHz,95.0,8,16,,,,,,,,Intel,FCLGA1151-2,benchmark-spec-dataset
Intel Core i9-9900KF @ 3.60GHz,,,,Q2 2019,3.6 GHz,95.0,8,16,,,,,,,,Intel,FCLGA1151-2,benchmark-spec-dataset
Intel Core i9-9900KS @ 4.00GHz,,,,Q4 2019,4.0 GHz,127.0,8,16,,,,,,,,Intel,FCLGA1151-2,benchmark-spec-dataset
Intel Core i9-9900T @ 2.10GHz,,,,Q4 2019,2.1 GHz,35.0,8,16,,,,,,,,Intel,FCLGA1151-2,benchmark-spec-dataset
Intel Core i9-9900X @ 3.50GHz,,,,Q4 2018,3.5 GHz,165.0,10,20,,,,,,,,Intel,FCLGA2066,benchmark-spec-dataset
Intel Core i9-9920X @ 3.50GHz,,,,Q4 2018,3.5 GHz,165.0,12,24,,,,,,,,Intel,FCLGA2066,benchmark-spec-dataset
Intel Core i9-9940X @ 3.30GHz,,,,Q4 2018,3.3 GHz,165.0,14,28,,,,,,,,Intel,FCLGA2066,benchmark-spec-dataset
Intel Core i9-9960X @ 3.10GHz,,,,Q1 2019,3.1 GHz,165.0,16,32,,,,,,,,Intel,FCLGA2066,benchmark-spec-dataset
Intel Core i9-9980HK @ 2.40GHz,,,,Q2 2019,2.4 GHz,45.0,8,16,,,,,,,,Intel,FCBGA1440,benchmark-spec-dataset
Intel Core i9-9980XE @ 3.00GHz,,,,Q4 2018,3.0 GHz,165.0,18,36,,,,,,,,Intel,FCLGA2066,benchmark-spec-dataset
Intel Core i9-9990XE @ 4.00GHz,,,,Q3 2020,4.0 GHz,255.0,14,28,,,,,,,,Intel,LGA2066,benchmark-spec-dataset
Intel Core M-5Y10 @ 0.80GHz,,,,Q3 2014,0.8 GHz,4.5,2,4,,,,,,,,Intel,,benchmark-spec-dataset
Intel Core M-5Y10a @ 0.80GHz,,,,Q1 2015,0.8 GHz,4.5,2,4,,,,,,,,Intel,FCBGA1234,benchmark-spec-dataset
Intel Core M-5Y10c @ 0.80GHz,,,,Q1 2015,0.8 GHz,4.5,2,4,,,,,,,,Intel,FCBGA1234,benchmark-spec-dataset
Intel Core M-5Y31 @ 0.90GHz,,,,Q2 2015,0.9 GHz,4.5,2,4,,,,,,,,Intel,FCBGA1234,benchmark-spec-dataset
Intel Core M-5Y51 @ 1.10GHz,,,,Q2 2015,1.1 GHz,4.5,2,4,,,,,,,,Intel,FCBGA1234,benchmark-spec-dataset
Intel Core M-5Y70 @ 1.10GHz,,,,Q4 2014,1.1 GHz,4.5,2,4,,,,,,,,Intel,BGA1234,benchmark-spec-dataset
Intel Core M-5Y71 @ 1.20GHz,,,,Q1 2015,1.2 GHz,4.5,2,4,,,,,,,,Intel,FCBGA1234,benchmark-spec-dataset
Intel Core m3-6Y30 @ 0.90GHz,,,,Q4 2015,0.9 GHz,4.5,2,4,,,,,,,,Intel,FCBGA1515,benchmark-spec-dataset
Intel Core m3-7Y30 @ 1.00GHz,,,,Q4 2016,1.0 GHz,4.5,2,4,,,,,,,,Intel,FCBGA1515,benchmark-spec-dataset
Intel Core m3-7Y32 @ 1.10GHz,,,,Q3 2017,1.1 GHz,4.5,2,4,,,,,,,,Intel,FCBGA1515,benchmark-spec-dataset
Intel Core m3-8100Y @ 1.10GHz,,,,Q4 2018,1.1 GHz,5.0,2,4,,,,,,,,Intel,FCBGA1515,benchmark-spec-dataset
Intel Core m5-6Y54 @ 1.10GHz,,,,Q4 2015,1.1 GHz,7.0,2,4,,,,,,,,Intel,FCBGA1515,benchmark-spec-dataset
Intel Core m5-6Y57 @ 1.10GHz,,,,Q4 2015,1.1 GHz,7.0,2,4,,,,,,,,Intel,FCBGA1515,benchmark-spec-dataset
Intel Core m7-6Y75 @ 1.20GHz,,,,Q4 2015,1.2 GHz,7.0,2,4,,,,,,,,Intel,FCBGA1515,benchmark-spec-dataset
Intel Core Solo T1300 @ 1.66GHz,,,,Q1 2009,1.7 GHz,27.0,1,1,,,,,,,,Intel,PGA478,benchmark-spec-dataset
Intel Core Solo T1350 @ 1.86GHz,,,,Q1 2009,1.9 GHz,31.0,1,1,,,,,,,,Intel,,benchmark-spec-dataset
Intel Core Solo T1400 @ 1.83GHz,,,,Q2 2009,1.8 GHz,27.0,1,1,,,,,,,,Intel,PGA478,benchmark-spec-dataset
Intel Core Solo U1300 @ 1.06GHz,,,,Q3 2009,1.1 GHz,6.0,1,1,,,,,,,,Intel,PBGA479,benchmark-spec-dataset
Intel Core Solo U1400 @ 1.20GHz,,,,Q1 2009,1.2 GHz,5.5,1,1,,,,,,,,Intel,PBGA479,benchmark-spec-dataset
Intel Core Solo U1500 @ 1.33GHz,,,,Q1 2009,1.3 GHz,5.5,1,1,,,,,,,,Intel,,benchmark-spec-dataset
Intel Core2 Duo E4300 @ 1.80GHz,,,,Q4 2009,1.8 GHz,65.0,2,2,,,,,,,,Intel,LGA775,benchmark-spec-dataset
Intel Core2 Duo E4400 @ 2.00GHz,,,,Q4 2008,2.0 GHz,65.0,2,2,,,,,,,,Intel,LGA775,benchmark-spec-dataset
Intel Core2 Duo E4500 @ 2.20GHz,,,,Q4 2008,2.2 GHz,65.0,2,2,,,,,,,,Intel,LGA775,benchmark-spec-dataset
Intel Core2 Duo E4600 @ 2.40GHz,,,,Q4 2008,2.4 GHz,65.0,2,2,,,,,,,,Intel,LGA775,benchmark-spec-dataset
Intel Core2 Duo E4700 @ 2.60GHz,,,,Q4 2008,2.6 GHz,65.0,2,2,,,,,,,,Intel,LGA775,benchmark-spec-dataset
Intel Core2 Duo E6300 @ 1.86GHz,,,,Q4 2008,1.9 GHz,65.0,2,2,,,,,,,,Intel,LGA775. PLGA775,benchmark-spec-dataset
Intel Core2 Duo E6320 @ 1.86GHz,,,,Q4 2008,1.9 GHz,65.0,2,2,,,,,,,,Intel,PLGA775,benchmark-spec-dataset
Intel Core2 Duo E6400 @ 2.13GHz,,,,Q1 2009,2.1 GHz,65.0,2,2,,,,,,,,Intel,LGA775,benchmark-spec-dataset
Intel Core2 Duo E6420 @ 2.13GHz,,,,Q4 2008,2.1 GHz,65.0,2,2,,,,,,,,Intel,PLGA775,benchmark-spec-dataset
Intel Core2 Duo E6540 @ 2.33GHz,,,,Q2 2009,2.3 GHz,65.0,2,2,,,,,,,,Intel,LGA775,benchmark-spec-dataset
Intel Core2 Duo E6550 @ 2.33GHz,,,,Q4 2008,2.3 GHz,65.0,2,2,,,,,,,,Intel,LGA775,benchmark-spec-dataset
Intel Core2 Duo E6600 @ 2.40GHz,,,,Q4 2008,2.4 GHz,65.0,2,2,,,,,,,,Intel,PLGA775,benchmark-spec-dataset
Intel Core2 Duo E6700 @ 2.66GHz,,,,Q1 2010,2.7 GHz,65.0,2,2,,,,,,,,Intel,LGA775,benchmark-spec-dataset
Intel Core2 Duo E6750 @ 2.66GHz,,,,Q4 2008,2.7 GHz,65.0,2,2,,,,,,,,Intel,LGA775,benchmark-spec-dataset
Intel Core2 Duo E6850 @ 3.00GHz,,,,Q4 2008,3.0 GHz,65.0,2,2,,,,,,,,Intel,LGA775,benchmark-spec-dataset
Intel Core2 Duo E7200 @ 2.53GHz,,,,Q4 2008,2.5 GHz,65.0,2,2,,,,,,,,Intel,LGA775,benchmark-spec-dataset
Intel Core2 Duo E7300 @ 2.66GHz,,,,Q4 2008,2.7 GHz,65.0,2,2,,,,,,,,Intel,LGA775,benchmark-spec-dataset
Intel Core2 Duo E7400 @ 2.80GHz,,,,Q4 2008,2.8 GHz,65.0,2,2,,,,,,,,Intel,LGA775,benchmark-spec-dataset
Intel Core2 Duo E7500 @ 2.93GHz,,,,Q1 2009,2.9 GHz,65.0,2,2,,,,,,,,Intel,LGA775,benchmark-spec-dataset
Intel Core2 Duo E7600 @ 3.06GHz,,,,Q2 2009,3.1 GHz,65.0,2,2,,,,,,,,Intel,LGA775,benchmark-spec-dataset
Intel Core2 Duo E8200 @ 2.66GHz,,,,Q4 2008,2.7 GHz,65.0,2,2,,,,,,,,Intel,LGA775,benchmark-spec-dataset
Intel Core2 Duo E8290 @ 2.83GHz,,,,Q4 2012,2.8 GHz,65.0,2,2,,,,,,,,Intel,LGA775,benchmark-spec-dataset
Intel Core2 Duo E8300 @ 2.83GHz,,,,Q4 2008,2.8 GHz,65.0,2,2,,,,,,,,Intel,LGA775,benchmark-spec-dataset
Intel Core2 Duo E8400 @ 3.00GHz,,,,Q4 2008,3.0 GHz,65.0,2,2,,,,,,,,Intel,LGA775,benchmark-spec-dataset
Intel Core2 Duo E8500 @ 3.16GHz,,,,Q4 2008,3.2 GHz,65.0,2,2,,,,,,,,Intel,LGA775,benchmark-spec-dataset
Intel Core2 Duo E8600 @ 3.33GHz,,,,Q4 2008,3.3 GHz,65.0,2,2,,,,,,,,Intel,LGA775,benchmark-spec-dataset
Intel Core2 Duo L7300 @ 1.40GHz,,,,Q2 2009,1.4 GHz,17.0,2,2,,,,,,,,Intel,BGA479,benchmark-spec-dataset
Intel Core2 Duo L7400 @ 1.50GHz,,,,Q2 2011,1.5 GHz,17.0,2,2,,,,,,,,Intel,BGA479,benchmark-spec-dataset
Intel Core2 Duo L7500 @ 1.60GHz,,,,Q1 2009,1.6 GHz,17.0,2,2,,,,,,,,Intel,BGA479,benchmark-spec-dataset
Intel Core2 Duo L7700 @ 1.80GHz,,,,Q2 2009,1.8 GHz,17.0,2,2,,,,,,,,Intel,,benchmark-spec-dataset
Intel Core2 Duo L9300 @ 1.60GHz,,,,Q2 2009,1.6 GHz,17.0,2,2,,,,,,,,Intel,BGA956,benchmark-spec-dataset
Intel Core2 Duo L9600 @ 2.13GHz,,,,Q4 2009,2.1 GHz,17.0,2,2,,,,,,,,Intel,BGA956,benchmark-spec-dataset
Intel Core2 Duo P7350 @ 2.00GHz,,,,Q4 2008,2.0 GHz,25.0,2,2,,,,,,,,Intel,BGA479,benchmark-spec-dataset
Intel Core2 Duo P7370 @ 2.00GHz,,,,Q4 2008,2.0 GHz,25.0,2,2,,,,,,,,Intel,PGA478,benchmark-spec-dataset
Intel Core2 Duo P7450 @ 2.13GHz,,,,Q1 2009,2.1 GHz,25.0,2,2,,,,,,,,Intel,PGA478,benchmark-spec-dataset
Intel Core2 Duo P7550 @ 2.26GHz,,,,Q2 2009,2.3 GHz,25.0,2,2,,,,,,,,Intel,PGA478,benchmark-spec-dataset
Intel Core2 Duo P7570 @ 2.26GHz,,,,Q4 2009,2.3 GHz,25.0,2,2,,,,,,,,Intel,PGA478,benchmark-spec-dataset
Intel Core2 Duo P8400 @ 2.26GHz,,,,Q4 2008,2.3 GHz,25.0,2,2,,,,,,,,Intel,BGA479,benchmark-spec-dataset
Intel Core2 Duo P8600 @ 2.40GHz,,,,Q4 2008,2.4 GHz,25.0,2,2,,,,,,,,Intel,BGA479,benchmark-spec-dataset
Intel Core2 Duo P8700 @ 2.53GHz,,,,Q1 2009,2.5 GHz,25.0,2,2,,,,,,,,Intel,BGA479,benchmark-spec-dataset
Intel Core2 Duo P8800 @ 2.66GHz,,,,Q3 2009,2.7 GHz,25.0,2,2,,,,,,,,Intel,BGA479,benchmark-spec-dataset
Intel Core2 Duo P9500 @ 2.53GHz,,,,Q4 2008,2.5 GHz,25.0,2,2,,,,,,,,Intel,BGA479,benchmark-spec-dataset
Intel Core2 Duo P9600 @ 2.53GHz,,,,Q3 2009,2.5 GHz,25.0,2,2,,,,,,,,Intel,PGA478,benchmark-spec-dataset
Intel Core2 Duo P9600 @ 2.66GHz,,,,Q1 2009,2.7 GHz,25.0,2,2,,,,,,,,Intel,PGA478,benchmark-spec-dataset
Intel Core2 Duo P9700 @ 2.80GHz,,,,Q2 2009,2.8 GHz,28.0,2,2,,,,,,,,Intel,PGA478,benchmark-spec-dataset
Intel Core2 Duo SL9400 @ 1.86GHz,,,,Q1 2009,1.9 GHz,17.0,2,2,,,,,,,,Intel,BGA956,benchmark-spec-dataset
Intel Core2 Duo SP9400 @ 2.40GHz,,,,Q1 2009,2.4 GHz,25.0,2,2,,,,,,,,Intel,BGA956,benchmark-spec-dataset
Intel Core2 Duo SU9400 @ 1.40GHz,,,,Q1 2009,1.4 GHz,10.0,2,2,,,,,,,,Intel,BGA956,benchmark-spec-dataset
Intel Core2 Duo T5200 @ 1.60GHz,,,,Q1 2009,1.6 GHz,34.0,2,2,,,,,,,,Intel,Socket M,benchmark-spec-dataset
Intel Core2 Duo T5250 @ 1.50GHz,,,,Q4 2008,1.5 GHz,35.0,2,2,,,,,,,,Intel,PGA478,benchmark-spec-dataset
Intel Core2 Duo T5270 @ 1.40GHz,,,,Q4 2008,1.4 GHz,35.0,2,2,,,,,,,,Intel,PGA478,benchmark-spec-dataset
Intel Core2 Duo T5300 @ 1.73GHz,,,,Q1 2009,1.7 GHz,34.0,2,2,,,,,,,,Intel,PGA478,benchmark-spec-dataset
Intel Core2 Duo T5450 @ 1.66GHz,,,,Q1 2009,1.7 GHz,35.0,2,2,,,,,,,,Intel,PGA478,benchmark-spec-dataset
Intel Core2 Duo T5470 @ 1.60GHz,,,,Q1 2009,1.6 GHz,35.0,2,2,,,,,,,,Intel,PGA478,benchmark-spec-dataset
Intel Core2 Duo T5500 @ 1.66GHz,,,,Q1 2009,1.7 GHz,34.0,2,2,,,,,,,,Intel,PGA478,benchmark-spec-dataset
Intel Core2 Duo T5550 @ 1.83GHz,,,,Q4 2008,1.8 GHz,35.0,2,2,,,,,,,,Intel,PGA478,benchmark-spec-dataset
Intel Core2 Duo T5600 @ 1.83GHz,,,,Q4 2008,1.8 GHz,34.0,2,2,,,,,,,,Intel,PGA478,benchmark-spec-dataset
Intel Core2 Duo T5670 @ 1.80GHz,,,,Q1 2009,1.8 GHz,35.0,2,2,,,,,,,,Intel,Socket P,benchmark-spec-dataset
Intel Core2 Duo T5750 @ 2.00GHz,,,,Q4 2008,2.0 GHz,35.0,2,2,,,,,,,,Intel,Socket P,benchmark-spec-dataset
Intel Core2 Duo T5800 @ 2.00GHz,,,,Q4 2008,2.0 GHz,35.0,2,2,,,,,,,,Intel,PGA478,benchmark-spec-dataset
Intel Core2 Duo T5870 @ 2.00GHz,,,,Q4 2008,2.0 GHz,35.0,2,2,,,,,,,,Intel,PPGA478. Socket,benchmark-spec-dataset
Intel Core2 Duo T6400 @ 2.00GHz,,,,Q1 2009,2.0 GHz,35.0,2,2,,,,,,,,Intel,PGA478,benchmark-spec-dataset
Intel Core2 Duo T6500 @ 2.10GHz,,,,Q2 2009,2.1 GHz,35.0,2,2,,,,,,,,Intel,PGA478,benchmark-spec-dataset
Intel Core2 Duo T6570 @ 2.10GHz,,,,Q1 2009,2.1 GHz,35.0,2,2,,,,,,,,Intel,PGA478,benchmark-spec-dataset
Intel Core2 Duo T6600 @ 2.20GHz,,,,Q1 2009,2.2 GHz,35.0,2,2,,,,,,,,Intel,PGA478,benchmark-spec-dataset
Intel Core2 Duo T6670 @ 2.20GHz,,,,Q3 2009,2.2 GHz,35.0,2,2,,,,,,,,Intel,PGA478,benchmark-spec-dataset
Intel Core2 Duo T7100 @ 1.80GHz,,,,Q1 2009,1.8 GHz,35.0,2,2,,,,,,,,Intel,BGA479,benchmark-spec-dataset
Intel Core2 Duo T7200 @ 2.00GHz,,,,Q4 2008,2.0 GHz,34.0,2,2,,,,,,,,Intel,PBGA479. PPGA478,benchmark-spec-dataset
Intel Core2 Duo T7250 @ 2.00GHz,,,,Q1 2009,2.0 GHz,35.0,2,2,,,,,,,,Intel,BGA479,benchmark-spec-dataset
Intel Core2 Duo T7300 @ 2.00GHz,,,,Q4 2008,2.0 GHz,35.0,2,2,,,,,,,,Intel,BGA479,benchmark-spec-dataset
Intel Core2 Duo T7400 @ 2.16GHz,,,,Q3 2010,2.2 GHz,34.0,2,2,,,,,,,,Intel,BGA479,benchmark-spec-dataset
Intel Core2 Duo T7500 @ 2.20GHz,,,,Q4 2008,2.2 GHz,35.0,2,2,,,,,,,,Intel,BGA479,benchmark-spec-dataset
Intel Core2 Duo T7600 @ 2.33GHz,,,,Q4 2008,2.3 GHz,34.0,2,2,,,,,,,,Intel,PBGA479. PPGA478,benchmark-spec-dataset
Intel Core2 Duo T7700 @ 2.40GHz,,,,Q4 2008,2.4 GHz,35.0,2,2,,,,,,,,Intel,BGA479,benchmark-spec-dataset
Intel Core2 Duo T7800 @ 2.60GHz,,,,Q1 2009,2.6 GHz,35.0,2,2,,,,,,,,Intel,BGA479,benchmark-spec-dataset
Intel Core2 Duo T8100 @ 2.10GHz,,,,Q4 2008,2.1 GHz,35.0,2,2,,,,,,,,Intel,BGA479,benchmark-spec-dataset
Intel Core2 Duo T8300 @ 2.40GHz,,,,Q4 2008,2.4 GHz,35.0,2,2,,,,,,,,Intel,BGA479,benchmark-spec-dataset
Intel Core2 Duo T9300 @ 2.50GHz,,,,Q4 2008,2.5 GHz,35.0,2,2,,,,,,,,Intel,BGA479,benchmark-spec-dataset
Intel Core2 Duo T9400 @ 2.53GHz,,,,Q1 2009,2.5 GHz,35.0,2,2,,,,,,,,Intel,BGA479,benchmark-spec-dataset
Intel Core2 Duo T9500 @ 2.60GHz,,,,Q1 2009,2.6 GHz,35.0,2,2,,,,,,,,Intel,BGA479,benchmark-spec-dataset
Intel Core2 Duo T9550 @ 2.66GHz,,,,Q1 2009,2.7 GHz,35.0,2,2,,,,,,,,Intel,BGA479,benchmark-spec-dataset
Intel Core2 Duo T9600 @ 2.80GHz,,,,Q1 2009,2.8 GHz,35.0,2,2,,,,,,,,Intel,BGA479,benchmark-spec-dataset
Intel Core2 Duo T9800 @ 2.93GHz,,,,Q1 2009,2.9 GHz,35.0,2,2,,,,,,,,Intel,BGA479,benchmark-spec-dataset
Intel Core2 Duo T9900 @ 3.06GHz,,,,Q3 2009,3.1 GHz,35.0,2,2,,,,,,,,Intel,BGA479.PGA478,benchmark-spec-dataset
Intel Core2 Duo U7300 @ 1.30GHz,,,,Q4 2009,1.3 GHz,10.0,2,2,,,,,,,,Intel,BGA956,benchmark-spec-dataset
Intel Core2 Duo U7500 @ 1.06GHz,,,,Q1 2009,1.1 GHz,10.0,2,2,,,,,,,,Intel,BGA479,benchmark-spec-dataset
Intel Core2 Duo U7600 @ 1.20GHz,,,,Q1 2009,1.2 GHz,10.0,2,2,,,,,,,,Intel,BGA479,benchmark-spec-dataset
Intel Core2 Duo U7700 @ 1.33GHz,,,,Q4 2008,1.3 GHz,10.0,2,2,,,,,,,,Intel,,benchmark-spec-dataset
Intel Core2 Duo U9300 @ 1.20GHz,,,,Q2 2009,1.2 GHz,10.0,2,2,,,,,,,,Intel,BGA956,benchmark-spec-dataset
Intel Core2 Duo U9600 @ 1.60GHz,,,,Q3 2009,1.6 GHz,10.0,2,2,,,,,,,,Intel,BGA956,benchmark-spec-dataset
Intel Core2 Extreme Q6800 @ 2.93GHz,,,,Q4 2008,2.9 GHz,75.0,4,4,,,,,,,,Intel,LGA775,benchmark-spec-dataset
Intel Core2 Extreme Q6850 @ 3.00GHz,,,,Q4 2008,3.0 GHz,130.0,4,4,,,,,,,,Intel,LGA775,benchmark-spec-dataset
Intel Core2 Extreme Q9300 @ 2.53GHz,,,,Q4 2008,2.5 GHz,45.0,4,4,,,,,,,,Intel,PGA478,benchmark-spec-dataset
Intel Core2 Extreme X6800 @ 2.93GHz,,,,Q4 2008,2.9 GHz,75.0,2,2,,,,,,,,Intel,PLGA775,benchmark-spec-dataset
Intel Core2 Extreme X7800 @ 2.60GHz,,,,Q2 2009,2.6 GHz,44.0,2,2,,,,,,,,Intel,PGA478,benchmark-spec-dataset
Intel Core2 Extreme X7900 @ 2.80GHz,,,,Q1 2009,2.8 GHz,44.0,2,2,,,,,,,,Intel,PGA478,benchmark-spec-dataset
Intel Core2 Extreme X9000 @ 2.80GHz,,,,Q1 2009,2.8 GHz,44.0,2,2,,,,,,,,Intel,PGA478,benchmark-spec-dataset
Intel Core2 Extreme X9100 @ 3.06GHz,,,,Q4 2008,3.1 GHz,44.0,2,2,,,,,,,,Intel,PGA478,benchmark-spec-dataset
Intel Core2 Extreme X9650 @ 3.00GHz,,,,Q4 2008,3.0 GHz,130.0,4,4,,,,,,,,Intel,LGA775,benchmark-spec-dataset
Intel Core2 Extreme X9770 @ 3.20GHz,,,,Q4 2008,3.2 GHz,136.0,4,4,,,,,,,,Intel,LGA775,benchmark-spec-dataset
Intel Core2 Extreme X9775 @ 3.20GHz,,,,Q1 2009,3.2 GHz,150.0,4,4,,,,,,,,Intel,LGA771,benchmark-spec-dataset
Intel Core2 Quad Q6600 @ 2.40GHz,,,,Q4 2008,2.4 GHz,105.0,4,4,,,,,,,,Intel,LGA775,benchmark-spec-dataset
Intel Core2 Quad Q6700 @ 2.66GHz,,,,Q4 2008,2.7 GHz,105.0,4,4,,,,,,,,Intel,LGA775,benchmark-spec-dataset
Intel Core2 Quad Q8200 @ 2.33GHz,,,,Q4 2008,2.3 GHz,95.0,4,4,,,,,,,,Intel,LGA775,benchmark-spec-dataset
Intel Core2 Quad Q8300 @ 2.50GHz,,,,Q1 2009,2.5 GHz,95.0,4,4,,,,,,,,Intel,LGA775,benchmark-spec-dataset
Intel Core2 Quad Q8400 @ 2.66GHz,,,,Q2 2009,2.7 GHz,95.0,4,4,,,,,,,,Intel,LGA775,benchmark-spec-dataset
Intel Core2 Quad Q9000 @ 2.00GHz,,,,Q1 2009,2.0 GHz,45.0,4,4,,,,,,,,Intel,PGA478,benchmark-spec-dataset
Intel Core2 Quad Q9100 @ 2.26GHz,,,,Q2 2009,2.3 GHz,45.0,4,4,,,,,,,,Intel,PGA478,benchmark-spec-dataset
Intel Core2 Quad Q9300 @ 2.50GHz,,,,Q4 2008,2.5 GHz,95.0,4,4,,,,,,,,Intel,LGA775,benchmark-spec-dataset
Intel Core2 Quad Q9400 @ 2.66GHz,,,,Q4 2008,2.7 GHz,95.0,4,4,,,,,,,,Intel,LGA775,benchmark-spec-dataset
Intel Core2 Quad Q9450 @ 2.66GHz,,,,Q4 2008,2.7 GHz,95.0,4,4,,,,,,,,Intel,LGA775,benchmark-spec-dataset
Intel Core2 Quad Q9500 @ 2.83GHz,,,,Q2 2010,2.8 GHz,95.0,4,4,,,,,,,,Intel,LGA775,benchmark-spec-dataset
Intel Core2 Quad Q9505 @ 2.83GHz,,,,Q4 2009,2.8 GHz,95.0,4,4,,,,,,,,Intel,LGA775,benchmark-spec-dataset
Intel Core2 Quad Q9550 @ 2.83GHz,,,,Q4 2008,2.8 GHz,95.0,4,4,,,,,,,,Intel,LGA775,benchmark-spec-dataset
Intel Core2 Quad Q9650 @ 3.00GHz,,,,Q4 2008,3.0 GHz,95.0,4,4,,,,,,,,Intel,LGA775,benchmark-spec-dataset
Intel Core2 Solo U2100 @ 1.06GHz,,,,Q2 2009,1.1 GHz,5.5,1,1,,,,,,,,Intel,,benchmark-spec-dataset
Intel Core2 Solo U3500 @ 1.40GHz,,,,Q3 2009,1.4 GHz,5.5,1,1,,,,,,,,Intel,BGA956,benchmark-spec-dataset
Intel N100,,,,Q1 2023,,6.0,4,4,,,,,,,,Intel,,benchmark-spec-dataset
Intel N200,,,,Q1 2023,,6.0,4,4,,,,,,,,Intel,FCBGA1264,benchmark-spec-dataset
Intel N95,,,,Q1 2023,,15.0,4,4,,,,,,,,Intel,,benchmark-spec-dataset
Intel N97,,,,Q2 2023,,12.0,4,4,,,,,,,,Intel,FCBGA1264,benchmark-spec-dataset
Intel Pentium 1403 @ 2.60GHz,,,,Q2 2013,2.6 GHz,80.0,2,2,,,,,,,,Intel,LGA1356,benchmark-spec-dataset
Intel Pentium 1403 v2 @ 2.60GHz,,,,Q3 2018,2.6 GHz,80.0,2,2,,,,,,,,Intel,,benchmark-spec-dataset
Intel Pentium 2020M @ 2.40GHz,,,,Q1 2013,2.4 GHz,35.0,2,2,,,,,,,,Intel,FCPGA988,benchmark-spec-dataset
Intel Pentium 2030M @ 2.50GHz,,,,Q4 2013,2.5 GHz,35.0,2,2,,,,,,,,Intel,FCPGA988,benchmark-spec-dataset
Intel Pentium 2117U @ 1.80GHz,,,,Q1 2013,1.8 GHz,17.0,2,2,,,,,,,,Intel,FCBGA1023,benchmark-spec-dataset
Intel Pentium 2127U @ 1.90GHz,,,,Q3 2013,1.9 GHz,17.0,2,2,,,,,,,,Intel,FCBGA1023,benchmark-spec-dataset
Intel Pentium 2129Y @ 1.10GHz,,,,Q1 2014,1.1 GHz,10.0,2,2,,,,,,,,Intel,FCBGA1023,benchmark-spec-dataset
Intel Pentium 3550M @ 2.30GHz,,,,Q1 2014,2.3 GHz,37.0,2,2,,,,,,,,Intel,FCPGA946,benchmark-spec-dataset
Intel Pentium 3556U @ 1.70GHz,,,,Q4 2013,1.7 GHz,15.0,2,2,,,,,,,,Intel,BGA1168,benchmark-spec-dataset
Intel Pentium 3558U @ 1.70GHz,,,,Q3 2014,1.7 GHz,15.0,2,2,,,,,,,,Intel,FCBGA1168,benchmark-spec-dataset
Intel Pentium 3560M @ 2.40GHz,,,,Q1 2015,2.4 GHz,37.0,2,2,,,,,,,,Intel,FCPGA946,benchmark-spec-dataset
Intel Pentium 3560Y @ 1.20GHz,,,,Q4 2013,1.2 GHz,11.5,2,2,,,,,,,,Intel,BGA1168,benchmark-spec-dataset
Intel Pentium 3805U @ 1.90GHz,,,,Q1 2015,1.9 GHz,15.0,2,2,,,,,,,,Intel,FCBGA1168,benchmark-spec-dataset
Intel Pentium 3825U @ 1.90GHz,,,,Q3 2015,1.9 GHz,15.0,2,4,,,,,,,,Intel,FCBGA1168,benchmark-spec-dataset
Intel Pentium 4 1.50GHz,,,,Q1 2009,1.5 GHz,57.8,1,1,,,,,,,,Intel,PGA423,benchmark-spec-dataset
Intel Pentium 4 1.60GHz,,,,Q1 2009,1.6 GHz,38.0,1,1,,,,,,,,Intel,PGA478,benchmark-spec-dataset
Intel Pentium 4 1.70GHz,,,,Q1 2009,1.7 GHz,64.0,1,1,,,,,,,,Intel,PGA423,benchmark-spec-dataset
Intel Pentium 4 1.80GHz,,,,Q4 2008,1.8 GHz,68.1,1,1,,,,,,,,Intel,PGA478,benchmark-spec-dataset
Intel Pentium 4 1.90GHz,,,,Q1 2009,1.9 GHz,69.2,1,1,,,,,,,,Intel,PGA423,benchmark-spec-dataset
Intel Pentium 4 1300MHz,,,,Q1 2009,1.3 GHz,51.6,1,1,,,,,,,,Intel,PGA423,benchmark-spec-dataset
Intel Pentium 4 1400MHz,,,,Q1 2009,1.4 GHz,54.7,1,1,,,,,,,,Intel,PGA423,benchmark-spec-dataset
Intel Pentium 4 1500MHz,,,,Q1 2009,1.5 GHz,57.8,1,1,,,,,,,,Intel,PGA423,benchmark-spec-dataset
Intel Pentium 4 1700MHz,,,,Q1 2009,1.7 GHz,64.0,1,1,,,,,,,,Intel,PGA423,benchmark-spec-dataset
Intel Pentium 4 1800MHz,,,,Q1 2009,1.8 GHz,68.1,1,1,,,,,,,,Intel,PGA478,benchmark-spec-dataset
Intel Pentium 4 2.00GHz,,,,Q1 2009,2.0 GHz,54.3,1,1,,,,,,,,Intel,PGA478,benchmark-spec-dataset
Intel Pentium 4 2.20GHz,,,,Q1 2009,2.2 GHz,57.1,1,1,,,,,,,,Intel,PGA478,benchmark-spec-dataset
Intel Pentium 4 2.26GHz,,,,Q1 2009,2.3 GHz,58.0,1,1,,,,,,,,Intel,PGA478,benchmark-spec-dataset
Intel Pentium 4 2.40GHz,,,,Q4 2008,2.4 GHz,59.8,1,1,,,,,,,,Intel,PGA478,benchmark-spec-dataset
Intel Pentium 4 2.50GHz,,,,Q1 2009,2.5 GHz,61.0,1,1,,,,,,,,Intel,PGA478,benchmark-spec-dataset
Intel Pentium 4 2.53GHz,,,,Q1 2009,2.5 GHz,61.5,1,1,,,,,,,,Intel,PGA478,benchmark-spec-dataset
Intel Pentium 4 2.60GHz,,,,Q4 2008,2.6 GHz,69.0,1,2,,,,,,,,Intel,PGA478,benchmark-spec-dataset
Intel Pentium 4 2.66GHz,,,,Q1 2009,2.7 GHz,66.1,1,1,,,,,,,,Intel,PGA478,benchmark-spec-dataset
Intel Pentium 4 2.80GHz,,,,Q4 2008,2.8 GHz,69.7,1,2,,,,,,,,Intel,PGA478,benchmark-spec-dataset
Intel Pentium 4 3.00GHz,,,,Q4 2008,3.0 GHz,81.9,1,2,,,,,,,,Intel,PGA478,benchmark-spec-dataset
Intel Pentium 4 3.06GHz,,,,Q1 2009,3.1 GHz,81.8,1,2,,,,,,,,Intel,PGA478,benchmark-spec-dataset
Intel Pentium 4 3.20GHz,,,,Q4 2008,3.2 GHz,82.0,1,2,,,,,,,,Intel,PGA478,benchmark-spec-dataset
Intel Pentium 4 3.40GHz,,,,Q4 2008,3.4 GHz,89.0,1,2,,,,,,,,Intel,PGA478,benchmark-spec-dataset
Intel Pentium 4 3.46GHz,,,,Q1 2009,3.5 GHz,110.7,1,2,,,,,,,,Intel,,benchmark-spec-dataset
Intel Pentium 4 3.60GHz,,,,Q4 2008,3.6 GHz,115.0,1,2,,,,,,,,Intel,,benchmark-spec-dataset
Intel Pentium 4 3.73GHz,,,,Q1 2009,3.7 GHz,115.0,1,2,,,,,,,,Intel,,benchmark-spec-dataset
Intel Pentium 4 3.80GHz,,,,Q4 2008,3.8 GHz,65.0,1,2,,,,,,,,Intel,,benchmark-spec-dataset
Intel Pentium 4405U @ 2.10GHz,,,,Q4 2015,2.1 GHz,15.0,2,4,,,,,,,,Intel,FCBGA1356,benchmark-spec-dataset
Intel Pentium 4405Y @ 1.50GHz,,,,Q2 2016,1.5 GHz,6.0,2,4,,,,,,,,Intel,FCBGA1515,benchmark-spec-dataset
Intel Pentium 4410Y @ 1.50GHz,,,,Q4 2017,1.5 GHz,6.0,2,4,,,,,,,,Intel,FCBGA1515,benchmark-spec-dataset
Intel Pentium 4415U @ 2.30GHz,,,,Q1 2017,2.3 GHz,15.0,2,4,,,,,,,,Intel,BGA1356,benchmark-spec-dataset
Intel Pentium 4415Y @ 1.60GHz,,,,Q3 2018,1.6 GHz,6.0,2,4,,,,,,,,Intel,FCBGA1515,benchmark-spec-dataset
Intel Pentium 4417U @ 2.30GHz,,,,Q1 2019,2.3 GHz,15.0,2,4,,,,,,,,Intel,FCBGA1356,benchmark-spec-dataset
Intel Pentium 4425Y @ 1.70GHz,,,,Q3 2020,1.7 GHz,6.0,2,4,,,,,,,,Intel,FCBGA1515,benchmark-spec-dataset
Intel Pentium 5405U @ 2.30GHz,,,,Q2 2019,2.3 GHz,15.0,2,4,,,,,,,,Intel,FCBGA1528,benchmark-spec-dataset
Intel Pentium 6405U @ 2.40GHz,,,,Q2 2020,2.4 GHz,15.0,2,4,,,,,,,,Intel,FCBGA1528,benchmark-spec-dataset
Intel Pentium 6805 @ 1.10GHz,,,,Q3 2021,1.1 GHz,15.0,2,4,,,,,,,,Intel,FCBGA1526,benchmark-spec-dataset
Intel Pentium 957 @ 1.20GHz,,,,Q3 2011,1.2 GHz,17.0,2,2,,,,,,,,Intel,FCBGA1023,benchmark-spec-dataset
Intel Pentium 967 @ 1.30GHz,,,,Q1 2012,1.3 GHz,17.0,2,2,,,,,,,,Intel,FCBGA1023,benchmark-spec-dataset
Intel Pentium 987 @ 1.50GHz,,,,Q3 2012,1.5 GHz,17.0,2,2,,,,,,,,Intel,FCBGA1023,benchmark-spec-dataset
Intel Pentium 997 @ 1.60GHz,,,,Q4 2012,1.6 GHz,17.0,2,2,,,,,,,,Intel,BGA-1023,benchmark-spec-dataset
Intel Pentium A1018 @ 2.10GHz,,,,Q3 2014,2.1 GHz,35.0,2,2,,,,,,,,Intel,FCPGA988,benchmark-spec-dataset
Intel Pentium A1020 @ 2.41GHz,,,,Q1 2020,2.4 GHz,10.0,4,4,,,,,,,,Intel,FCBGA1170,benchmark-spec-dataset
Intel Pentium B940 @ 2.00GHz,,,,Q2 2011,2.0 GHz,35.0,2,2,,,,,,,,Intel,PGA988,benchmark-spec-dataset
Intel Pentium B950 @ 2.10GHz,,,,Q2 2011,2.1 GHz,35.0,2,2,,,,,,,,Intel,PGA988,benchmark-spec-dataset
Intel Pentium B960 @ 2.20GHz,,,,Q1 2012,2.2 GHz,35.0,2,2,,,,,,,,Intel,PGA988,benchmark-spec-dataset
Intel Pentium B970 @ 2.30GHz,,,,Q3 2012,2.3 GHz,35.0,2,2,,,,,,,,Intel,PGA988,benchmark-spec-dataset
Intel Pentium B980 @ 2.40GHz,,,,Q4 2012,2.4 GHz,35.0,2,2,,,,,,,,Intel,FCPGA988,benchmark-spec-dataset
Intel Pentium D 805 @ 2.66GHz,,,,Q4 2008,2.7 GHz,95.0,2,2,,,,,,,,Intel,PLGA775,benchmark-spec-dataset
Intel Pentium D 830 @ 3.00GHz,,,,Q4 2008,3.0 GHz,95.0,2,2,,,,,,,,Intel,PLGA775,benchmark-spec-dataset
Intel Pentium D 915 @ 2.80GHz,,,,Q4 2008,2.8 GHz,95.0,2,2,,,,,,,,Intel,PLGA775,benchmark-spec-dataset
Intel Pentium D 940 @ 3.20GHz,,,,Q4 2008,3.2 GHz,130.0,2,2,,,,,,,,Intel,PLGA775,benchmark-spec-dataset
Intel Pentium D 950 @ 3.40GHz,,,,Q4 2008,3.4 GHz,130.0,2,2,,,,,,,,Intel,PLGA775,benchmark-spec-dataset
Intel Pentium D 960 @ 3.60GHz,,,,Q2 2009,3.6 GHz,130.0,2,2,,,,,,,,Intel,PLGA775,benchmark-spec-dataset
Intel Pentium D1508 @ 2.20GHz,,,,Q4 2017,2.2 GHz,25.0,2,4,,,,,,,,Intel,FCBGA1667,benchmark-spec-dataset
Intel Pentium Dual T2390 @ 1.86GHz,,,,Q3 2022,1.9 GHz,35.0,2,2,,,,,,,,Intel,PPGA478,benchmark-spec-dataset
Intel Pentium E2140 @ 1.60GHz,,,,Q4 2008,1.6 GHz,65.0,2,2,,,,,,,,Intel,LGA775. PLGA775,benchmark-spec-dataset
Intel Pentium E2160 @ 1.80GHz,,,,Q4 2008,1.8 GHz,65.0,2,2,,,,,,,,Intel,LGA775,benchmark-spec-dataset
Intel Pentium E2180 @ 2.00GHz,,,,Q4 2008,2.0 GHz,65.0,2,2,,,,,,,,Intel,LGA775,benchmark-spec-dataset
Intel Pentium E2200 @ 2.20GHz,,,,Q1 2009,2.2 GHz,65.0,2,2,,,,,,,,Intel,LGA775,benchmark-spec-dataset
Intel Pentium E2210 @ 2.20GHz,,,,Q3 2009,2.2 GHz,65.0,2,2,,,,,,,,Intel,LGA775,benchmark-spec-dataset
Intel Pentium E2220 @ 2.40GHz,,,,Q1 2009,2.4 GHz,65.0,2,2,,,,,,,,Intel,LGA775,benchmark-spec-dataset
Intel Pentium E5200 @ 2.50GHz,,,,Q2 2009,2.5 GHz,65.0,2,2,,,,,,,,Intel,LGA775,benchmark-spec-dataset
Intel Pentium E5300 @ 2.60GHz,,,,Q2 2009,2.6 GHz,65.0,2,2,,,,,,,,Intel,LGA775,benchmark-spec-dataset
Intel Pentium E5400 @ 2.70GHz,,,,Q2 2009,2.7 GHz,65.0,2,2,,,,,,,,Intel,LGA775,benchmark-spec-dataset
Intel Pentium E5500 @ 2.80GHz,,,,Q2 2010,2.8 GHz,65.0,2,2,,,,,,,,Intel,LGA775,benchmark-spec-dataset
Intel Pentium E5700 @ 3.00GHz,,,,Q3 2010,3.0 GHz,65.0,2,2,,,,,,,,Intel,LGA775,benchmark-spec-dataset
Intel Pentium E5800 @ 3.20GHz,,,,Q1 2012,3.2 GHz,65.0,2,2,,,,,,,,Intel,LGA775,benchmark-spec-dataset
Intel Pentium E6300 @ 2.80GHz,,,,Q2 2009,2.8 GHz,65.0,2,2,,,,,,,,Intel,LGA775,benchmark-spec-dataset
Intel Pentium E6500 @ 2.93GHz,,,,Q4 2009,2.9 GHz,65.0,2,2,,,,,,,,Intel,LGA775,benchmark-spec-dataset
Intel Pentium E6600 @ 3.06GHz,,,,Q4 2010,3.1 GHz,65.0,2,2,,,,,,,,Intel,LGA775,benchmark-spec-dataset
Intel Pentium E6700 @ 3.20GHz,,,,Q3 2010,3.2 GHz,65.0,2,2,,,,,,,,Intel,LGA775,benchmark-spec-dataset
Intel Pentium E6800 @ 3.33GHz,,,,Q4 2010,3.3 GHz,65.0,2,2,,,,,,,,Intel,LGA775,benchmark-spec-dataset
Intel Pentium Extreme Edition 955 @ 3.46GHz,,,,Q2 2009,3.5 GHz,130.0,2,4,,,,,,,,Intel,PLGA775,benchmark-spec-dataset
Intel Pentium Extreme Edition 965 @ 3.73GHz,,,,Q1 2009,3.7 GHz,130.0,2,4,,,,,,,,Intel,PLGA775,benchmark-spec-dataset
Intel Pentium G2010 @ 2.80GHz,,,,Q1 2013,2.8 GHz,55.0,2,2,,,,,,,,Intel,FCLGA1155,benchmark-spec-dataset
Intel Pentium G2020 @ 2.90GHz,,,,Q1 2013,2.9 GHz,55.0,2,2,,,,,,,,Intel,FCLGA1155,benchmark-spec-dataset
Intel Pentium G2020T @ 2.50GHz,,,,Q1 2013,2.5 GHz,35.0,2,2,,,,,,,,Intel,FCLGA1155,benchmark-spec-dataset
Intel Pentium G2030 @ 3.00GHz,,,,Q3 2013,3.0 GHz,55.0,2,2,,,,,,,,Intel,FCLGA1155,benchmark-spec-dataset
Intel Pentium G2030T @ 2.60GHz,,,,Q1 2014,2.6 GHz,35.0,2,2,,,,,,,,Intel,LGA1155,benchmark-spec-dataset
Intel Pentium G2100T @ 2.60GHz,,,,Q2 2016,2.6 GHz,35.0,2,2,,,,,,,,Intel,LGA1155,benchmark-spec-dataset
Intel Pentium G2120 @ 3.10GHz,,,,Q4 2012,3.1 GHz,55.0,2,2,,,,,,,,Intel,FCLGA1155,benchmark-spec-dataset
Intel Pentium G2120T @ 2.70GHz,,,,Q1 2020,2.7 GHz,35.0,2,2,,,,,,,,Intel,FCLGA1155,benchmark-spec-dataset
Intel Pentium G2130 @ 3.20GHz,,,,Q1 2013,3.2 GHz,55.0,2,2,,,,,,,,Intel,FCLGA1155,benchmark-spec-dataset
Intel Pentium G2140 @ 3.30GHz,,,,Q1 2014,3.3 GHz,55.0,2,2,,,,,,,,Intel,LGA1155,benchmark-spec-dataset
Intel Pentium G3220 @ 3.00GHz,,,,Q3 2013,3.0 GHz,54.0,2,2,,,,,,,,Intel,FCLGA1150,benchmark-spec-dataset
Intel Pentium G3220T @ 2.60GHz,,,,Q1 2014,2.6 GHz,35.0,2,2,,,,,,,,Intel,LGA1150,benchmark-spec-dataset
Intel Pentium G3240 @ 3.10GHz,,,,Q2 2014,3.1 GHz,53.0,2,2,,,,,,,,Intel,FCLGA1150,benchmark-spec-dataset
Intel Pentium G3240T @ 2.70GHz,,,,Q3 2014,2.7 GHz,35.0,2,2,,,,,,,,Intel,LGA1150,benchmark-spec-dataset
Intel Pentium G3250 @ 3.20GHz,,,,Q3 2014,3.2 GHz,53.0,2,2,,,,,,,,Intel,LGA1150,benchmark-spec-dataset
Intel Pentium G3250T @ 2.80GHz,,,,Q1 2015,2.8 GHz,35.0,2,2,,,,,,,,Intel,LGA1150,benchmark-spec-dataset
Intel Pentium G3258 @ 3.20GHz,,,,Q2 2014,3.2 GHz,53.0,2,2,,,,,,,,Intel,FCLGA1150,benchmark-spec-dataset
Intel Pentium G3260 @ 3.30GHz,,,,Q2 2015,3.3 GHz,53.0,2,2,,,,,,,,Intel,LGA1150,benchmark-spec-dataset
Intel Pentium G3260T @ 2.90GHz,,,,Q3 2015,2.9 GHz,35.0,2,2,,,,,,,,Intel,LGA1150,benchmark-spec-dataset
Intel Pentium G3320TE @ 2.30GHz,,,,Q1 2014,2.3 GHz,35.0,2,2,,,,,,,,Intel,FCLGA1150,benchmark-spec-dataset
Intel Pentium G3420 @ 3.20GHz,,,,Q3 2013,3.2 GHz,54.0,2,2,,,,,,,,Intel,FCLGA1150,benchmark-spec-dataset
Intel Pentium G3420T @ 2.70GHz,,,,Q3 2014,2.7 GHz,35.0,2,2,,,,,,,,Intel,LGA1150,benchmark-spec-dataset
Intel Pentium G3430 @ 3.30GHz,,,,Q4 2013,3.3 GHz,54.0,2,2,,,,,,,,Intel,FCLGA1150,benchmark-spec-dataset
Intel Pentium G3440 @ 3.30GHz,,,,Q3 2014,3.3 GHz,53.0,2,2,,,,,,,,Intel,LGA1150,benchmark-spec-dataset
Intel Pentium G3440T @ 2.80GHz,,,,Q4 2014,2.8 GHz,35.0,2,2,,,,,,,,Intel,LGA1150,benchmark-spec-dataset
Intel Pentium G3450 @ 3.40GHz,,,,Q3 2014,3.4 GHz,53.0,2,2,,,,,,,,Intel,FCLGA1150,benchmark-spec-dataset
Intel Pentium G3450T @ 2.90GHz,,,,Q4 2015,2.9 GHz,35.0,2,2,,,,,,,,Intel,LGA1150,benchmark-spec-dataset
Intel Pentium G3460 @ 3.50GHz,,,,Q3 2014,3.5 GHz,53.0,2,2,,,,,,,,Intel,LGA1150,benchmark-spec-dataset
Intel Pentium G3470 @ 3.60GHz,,,,Q2 2015,3.6 GHz,53.0,2,2,,,,,,,,Intel,LGA1150,benchmark-spec-dataset
Intel Pentium G4400 @ 3.30GHz,,,,Q4 2015,3.3 GHz,54.0,2,2,,,,,,,,Intel,FCLGA1151,benchmark-spec-dataset
Intel Pentium G4400T @ 2.90GHz,,,,Q4 2015,2.9 GHz,35.0,2,2,,,,,,,,Intel,FCLGA1151,benchmark-spec-dataset
Intel Pentium G4400TE @ 2.40GHz,,,,Q2 2018,2.4 GHz,35.0,2,2,,,,,,,,Intel,FCLGA1151,benchmark-spec-dataset
Intel Pentium G4500 @ 3.50GHz,,,,Q4 2015,3.5 GHz,51.0,2,2,,,,,,,,Intel,FCLGA1151,benchmark-spec-dataset
Intel Pentium G4500T @ 3.00GHz,,,,Q1 2016,3.0 GHz,35.0,2,2,,,,,,,,Intel,FCLGA1151,benchmark-spec-dataset
Intel Pentium G4520 @ 3.60GHz,,,,Q4 2015,3.6 GHz,51.0,2,2,,,,,,,,Intel,FCLGA1151,benchmark-spec-dataset
Intel Pentium G4560 @ 3.50GHz,,,,Q1 2017,3.5 GHz,54.0,2,4,,,,,,,,Intel,FCLGA1151,benchmark-spec-dataset
Intel Pentium G4560T @ 2.90GHz,,,,Q1 2017,2.9 GHz,35.0,2,4,,,,,,,,Intel,FCLGA1151,benchmark-spec-dataset
Intel Pentium G4600 @ 3.60GHz,,,,Q1 2017,3.6 GHz,51.0,2,4,,,,,,,,Intel,FCLGA1151,benchmark-spec-dataset
Intel Pentium G4600T @ 3.00GHz,,,,Q2 2017,3.0 GHz,35.0,2,4,,,,,,,,Intel,FCLGA1151,benchmark-spec-dataset
Intel Pentium G4620 @ 3.70GHz,,,,Q1 2017,3.7 GHz,51.0,2,4,,,,,,,,Intel,FCLGA1151,benchmark-spec-dataset
Intel Pentium G620 @ 2.60GHz,,,,Q2 2011,2.6 GHz,65.0,2,2,,,,,,,,Intel,LGA1155,benchmark-spec-dataset
Intel Pentium G620T @ 2.20GHz,,,,Q3 2011,2.2 GHz,35.0,2,2,,,,,,,,Intel,LGA1155,benchmark-spec-dataset
Intel Pentium G630 @ 2.70GHz,,,,Q4 2011,2.7 GHz,65.0,2,2,,,,,,,,Intel,LGA1155,benchmark-spec-dataset
Intel Pentium G630T @ 2.30GHz,,,,Q4 2011,2.3 GHz,35.0,2,2,,,,,,,,Intel,LGA1155,benchmark-spec-dataset
Intel Pentium G640 @ 2.80GHz,,,,Q3 2012,2.8 GHz,65.0,2,2,,,,,,,,Intel,LGA1155,benchmark-spec-dataset
Intel Pentium G640T @ 2.40GHz,,,,Q1 2012,2.4 GHz,35.0,2,2,,,,,,,,Intel,LGA1155,benchmark-spec-dataset
Intel Pentium G645 @ 2.90GHz,,,,Q1 2012,2.9 GHz,65.0,2,2,,,,,,,,Intel,LGA1155,benchmark-spec-dataset
Intel Pentium G645T @ 2.50GHz,,,,Q1 2012,2.5 GHz,35.0,2,2,,,,,,,,Intel,LGA1155,benchmark-spec-dataset
Intel Pentium G6950 @ 2.80GHz,,,,Q1 2010,2.8 GHz,73.0,2,2,,,,,,,,Intel,LGA1156,benchmark-spec-dataset
Intel Pentium G6951 @ 2.80GHz,,,,Q1 2011,2.8 GHz,73.0,2,2,,,,,,,,Intel,LGA1156,benchmark-spec-dataset
Intel Pentium G6960 @ 2.93GHz,,,,Q1 2011,2.9 GHz,73.0,2,2,,,,,,,,Intel,LGA1156,benchmark-spec-dataset
Intel Pentium G840 @ 2.80GHz,,,,Q2 2011,2.8 GHz,65.0,2,2,,,,,,,,Intel,FCLGA1155,benchmark-spec-dataset
Intel Pentium G850 @ 2.90GHz,,,,Q2 2011,2.9 GHz,65.0,2,2,,,,,,,,Intel,FCLGA1155,benchmark-spec-dataset
Intel Pentium G860 @ 3.00GHz,,,,Q4 2011,3.0 GHz,65.0,2,2,,,,,,,,Intel,FCLGA1155,benchmark-spec-dataset
Intel Pentium G870 @ 3.10GHz,,,,Q3 2012,3.1 GHz,65.0,2,2,,,,,,,,Intel,FCLGA1155,benchmark-spec-dataset
Intel Pentium GOLD 6500Y @ 1.10GHz,,,,Q4 2021,1.1 GHz,5.0,2,4,,,,,,,,Intel,,benchmark-spec-dataset
Intel Pentium Gold 7505 @ 2.00GHz,,,,Q1 2021,2.0 GHz,15.0,2,4,,,,,,,,Intel,FCBGA1449,benchmark-spec-dataset
Intel Pentium Gold 8505,,,,Q1 2022,,15.0,,,,,,,,,,Intel,BGA1700,benchmark-spec-dataset
Intel Pentium Gold G5400 @ 3.70GHz,,,,Q2 2018,3.7 GHz,54.0,2,4,,,,,,,,Intel,FCLGA1151-2,benchmark-spec-dataset
Intel Pentium Gold G5400T @ 3.10GHz,,,,Q4 2018,3.1 GHz,35.0,2,4,,,,,,,,Intel,FCLGA1151-2,benchmark-spec-dataset
Intel Pentium Gold G5420 @ 3.80GHz,,,,Q2 2019,3.8 GHz,54.0,2,4,,,,,,,,Intel,FCLGA1151-2,benchmark-spec-dataset
Intel Pentium Gold G5420T @ 3.20GHz,,,,Q4 2019,3.2 GHz,35.0,2,4,,,,,,,,Intel,FCLGA1151-2,benchmark-spec-dataset
Intel Pentium Gold G5500 @ 3.80GHz,,,,Q2 2018,3.8 GHz,54.0,2,4,,,,,,,,Intel,FCLGA1151-2,benchmark-spec-dataset
Intel Pentium Gold G5500T @ 3.20GHz,,,,Q2 2018,3.2 GHz,35.0,2,4,,,,,,,,Intel,FCLGA1151-2,benchmark-spec-dataset
Intel Pentium Gold G5600 @ 3.90GHz,,,,Q2 2018,3.9 GHz,54.0,2,4,,,,,,,,Intel,FCLGA1151-2,benchmark-spec-dataset
Intel Pentium Gold G5600F @ 3.90GHz,,,,Q4 2019,3.9 GHz,54.0,2,4,,,,,,,,Intel,FCLGA1151-2,benchmark-spec-dataset
Intel Pentium Gold G5600T @ 3.30GHz,,,,Q1 2022,3.3 GHz,35.0,2,4,,,,,,,,Intel,FCLGA1151,benchmark-spec-dataset
Intel Pentium Gold G5620 @ 4.00GHz,,,,Q4 2019,4.0 GHz,54.0,2,4,,,,,,,,Intel,FCLGA1151-2,benchmark-spec-dataset
Intel Pentium Gold G6400 @ 4.00GHz,,,,Q3 2020,4.0 GHz,58.0,2,4,,,,,,,,Intel,FCLGA1200,benchmark-spec-dataset
Intel Pentium Gold G6400T @ 3.40GHz,,,,Q2 2021,3.4 GHz,35.0,2,4,,,,,,,,Intel,FCLGA1200,benchmark-spec-dataset
Intel Pentium Gold G6405 @ 4.10GHz,,,,Q2 2021,4.1 GHz,58.0,2,4,,,,,,,,Intel,FCLGA1200,benchmark-spec-dataset
Intel Pentium Gold G6405T @ 3.50GHz,,,,Q2 2021,3.5 GHz,35.0,2,4,,,,,,,,Intel,FCLGA1200,benchmark-spec-dataset
Intel Pentium Gold G6500 @ 4.10GHz,,,,Q4 2020,4.1 GHz,58.0,2,4,,,,,,,,Intel,FCLGA1200,benchmark-spec-dataset
Intel Pentium Gold G6500T @ 3.50GHz,,,,Q1 2021,3.5 GHz,35.0,2,4,,,,,,,,Intel,FCLGA1200,benchmark-spec-dataset
Intel Pentium Gold G6505 @ 4.20GHz,,,,Q3 2021,4.2 GHz,58.0,2,4,,,,,,,,Intel,FCLGA1200,benchmark-spec-dataset
Intel Pentium Gold G6505T @ 3.60GHz,,,,Q4 2022,3.6 GHz,35.0,2,4,,,,,,,,Intel,FCLGA1200,benchmark-spec-dataset
Intel Pentium Gold G6600 @ 4.20GHz,,,,Q1 2021,4.2 GHz,58.0,2,4,,,,,,,,Intel,FCLGA1200,benchmark-spec-dataset
Intel Pentium Gold G6605 @ 4.30GHz,,,,Q3 2021,4.3 GHz,58.0,2,4,,,,,,,,Intel,FCLGA1200,benchmark-spec-dataset
Intel Pentium III 1400 @ 1400MHz,,,,Q3 2009,1.4 GHz,31.2,1,1,,,,,,,,Intel,Socket 370,benchmark-spec-dataset
Intel Pentium III 1400S @ 1400MHz,,,,Q3 2009,1.4 GHz,32.2,1,1,,,,,,,,Intel,Socket 370,benchmark-spec-dataset
Intel Pentium J2850 @ 2.41GHz,,,,Q2 2014,2.4 GHz,10.0,4,4,,,,,,,,Intel,FCBGA1170,benchmark-spec-dataset
Intel Pentium J2900 @ 2.41GHz,,,,Q1 2014,2.4 GHz,10.0,4,4,,,,,,,,Intel,FCBGA1170,benchmark-spec-dataset
Intel Pentium J3710 @ 1.60GHz,,,,Q2 2016,1.6 GHz,6.5,4,4,,,,,,,,Intel,,benchmark-spec-dataset
Intel Pentium J4205 @ 1.50GHz,,,,Q4 2016,1.5 GHz,10.0,4,4,,,,,,,,Intel,FCBGA1296,benchmark-spec-dataset
Intel Pentium J6426 @ 2.00GHz,,,,Q1 2022,2.0 GHz,10.0,4,4,,,,,,,,Intel,FCBGA1493,benchmark-spec-dataset
Intel Pentium M 1.30GHz,,,,Q1 2009,1.3 GHz,22.0,1,1,,,,,,,,Intel,H-PBGA479. PPG,benchmark-spec-dataset
Intel Pentium M 1.40GHz,,,,Q4 2008,1.4 GHz,22.0,1,1,,,,,,,,Intel,H-PBGA479. PPG,benchmark-spec-dataset
Intel Pentium M 1.50GHz,,,,Q1 2009,1.5 GHz,24.5,1,1,,,,,,,,Intel,H-PBGA479. PPG,benchmark-spec-dataset
Intel Pentium M 1.60GHz,,,,Q4 2008,1.6 GHz,24.5,1,1,,,,,,,,Intel,H-PBGA479. PPG,benchmark-spec-dataset
Intel Pentium M 1.70GHz,,,,Q4 2008,1.7 GHz,24.5,1,1,,,,,,,,Intel,H-PBGA479. PPG,benchmark-spec-dataset
Intel Pentium M 1.73GHz,,,,Q1 2009,1.7 GHz,27.0,1,1,,,,,,,,Intel,H-PBGA479. PPGA4,benchmark-spec-dataset
Intel Pentium M 1.80GHz,,,,Q4 2008,1.8 GHz,21.0,1,1,,,,,,,,Intel,H-PBGA479. PPGA4,benchmark-spec-dataset
Intel Pentium M 1.86GHz,,,,Q1 2009,1.9 GHz,27.0,1,1,,,,,,,,Intel,H-PBGA479. PPGA4,benchmark-spec-dataset
Intel Pentium M 1000MHz,,,,Q1 2009,1.0 GHz,7.0,1,1,,,,,,,,Intel,,benchmark-spec-dataset
Intel Pentium M 1200MHz,,,,Q2 2009,1.2 GHz,12.0,1,1,,,,,,,,Intel,,benchmark-spec-dataset
Intel Pentium M 1300MHz,,,,Q1 2009,1.3 GHz,22.0,1,1,,,,,,,,Intel,H-PBGA479. PPGA4,benchmark-spec-dataset
Intel Pentium M 1400MHz,,,,Q1 2009,1.4 GHz,22.0,1,1,,,,,,,,Intel,H-PBGA479. PPGA4,benchmark-spec-dataset
Intel Pentium M 1500MHz,,,,Q1 2009,1.5 GHz,24.5,1,1,,,,,,,,Intel,H-PBGA479. PPGA4,benchmark-spec-dataset
Intel Pentium M 1600MHz,,,,Q1 2009,1.6 GHz,24.5,1,1,,,,,,,,Intel,H-PBGA479. PPGA4,benchmark-spec-dataset
Intel Pentium M 1700MHz,,,,Q1 2009,1.7 GHz,24.5,1,1,,,,,,,,Intel,H-PBGA479. PPGA4,benchmark-spec-dataset
Intel Pentium M 2.00GHz,,,,Q1 2009,2.0 GHz,21.0,1,1,,,,,,,,Intel,H-PBGA479. PPGA4,benchmark-spec-dataset
Intel Pentium M 2.10GHz,,,,Q1 2009,2.1 GHz,21.0,1,1,,,,,,,,Intel,H-PBGA479. PPGA4,benchmark-spec-dataset
Intel Pentium M 2.13GHz,,,,Q1 2009,2.1 GHz,27.0,1,1,,,,,,,,Intel,H-PBGA479. PPGA4,benchmark-spec-dataset
Intel Pentium M 2.26GHz,,,,Q1 2009,2.3 GHz,27.0,1,1,,,,,,,,Intel,H-PBGA479. PPGA4,benchmark-spec-dataset
Intel Pentium M 900MHz,,,,Q2 2009,0.9 GHz,7.0,1,1,,,,,,,,Intel,,benchmark-spec-dataset
Intel Pentium N3510 @ 1.99GHz,,,,Q4 2013,2.0 GHz,7.5,4,4,,,,,,,,Intel,FCBGA1170,benchmark-spec-dataset
Intel Pentium N3520 @ 2.16GHz,,,,Q1 2014,2.2 GHz,7.5,4,4,,,,,,,,Intel,FCBGA1170,benchmark-spec-dataset
Intel Pentium N3530 @ 2.16GHz,,,,Q2 2014,2.2 GHz,7.5,4,4,,,,,,,,Intel,FCBGA1170,benchmark-spec-dataset
Intel Pentium N3540 @ 2.16GHz,,,,Q4 2014,2.2 GHz,7.5,4,4,,,,,,,,Intel,FCBGA1170,benchmark-spec-dataset
Intel Pentium N3700 @ 1.60GHz,,,,Q2 2015,1.6 GHz,6.0,4,4,,,,,,,,Intel,FCBGA1170,benchmark-spec-dataset
Intel Pentium N3710 @ 1.60GHz,,,,Q1 2016,1.6 GHz,6.0,4,4,,,,,,,,Intel,FCBGA1170,benchmark-spec-dataset
Intel Pentium N4200 @ 1.10GHz,,,,Q4 2016,1.1 GHz,6.0,4,4,,,,,,,,Intel,FCBGA1296,benchmark-spec-dataset
Intel Pentium N6415 @ 1.20GHz,,,,Q2 2021,1.2 GHz,6.5,4,4,,,,,,,,Intel,FCBGA1493,benchmark-spec-dataset
Intel Pentium P6000 @ 1.87GHz,,,,Q2 2010,1.9 GHz,35.0,2,2,,,,,,,,Intel,PGA988,benchmark-spec-dataset
Intel Pentium P6100 @ 2.00GHz,,,,Q3 2010,2.0 GHz,35.0,2,2,,,,,,,,Intel,PGA988,benchmark-spec-dataset
Intel Pentium P6200 @ 2.13GHz,,,,Q4 2010,2.1 GHz,35.0,2,2,,,,,,,,Intel,PGA988,benchmark-spec-dataset
Intel Pentium P6300 @ 2.27GHz,,,,Q2 2011,2.3 GHz,35.0,2,2,,,,,,,,Intel,PGA988,benchmark-spec-dataset
Intel Pentium Silver J5005 @ 1.50GHz,,,,Q4 2017,1.5 GHz,10.0,4,4,,,,,,,,Intel,FCBGA1090,benchmark-spec-dataset
Intel Pentium Silver J5040 @ 2.00GHz,,,,Q1 2020,2.0 GHz,10.0,4,4,,,,,,,,Intel,FCBGA1090,benchmark-spec-dataset
Intel Pentium Silver N5000 @ 1.10GHz,,,,Q1 2018,1.1 GHz,6.0,4,4,,,,,,,,Intel,FCBGA1090,benchmark-spec-dataset
Intel Pentium Silver N5020 @ 1.10GHz,,,,Q4 2021,1.1 GHz,6.0,4,4,,,,,,,,Intel,FCBGA1090,benchmark-spec-dataset
Intel Pentium Silver N5030 @ 1.10GHz,,,,Q1 2020,1.1 GHz,6.0,4,4,,,,,,,,Intel,FCBGA1090,benchmark-spec-dataset
Intel Pentium Silver N6000 @ 1.10GHz,,,,Q1 2021,1.1 GHz,6.0,4,4,,,,,,,,Intel,FCBGA1338,benchmark-spec-dataset
Intel Pentium Silver N6005 @ 2.00GHz,,,,Q4 2021,2.0 GHz,10.0,4,4,,,,,,,,Intel,FCBGA1338,benchmark-spec-dataset
Intel Pentium SU2700 @ 1.30GHz,,,,Q3 2009,1.3 GHz,10.0,1,1,,,,,,,,Intel,,benchmark-spec-dataset
Intel Pentium SU4100 @ 1.30GHz,,,,Q3 2009,1.3 GHz,10.0,2,2,,,,,,,,Intel,BGA956,benchmark-spec-dataset
Intel Pentium T2060 @ 1.60GHz,,,,Q4 2008,1.6 GHz,31.0,2,2,,,,,,,,Intel,PGA478,benchmark-spec-dataset
Intel Pentium T2080 @ 1.73GHz,,,,Q4 2008,1.7 GHz,31.0,2,2,,,,,,,,Intel,PGA478,benchmark-spec-dataset
Intel Pentium T2130 @ 1.86GHz,,,,Q1 2009,1.9 GHz,31.0,2,2,,,,,,,,Intel,PGA478,benchmark-spec-dataset
Intel Pentium T2310 @ 1.46GHz,,,,Q4 2008,1.5 GHz,35.0,2,2,,,,,,,,Intel,PPGA478,benchmark-spec-dataset
Intel Pentium T2330 @ 1.60GHz,,,,Q1 2009,1.6 GHz,35.0,2,2,,,,,,,,Intel,PPGA478,benchmark-spec-dataset
Intel Pentium T2370 @ 1.73GHz,,,,Q4 2008,1.7 GHz,35.0,2,2,,,,,,,,Intel,PPGA478,benchmark-spec-dataset
Intel Pentium T2390 @ 1.86GHz,,,,Q1 2009,1.9 GHz,35.0,2,2,,,,,,,,Intel,PPGA478,benchmark-spec-dataset
Intel Pentium T3200 @ 2.00GHz,,,,Q1 2009,2.0 GHz,35.0,2,2,,,,,,,,Intel,PPGA478,benchmark-spec-dataset
Intel Pentium T3400 @ 2.16GHz,,,,Q1 2009,2.2 GHz,35.0,2,2,,,,,,,,Intel,PPGA478,benchmark-spec-dataset
Intel Pentium T4200 @ 2.00GHz,,,,Q1 2009,2.0 GHz,35.0,2,2,,,,,,,,Intel,PGA478,benchmark-spec-dataset
Intel Pentium T4300 @ 2.10GHz,,,,Q3 2009,2.1 GHz,35.0,2,2,,,,,,,,Intel,PGA478,benchmark-spec-dataset
Intel Pentium T4400 @ 2.20GHz,,,,Q4 2011,2.2 GHz,35.0,2,2,,,,,,,,Intel,PGA478,benchmark-spec-dataset
Intel Pentium T4500 @ 2.30GHz,,,,Q1 2010,2.3 GHz,35.0,2,2,,,,,,,,Intel,PGA478,benchmark-spec-dataset
Intel Pentium U5400 @ 1.20GHz,,,,Q3 2010,1.2 GHz,18.0,2,2,,,,,,,,Intel,BGA1288,benchmark-spec-dataset
Intel Pentium U5600 @ 1.33GHz,,,,Q1 2011,1.3 GHz,18.0,2,2,,,,,,,,Intel,BGA1288,benchmark-spec-dataset
Intel T2050 @ 2.00GHz,,,,Q4 2012,2.0 GHz,31.0,2,2,,,,,,,,Intel,PPGA478,benchmark-spec-dataset
Intel Xeon 2.80GHz,,,,Q4 2008,2.8 GHz,103.0,1,2,,,,,,,,Intel,PPGA604,benchmark-spec-dataset
Intel Xeon 3.00GHz,,,,Q1 2009,3.0 GHz,103.0,1,2,,,,,,,,Intel,PPGA604,benchmark-spec-dataset
Intel Xeon 3.20GHz,,,,Q1 2009,3.2 GHz,103.0,1,2,,,,,,,,Intel,PPGA604,benchmark-spec-dataset
Intel Xeon 3.40GHz,,,,Q4 2008,3.4 GHz,103.0,1,2,,,,,,,,Intel,PPGA604,benchmark-spec-dataset
Intel Xeon 3.60GHz,,,,Q1 2009,3.6 GHz,110.0,1,2,,,,,,,,Intel,PPGA604,benchmark-spec-dataset
Intel Xeon 3.80GHz,,,,Q2 2009,3.8 GHz,110.0,1,2,,,,,,,,Intel,PPGA604,benchmark-spec-dataset
Intel Xeon 3040 @ 1.86GHz,,,,Q4 2009,1.9 GHz,65.0,2,2,,,,,,,,Intel,LGA775,benchmark-spec-dataset
Intel Xeon 3050 @ 2.13GHz,,,,Q1 2009,2.1 GHz,65.0,2,2,,,,,,,,Intel,LGA775,benchmark-spec-dataset
Intel Xeon 3060 @ 2.40GHz,,,,Q3 2009,2.4 GHz,65.0,2,2,,,,,,,,Intel,LGA775,benchmark-spec-dataset
Intel Xeon 3065 @ 2.33GHz,,,,Q2 2009,2.3 GHz,65.0,2,2,,,,,,,,Intel,LGA775,benchmark-spec-dataset
Intel Xeon 3070 @ 2.66GHz,,,,Q2 2010,2.7 GHz,65.0,2,2,,,,,,,,Intel,LGA775,benchmark-spec-dataset
Intel Xeon 3085 @ 3.00GHz,,,,Q4 2015,3.0 GHz,65.0,2,2,,,,,,,,Intel,LGA775,benchmark-spec-dataset
Intel Xeon 5110 @ 1.60GHz,,,,Q1 2009,1.6 GHz,65.0,2,2,,,,,,,,Intel,LGA771,benchmark-spec-dataset
Intel Xeon 5120 @ 1.86GHz,,,,Q1 2009,1.9 GHz,65.0,2,2,,,,,,,,Intel,LGA771,benchmark-spec-dataset
Intel Xeon 5130 @ 2.00GHz,,,,Q1 2009,2.0 GHz,65.0,2,2,,,,,,,,Intel,LGA771,benchmark-spec-dataset
Intel Xeon 5133 @ 2.20GHz,,,,Q4 2013,2.2 GHz,40.0,2,2,,,,,,,,Intel,LGA771,benchmark-spec-dataset
Intel Xeon 5140 @ 2.33GHz,,,,Q1 2009,2.3 GHz,65.0,2,2,,,,,,,,Intel,LGA771,benchmark-spec-dataset
Intel Xeon 5148 @ 2.33GHz,,,,Q1 2010,2.3 GHz,40.0,2,2,,,,,,,,Intel,LGA771,benchmark-spec-dataset
Intel Xeon 5150 @ 2.66GHz,,,,Q1 2009,2.7 GHz,65.0,2,2,,,,,,,,Intel,LGA771,benchmark-spec-dataset
Intel Xeon 5160 @ 3.00GHz,,,,Q1 2009,3.0 GHz,80.0,2,2,,,,,,,,Intel,LGA771,benchmark-spec-dataset
Intel Xeon @ 2.20GHz,,,,Q1 2018,2.2 GHz,61.0,1,1,,,,,,,,Intel,PPGA603,benchmark-spec-dataset
Intel Xeon Bronze 3104 @ 1.70GHz,,,,Q1 2018,1.7 GHz,85.0,6,6,,,,,,,,Intel,FCLGA3647,benchmark-spec-dataset
Intel Xeon Bronze 3106 @ 1.70GHz,,,,Q2 2018,1.7 GHz,85.0,8,8,,,,,,,,Intel,FCLGA3647,benchmark-spec-dataset
Intel Xeon Bronze 3204 @ 1.90GHz,,,,Q1 2020,1.9 GHz,85.0,6,6,,,,,,,,Intel,FCLGA3647,benchmark-spec-dataset
Intel Xeon Bronze 3206R @ 1.90GHz,,,,Q2 2021,1.9 GHz,85.0,8,8,,,,,,,,Intel,FCLGA3647,benchmark-spec-dataset
Intel Xeon D-1518 @ 2.20GHz,,,,Q2 2016,2.2 GHz,35.0,4,8,,,,,,,,Intel,FCBGA1667,benchmark-spec-dataset
Intel Xeon D-1520 @ 2.20GHz,,,,Q4 2015,2.2 GHz,45.0,4,8,,,,,,,,Intel,BGA 1667,benchmark-spec-dataset
Intel Xeon D-1521 @ 2.40GHz,,,,Q1 2016,2.4 GHz,45.0,4,8,,,,,,,,Intel,FCBGA1667,benchmark-spec-dataset
Intel Xeon D-1527 @ 2.20GHz,,,,Q3 2020,2.2 GHz,35.0,4,8,,,,,,,,Intel,FCBGA1667,benchmark-spec-dataset
Intel Xeon D-1528 @ 1.90GHz,,,,Q2 2016,1.9 GHz,35.0,6,12,,,,,,,,Intel,FCBGA1667,benchmark-spec-dataset
Intel Xeon D-1531 @ 2.20GHz,,,,Q4 2017,2.2 GHz,45.0,6,12,,,,,,,,Intel,FCBGA1667,benchmark-spec-dataset
Intel Xeon D-1537 @ 1.70GHz,,,,Q2 2018,1.7 GHz,35.0,8,16,,,,,,,,Intel,FCBGA1667,benchmark-spec-dataset
Intel Xeon D-1539 @ 1.60GHz,,,,Q3 2019,1.6 GHz,35.0,8,16,,,,,,,,Intel,FCBGA1667,benchmark-spec-dataset
Intel Xeon D-1540 @ 2.00GHz,,,,Q2 2015,2.0 GHz,45.0,8,16,,,,,,,,Intel,FCBGA1667,benchmark-spec-dataset
Intel Xeon D-1541 @ 2.10GHz,,,,Q1 2016,2.1 GHz,45.0,8,16,,,,,,,,Intel,FCBGA1667,benchmark-spec-dataset
Intel Xeon D-1548 @ 2.00GHz,,,,Q2 2019,2.0 GHz,45.0,8,16,,,,,,,,Intel,FCBGA1667,benchmark-spec-dataset
Intel Xeon D-1557 @ 1.50GHz,,,,Q3 2019,1.5 GHz,45.0,12,24,,,,,,,,Intel,FCBGA1667,benchmark-spec-dataset
Intel Xeon D-1559 @ 1.50GHz,,,,Q3 2017,1.5 GHz,45.0,12,24,,,,,,,,Intel,FCBGA1667,benchmark-spec-dataset
Intel Xeon D-1567 @ 2.10GHz,,,,Q2 2017,2.1 GHz,65.0,12,24,,,,,,,,Intel,FCBGA1667,benchmark-spec-dataset
Intel Xeon D-1577 @ 1.30GHz,,,,Q3 2020,1.3 GHz,45.0,16,32,,,,,,,,Intel,FCBGA1667,benchmark-spec-dataset
Intel Xeon D-1581 @ 1.80GHz,,,,Q4 2021,1.8 GHz,65.0,16,32,,,,,,,,Intel,FCBGA1667,benchmark-spec-dataset
Intel Xeon D-1587 @ 1.70GHz,,,,Q3 2016,1.7 GHz,65.0,16,32,,,,,,,,Intel,FCBGA1667,benchmark-spec-dataset
Intel Xeon D-1602 @ 2.50GHz,,,,Q4 2020,2.5 GHz,27.0,2,4,,,,,,,,Intel,FCBGA1667,benchmark-spec-dataset
Intel Xeon D-1622 @ 2.60GHz,,,,Q2 2021,2.6 GHz,40.0,4,8,,,,,,,,Intel,FCBGA1667,benchmark-spec-dataset
Intel Xeon D-1715TER @ 2.40GHz,,,,Q2 2022,2.4 GHz,50.0,4,8,,,,,,,,Intel,FCBGA2227,benchmark-spec-dataset
Intel Xeon D-1718T @ 2.60GHz,,,,Q4 2022,2.6 GHz,46.0,4,8,,,,,,,,Intel,FCBGA2227,benchmark-spec-dataset
Intel Xeon D-1726 @ 2.90GHz,,,,Q1 2023,2.9 GHz,70.0,6,12,,,,,,,,Intel,FCBGA2227,benchmark-spec-dataset
Intel Xeon D-1732TE @ 1.90GHz,,,,Q4 2022,1.9 GHz,52.0,8,16,,,,,,,,Intel,FCBGA2227,benchmark-spec-dataset
Intel Xeon D-1733NT @ 2.00GHz,,,,Q2 2022,2.0 GHz,53.0,8,16,,,,,,,,Intel,FCBGA2227,benchmark-spec-dataset
Intel Xeon D-1736NT @ 2.70GHz,,,,Q4 2022,2.7 GHz,67.0,8,16,,,,,,,,Intel,FCBGA2227,benchmark-spec-dataset
Intel Xeon D-1747NTE @ 2.50GHz,,,,Q3 2022,2.5 GHz,80.0,10,20,,,,,,,,Intel,FCBGA2227,benchmark-spec-dataset
Intel Xeon D-2123IT @ 2.20GHz,,,,Q3 2018,2.2 GHz,60.0,4,8,,,,,,,,Intel,FCBGA2518,benchmark-spec-dataset
Intel Xeon D-2141I @ 2.20GHz,,,,Q1 2019,2.2 GHz,65.0,8,16,,,,,,,,Intel,FCBGA2518,benchmark-spec-dataset
Intel Xeon D-2143IT @ 2.20GHz,,,,Q3 2018,2.2 GHz,65.0,8,16,,,,,,,,Intel,FCBGA2518,benchmark-spec-dataset
Intel Xeon D-2146NT @ 2.30GHz,,,,Q3 2019,2.3 GHz,80.0,8,16,,,,,,,,Intel,FCBGA2518,benchmark-spec-dataset
Intel Xeon D-2166NT @ 2.00GHz,,,,Q1 2020,2.0 GHz,85.0,12,24,,,,,,,,Intel,FCBGA2518,benchmark-spec-dataset
Intel Xeon D-2183IT @ 2.20GHz,,,,Q2 2018,2.2 GHz,100.0,16,32,,,,,,,,Intel,FCBGA2518,benchmark-spec-dataset
Intel Xeon D-2187NT @ 2.00GHz,,,,Q1 2020,2.0 GHz,110.0,16,32,,,,,,,,Intel,FCBGA2518,benchmark-spec-dataset
Intel Xeon D-2712T @ 1.90GHz,,,,Q1 2023,1.9 GHz,65.0,4,8,,,,,,,,Intel,FCBGA2579,benchmark-spec-dataset
Intel Xeon D-2733NT @ 2.10GHz,,,,Q2 2022,2.1 GHz,80.0,8,16,,,,,,,,Intel,FCBGA2579,benchmark-spec-dataset
Intel Xeon D-2796TE @ 2.00GHz,,,,Q4 2022,2.0 GHz,118.0,20,40,,,,,,,,Intel,FCBGA2579,benchmark-spec-dataset
Intel Xeon D-2799 @ 2.40GHz,,,,Q1 2022,2.4 GHz,129.0,20,40,,,,,,,,Intel,FCBGA2579,benchmark-spec-dataset
Intel Xeon E-2104G @ 3.20GHz,,,,Q4 2018,3.2 GHz,65.0,4,4,,,,,,,,Intel,FCLGA1151-2,benchmark-spec-dataset
Intel Xeon E-2124 @ 3.30GHz,,,,Q2 2019,3.3 GHz,71.0,4,4,,,,,,,,Intel,FCLGA1151-2,benchmark-spec-dataset
Intel Xeon E-2124G @ 3.40GHz,,,,Q4 2018,3.4 GHz,71.0,4,4,,,,,,,,Intel,FCLGA1151-2,benchmark-spec-dataset
Intel Xeon E-2126G @ 3.30GHz,,,,Q4 2018,3.3 GHz,80.0,6,6,,,,,,,,Intel,FCLGA1151-2,benchmark-spec-dataset
Intel Xeon E-2134 @ 3.50GHz,,,,Q1 2019,3.5 GHz,71.0,4,8,,,,,,,,Intel,FCLGA1151-2,benchmark-spec-dataset
Intel Xeon E-2136 @ 3.30GHz,,,,Q4 2018,3.3 GHz,80.0,6,12,,,,,,,,Intel,FCLGA1151-2,benchmark-spec-dataset
Intel Xeon E-2144G @ 3.60GHz,,,,Q1 2019,3.6 GHz,71.0,4,8,,,,,,,,Intel,FCLGA1151-2,benchmark-spec-dataset
Intel Xeon E-2146G @ 3.50GHz,,,,Q3 2018,3.5 GHz,80.0,6,12,,,,,,,,Intel,FCLGA1151-2,benchmark-spec-dataset
Intel Xeon E-2174G @ 3.80GHz,,,,Q3 2018,3.8 GHz,71.0,4,8,,,,,,,,Intel,FCLGA1151-2,benchmark-spec-dataset
Intel Xeon E-2176G @ 3.70GHz,,,,Q4 2018,3.7 GHz,80.0,6,12,,,,,,,,Intel,FCLGA1151-2,benchmark-spec-dataset
Intel Xeon E-2176M @ 2.70GHz,,,,Q2 2018,2.7 GHz,45.0,6,12,,,,,,,,Intel,FCBGA1440,benchmark-spec-dataset
Intel Xeon E-2186G @ 3.80GHz,,,,Q4 2018,3.8 GHz,95.0,6,12,,,,,,,,Intel,FCLGA1151-2,benchmark-spec-dataset
Intel Xeon E-2186M @ 2.90GHz,,,,Q2 2018,2.9 GHz,45.0,6,12,,,,,,,,Intel,FCBGA1440,benchmark-spec-dataset
Intel Xeon E-2224 @ 3.40GHz,,,,Q3 2019,3.4 GHz,71.0,4,4,,,,,,,,Intel,FCLGA1151-2,benchmark-spec-dataset
Intel Xeon E-2224G @ 3.50GHz,,,,Q3 2019,3.5 GHz,71.0,4,4,,,,,,,,Intel,FCLGA1151-2,benchmark-spec-dataset
Intel Xeon E-2226G @ 3.40GHz,,,,Q4 2019,3.4 GHz,80.0,6,6,,,,,,,,Intel,FCLGA1151-2,benchmark-spec-dataset
Intel Xeon E-2234 @ 3.60GHz,,,,Q4 2020,3.6 GHz,71.0,4,8,,,,,,,,Intel,FCLGA1151-2,benchmark-spec-dataset
Intel Xeon E-2236 @ 3.40GHz,,,,Q4 2019,3.4 GHz,80.0,6,12,,,,,,,,Intel,FCLGA1151-2,benchmark-spec-dataset
Intel Xeon E-2244G @ 3.80GHz,,,,Q4 2019,3.8 GHz,71.0,4,8,,,,,,,,Intel,FCLGA1151-2,benchmark-spec-dataset
Intel Xeon E-2246G @ 3.60GHz,,,,Q3 2019,3.6 GHz,80.0,6,12,,,,,,,,Intel,FCLGA1151-2,benchmark-spec-dataset
Intel Xeon E-2254ML @ 1.70GHz,,,,Q4 2019,1.7 GHz,25.0,4,8,,,,,,,,Intel,FCBGA1440,benchmark-spec-dataset
Intel Xeon E-2274G @ 4.00GHz,,,,Q4 2019,4.0 GHz,83.0,4,8,,,,,,,,Intel,FCLGA1151-2,benchmark-spec-dataset
Intel Xeon E-2276G @ 3.80GHz,,,,Q4 2019,3.8 GHz,80.0,6,12,,,,,,,,Intel,FCLGA1151-2,benchmark-spec-dataset
Intel Xeon E-2276M @ 2.80GHz,,,,Q3 2019,2.8 GHz,45.0,6,12,,,,,,,,Intel,FCBGA1440,benchmark-spec-dataset
Intel Xeon E-2276ME @ 2.80GHz,,,,Q3 2021,2.8 GHz,45.0,6,12,,,,,,,,Intel,FCBGA1440,benchmark-spec-dataset
Intel Xeon E-2276ML @ 2.00GHz,,,,Q3 2022,0.2 GHz,25.0,6,12,,,,,,,,Intel,FCBGA1440,benchmark-spec-dataset
Intel Xeon E-2278G @ 3.40GHz,,,,Q4 2019,3.4 GHz,80.0,8,16,,,,,,,,Intel,FCLGA1151-2,benchmark-spec-dataset
Intel Xeon E-2278GE @ 3.30GHz,,,,Q2 2020,3.3 GHz,80.0,8,16,,,,,,,,Intel,FCLGA1151-2,benchmark-spec-dataset
Intel Xeon E-2278GEL @ 2.00GHz,,,,Q4 2019,2.0 GHz,35.0,8,16,,,,,,,,Intel,FCLGA1151-2,benchmark-spec-dataset
Intel Xeon E-2286G @ 4.00GHz,,,,Q4 2019,4.0 GHz,95.0,6,12,,,,,,,,Intel,FCLGA1151-2,benchmark-spec-dataset
Intel Xeon E-2286M @ 2.40GHz,,,,Q3 2019,2.4 GHz,45.0,8,16,,,,,,,,Intel,FCBGA1440,benchmark-spec-dataset
Intel Xeon E-2288G @ 3.70GHz,,,,Q3 2019,3.7 GHz,95.0,8,16,,,,,,,,Intel,FCLGA1151-2,benchmark-spec-dataset
Intel Xeon E-2314 @ 2.80GHz,,,,Q1 2022,2.8 GHz,65.0,4,4,,,,,,,,Intel,FCLGA1200,benchmark-spec-dataset
Intel Xeon E-2324G @ 3.10GHz,,,,Q4 2022,3.1 GHz,65.0,4,4,,,,,,,,Intel,FCLGA1200,benchmark-spec-dataset
Intel Xeon E-2334 @ 3.40GHz,,,,Q1 2022,3.4 GHz,65.0,4,8,,,,,,,,Intel,FCLGA1200,benchmark-spec-dataset
Intel Xeon E-2336 @ 2.90GHz,,,,Q1 2022,2.9 GHz,65.0,6,12,,,,,,,,Intel,FCLGA1200,benchmark-spec-dataset
Intel Xeon E-2356G @ 3.20GHz,,,,Q1 2022,3.2 GHz,80.0,6,12,,,,,,,,Intel,FCLGA1200,benchmark-spec-dataset
Intel Xeon E-2374G @ 3.70GHz,,,,Q1 2022,3.7 GHz,80.0,4,8,,,,,,,,Intel,FCLGA1200,benchmark-spec-dataset
Intel Xeon E-2378 @ 2.60GHz,,,,Q1 2022,2.6 GHz,65.0,8,16,,,,,,,,Intel,FCLGA1200,benchmark-spec-dataset
Intel Xeon E-2378G @ 2.80GHz,,,,Q3 2022,2.8 GHz,80.0,8,16,,,,,,,,Intel,FCLGA1200,benchmark-spec-dataset
Intel Xeon E-2386G @ 3.50GHz,,,,Q2 2022,3.5 GHz,95.0,6,12,,,,,,,,Intel,FCLGA1200,benchmark-spec-dataset
Intel Xeon E-2388G @ 3.20GHz,,,,Q4 2021,3.2 GHz,95.0,8,16,,,,,,,,Intel,FCLGA1200,benchmark-spec-dataset
Intel Xeon E3-1205 v6 @ 3.00GHz,,,,Q1 2020,3.0 GHz,65.0,4,4,,,,,,,,Intel,FCLGA1151,benchmark-spec-dataset
Intel Xeon E3-1220 @ 3.10GHz,,,,Q3 2011,3.1 GHz,80.0,4,4,,,,,,,,Intel,LGA1155,benchmark-spec-dataset
Intel Xeon E3-1220 V2 @ 3.10GHz,,,,Q3 2012,3.1 GHz,69.0,4,4,,,,,,,,Intel,LGA1155,benchmark-spec-dataset
Intel Xeon E3-1220 v3 @ 3.10GHz,,,,Q1 2011,3.1 GHz,80.0,4,4,,,,,,,,Intel,LGA1150,benchmark-spec-dataset
Intel Xeon E3-1220 v5 @ 3.00GHz,,,,Q1 2016,3.0 GHz,80.0,4,4,,,,,,,,Intel,FCLGA1151,benchmark-spec-dataset
Intel Xeon E3-1220 v6 @ 3.00GHz,,,,Q4 2017,3.0 GHz,72.0,4,4,,,,,,,,Intel,FCLGA1151,benchmark-spec-dataset
Intel Xeon E3-1220L @ 2.20GHz,,,,Q2 2011,2.2 GHz,20.0,2,4,,,,,,,,Intel,LGA1155,benchmark-spec-dataset
Intel Xeon E3-1220L V2 @ 2.30GHz,,,,Q1 2014,2.3 GHz,17.0,2,4,,,,,,,,Intel,LGA1155,benchmark-spec-dataset
Intel Xeon E3-1220L v3 @ 1.10GHz,,,,Q2 2014,1.1 GHz,13.0,2,4,,,,,,,,Intel,LGA1150,benchmark-spec-dataset
Intel Xeon E3-1225 @ 3.10GHz,,,,Q1 2011,3.1 GHz,95.0,4,4,,,,,,,,Intel,LGA1155,benchmark-spec-dataset
Intel Xeon E3-1225 V2 @ 3.20GHz,,,,Q3 2012,3.2 GHz,77.0,4,4,,,,,,,,Intel,LGA1155,benchmark-spec-dataset
Intel Xeon E3-1225 v3 @ 3.20GHz,,,,Q2 2013,3.2 GHz,84.0,4,4,,,,,,,,Intel,LGA1150,benchmark-spec-dataset
Intel Xeon E3-1225 v5 @ 3.30GHz,,,,Q1 2016,3.3 GHz,80.0,4,4,,,,,,,,Intel,FCLGA1151,benchmark-spec-dataset
Intel Xeon E3-1225 v6 @ 3.30GHz,,,,Q2 2017,3.3 GHz,73.0,4,4,,,,,,,,Intel,FCLGA1151,benchmark-spec-dataset
Intel Xeon E3-1226 v3 @ 3.30GHz,,,,Q3 2014,3.3 GHz,84.0,4,4,,,,,,,,Intel,FCLGA1150,benchmark-spec-dataset
Intel Xeon E3-1230 @ 3.20GHz,,,,Q2 2011,3.2 GHz,80.0,4,8,,,,,,,,Intel,LGA1155,benchmark-spec-dataset
Intel Xeon E3-1230 V2 @ 3.30GHz,,,,Q2 2012,3.3 GHz,69.0,4,8,,,,,,,,Intel,LGA1155,benchmark-spec-dataset
Intel Xeon E3-1230 v3 @ 3.30GHz,,,,Q2 2013,3.3 GHz,80.0,4,8,,,,,,,,Intel,LGA1150,benchmark-spec-dataset
Intel Xeon E3-1230 v5 @ 3.40GHz,,,,Q1 2016,3.4 GHz,80.0,4,8,,,,,,,,Intel,FCLGA1151,benchmark-spec-dataset
Intel Xeon E3-1230 v6 @ 3.50GHz,,,,Q2 2017,3.5 GHz,72.0,4,8,,,,,,,,Intel,FCLGA1151,benchmark-spec-dataset
Intel Xeon E3-1230L v3 @ 1.80GHz,,,,Q4 2013,1.8 GHz,25.0,4,8,,,,,,,,Intel,LGA1150,benchmark-spec-dataset
Intel Xeon E3-1231 v3 @ 3.40GHz,,,,Q2 2014,3.4 GHz,80.0,4,8,,,,,,,,Intel,FCLGA1150,benchmark-spec-dataset
Intel Xeon E3-1235 @ 3.20GHz,,,,Q2 2011,3.2 GHz,95.0,4,8,,,,,,,,Intel,LGA1155,benchmark-spec-dataset
Intel Xeon E3-1235L v5 @ 2.00GHz,,,,Q1 2017,2.0 GHz,25.0,4,4,,,,,,,,Intel,FCLGA1151,benchmark-spec-dataset
Intel Xeon E3-1240 @ 3.30GHz,,,,Q2 2011,3.3 GHz,80.0,4,8,,,,,,,,Intel,LGA1155,benchmark-spec-dataset
Intel Xeon E3-1240 V2 @ 3.40GHz,,,,Q3 2012,3.4 GHz,69.0,4,8,,,,,,,,Intel,LGA1155,benchmark-spec-dataset
Intel Xeon E3-1240 v3 @ 3.40GHz,,,,Q2 2013,3.4 GHz,80.0,4,8,,,,,,,,Intel,LGA1150,benchmark-spec-dataset
Intel Xeon E3-1240 v5 @ 3.50GHz,,,,Q4 2015,3.5 GHz,80.0,4,8,,,,,,,,Intel,FCLGA1151,benchmark-spec-dataset
Intel Xeon E3-1240 v6 @ 3.70GHz,,,,Q3 2017,3.7 GHz,72.0,4,8,,,,,,,,Intel,FCLGA1151,benchmark-spec-dataset
Intel Xeon E3-1240L v3 @ 2.00GHz,,,,Q1 2015,2.0 GHz,25.0,4,8,,,,,,,,Intel,FCLGA1150,benchmark-spec-dataset
Intel Xeon E3-1240L v5 @ 2.10GHz,,,,Q3 2017,2.1 GHz,25.0,4,8,,,,,,,,Intel,FCLGA1151,benchmark-spec-dataset
Intel Xeon E3-1241 v3 @ 3.50GHz,,,,Q3 2014,3.5 GHz,80.0,4,8,,,,,,,,Intel,LGA1150,benchmark-spec-dataset
Intel Xeon E3-1245 @ 3.30GHz,,,,Q2 2011,3.3 GHz,95.0,4,8,,,,,,,,Intel,LGA1155,benchmark-spec-dataset
Intel Xeon E3-1245 V2 @ 3.40GHz,,,,Q2 2012,3.4 GHz,77.0,4,8,,,,,,,,Intel,LGA1155,benchmark-spec-dataset
Intel Xeon E3-1245 v3 @ 3.40GHz,,,,Q2 2013,3.4 GHz,84.0,4,8,,,,,,,,Intel,LGA1150,benchmark-spec-dataset
Intel Xeon E3-1245 v5 @ 3.50GHz,,,,Q4 2015,3.5 GHz,80.0,4,8,,,,,,,,Intel,FCLGA1151,benchmark-spec-dataset
Intel Xeon E3-1245 v6 @ 3.70GHz,,,,Q2 2017,3.7 GHz,73.0,4,8,,,,,,,,Intel,FCLGA1151,benchmark-spec-dataset
Intel Xeon E3-1246 v3 @ 3.50GHz,,,,Q2 2014,3.5 GHz,84.0,4,8,,,,,,,,Intel,FCLGA1150,benchmark-spec-dataset
Intel Xeon E3-1260L @ 2.40GHz,,,,Q3 2011,2.4 GHz,45.0,4,8,,,,,,,,Intel,LGA1155,benchmark-spec-dataset
Intel Xeon E3-1260L v5 @ 2.90GHz,,,,Q2 2016,2.9 GHz,45.0,4,8,,,,,,,,Intel,FCLGA1151,benchmark-spec-dataset
Intel Xeon E3-1265L @ 2.40GHz,,,,Q3 2015,2.4 GHz,45.0,4,8,,,,,,,,Intel,LGA1155,benchmark-spec-dataset
Intel Xeon E3-1265L V2 @ 2.50GHz,,,,Q3 2012,2.5 GHz,45.0,4,8,,,,,,,,Intel,LGA1155,benchmark-spec-dataset
Intel Xeon E3-1265L v3 @ 2.50GHz,,,,Q1 2012,2.5 GHz,45.0,4,8,,,,,,,,Intel,FCLGA1150,benchmark-spec-dataset
Intel Xeon E3-1265L v4 @ 2.30GHz,,,,Q3 2018,2.3 GHz,35.0,4,8,,,,,,,,Intel,FCLGA1150,benchmark-spec-dataset
Intel Xeon E3-1268L v3 @ 2.30GHz,,,,Q3 2014,2.3 GHz,45.0,4,8,,,,,,,,Intel,LGA1150,benchmark-spec-dataset
Intel Xeon E3-1268L v5 @ 2.40GHz,,,,Q1 2018,2.4 GHz,35.0,4,8,,,,,,,,Intel,FCLGA1151,benchmark-spec-dataset
Intel Xeon E3-1270 @ 3.40GHz,,,,Q2 2011,3.4 GHz,80.0,4,8,,,,,,,,Intel,LGA1155,benchmark-spec-dataset
Intel Xeon E3-1270 V2 @ 3.50GHz,,,,Q3 2012,3.5 GHz,69.0,4,8,,,,,,,,Intel,LGA1155,benchmark-spec-dataset
Intel Xeon E3-1270 v3 @ 3.50GHz,,,,Q2 2013,3.5 GHz,80.0,4,8,,,,,,,,Intel,LGA1150,benchmark-spec-dataset
Intel Xeon E3-1270 v5 @ 3.60GHz,,,,Q4 2015,3.6 GHz,80.0,4,8,,,,,,,,Intel,FCLGA1151,benchmark-spec-dataset
Intel Xeon E3-1270 v6 @ 3.80GHz,,,,Q2 2017,3.8 GHz,72.0,4,8,,,,,,,,Intel,FCLGA1151,benchmark-spec-dataset
Intel Xeon E3-1270L v4 @ 3.00GHz,,,,Q1 2019,3.0 GHz,45.0,4,8,,,,,,,,Intel,LGA1150,benchmark-spec-dataset
Intel Xeon E3-1271 v3 @ 3.60GHz,,,,Q3 2014,3.6 GHz,80.0,4,8,,,,,,,,Intel,FCLGA1150,benchmark-spec-dataset
Intel Xeon E3-1275 @ 3.40GHz,,,,Q2 2011,3.4 GHz,95.0,4,8,,,,,,,,Intel,LGA1155,benchmark-spec-dataset
Intel Xeon E3-1275 V2 @ 3.50GHz,,,,Q2 2012,3.5 GHz,77.0,4,8,,,,,,,,Intel,LGA1155,benchmark-spec-dataset
Intel Xeon E3-1275 v3 @ 3.50GHz,,,,Q2 2013,3.5 GHz,95.0,4,8,,,,,,,,Intel,LGA1150,benchmark-spec-dataset
Intel Xeon E3-1275 v5 @ 3.60GHz,,,,Q4 2015,3.6 GHz,80.0,4,8,,,,,,,,Intel,FCLGA1151,benchmark-spec-dataset
Intel Xeon E3-1275 v6 @ 3.80GHz,,,,Q2 2017,3.8 GHz,73.0,4,8,,,,,,,,Intel,FCLGA1151,benchmark-spec-dataset
Intel Xeon E3-1275L v3 @ 2.70GHz,,,,Q1 2015,2.7 GHz,45.0,4,8,,,,,,,,Intel,LGA1150,benchmark-spec-dataset
Intel Xeon E3-1276 v3 @ 3.60GHz,,,,Q2 2014,3.6 GHz,84.0,4,8,,,,,,,,Intel,FCLGA1150,benchmark-spec-dataset
Intel Xeon E3-1280 @ 3.50GHz,,,,Q2 2011,3.5 GHz,95.0,4,8,,,,,,,,Intel,LGA1155,benchmark-spec-dataset
Intel Xeon E3-1280 V2 @ 3.60GHz,,,,Q2 2012,3.6 GHz,69.0,4,8,,,,,,,,Intel,LGA1155,benchmark-spec-dataset
Intel Xeon E3-1280 v3 @ 3.60GHz,,,,Q2 2013,3.6 GHz,82.0,4,8,,,,,,,,Intel,LGA1150,benchmark-spec-dataset
Intel Xeon E3-1280 v5 @ 3.70GHz,,,,Q2 2016,3.7 GHz,80.0,4,8,,,,,,,,Intel,FCLGA1151,benchmark-spec-dataset
Intel Xeon E3-1280 v6 @ 3.90GHz,,,,Q1 2017,3.9 GHz,72.0,4,8,,,,,,,,Intel,FCLGA1151,benchmark-spec-dataset
Intel Xeon E3-1281 v3 @ 3.70GHz,,,,Q2 2015,3.7 GHz,82.0,4,8,,,,,,,,Intel,LGA1150,benchmark-spec-dataset
Intel Xeon E3-1285 v3 @ 3.60GHz,,,,Q4 2016,3.6 GHz,84.0,4,8,,,,,,,,Intel,LGA1150,benchmark-spec-dataset
Intel Xeon E3-1285 v4 @ 3.50GHz,,,,Q2 2018,3.5 GHz,95.0,4,8,,,,,,,,Intel,FCLGA1150,benchmark-spec-dataset
Intel Xeon E3-1285 v6 @ 4.10GHz,,,,Q1 2018,4.1 GHz,79.0,4,8,,,,,,,,Intel,FCLGA1151,benchmark-spec-dataset
Intel Xeon E3-1285L v3 @ 3.10GHz,,,,Q4 2014,3.1 GHz,65.0,4,8,,,,,,,,Intel,LGA1150,benchmark-spec-dataset
Intel Xeon E3-1285L v4 @ 3.40GHz,,,,Q2 2016,3.4 GHz,65.0,4,8,,,,,,,,Intel,LGA1150,benchmark-spec-dataset
Intel Xeon E3-1286 v3 @ 3.70GHz,,,,Q4 2014,3.7 GHz,84.0,4,8,,,,,,,,Intel,LGA1150,benchmark-spec-dataset
Intel Xeon E3-1286L v3 @ 3.20GHz,,,,Q1 2018,3.2 GHz,65.0,4,8,,,,,,,,Intel,LGA1150,benchmark-spec-dataset
Intel Xeon E3-1290 @ 3.60GHz,,,,Q4 2011,3.6 GHz,95.0,4,8,,,,,,,,Intel,LGA1155,benchmark-spec-dataset
Intel Xeon E3-1290 V2 @ 3.70GHz,,,,Q2 2012,3.7 GHz,87.0,4,8,,,,,,,,Intel,LGA1155,benchmark-spec-dataset
Intel Xeon E3-1505L v5 @ 2.00GHz,,,,Q1 2017,2.0 GHz,25.0,4,8,,,,,,,,Intel,FCBGA1440,benchmark-spec-dataset
Intel Xeon E3-1505L v6 @ 2.20GHz,,,,Q2 2017,2.2 GHz,25.0,4,8,,,,,,,,Intel,FCBGA1440,benchmark-spec-dataset
Intel Xeon E3-1505M v5 @ 2.80GHz,,,,Q4 2015,2.8 GHz,45.0,4,8,,,,,,,,Intel,FCBGA1440,benchmark-spec-dataset
Intel Xeon E3-1505M v6 @ 3.00GHz,,,,Q1 2017,3.0 GHz,45.0,4,8,,,,,,,,Intel,,benchmark-spec-dataset
Intel Xeon E3-1515M v5 @ 2.80GHz,,,,Q1 2017,2.8 GHz,45.0,4,8,,,,,,,,Intel,FCBGA1440,benchmark-spec-dataset
Intel Xeon E3-1535M v5 @ 2.90GHz,,,,Q4 2015,2.9 GHz,45.0,4,8,,,,,,,,Intel,FCBGA1440,benchmark-spec-dataset
Intel Xeon E3-1535M v6 @ 3.10GHz,,,,Q2 2017,3.1 GHz,35.0,4,8,,,,,,,,Intel,FCBGA1440,benchmark-spec-dataset
Intel Xeon E3-1545M v5 @ 2.90GHz,,,,Q1 2016,2.9 GHz,45.0,4,8,,,,,,,,Intel,FCBGA1440,benchmark-spec-dataset
Intel Xeon E3-1575M v5 @ 3.00GHz,,,,Q2 2016,3.0 GHz,45.0,4,8,,,,,,,,Intel,FCBGA1440,benchmark-spec-dataset
Intel Xeon E3-1585 v5 @ 3.50GHz,,,,Q2 2017,3.5 GHz,65.0,4,8,,,,,,,,Intel,FCBGA1440,benchmark-spec-dataset
Intel Xeon E3-1585L v5 @ 3.00GHz,,,,Q2 2018,3.0 GHz,45.0,4,8,,,,,,,,Intel,FCBGA1440,benchmark-spec-dataset
Intel Xeon E3110 @ 3.00GHz,,,,Q4 2008,3.0 GHz,65.0,2,2,,,,,,,,Intel,LGA775,benchmark-spec-dataset
Intel Xeon E3113 @ 3.00GHz,,,,Q4 2014,3.0 GHz,65.0,2,2,,,,,,,,Intel,LGA775,benchmark-spec-dataset
Intel Xeon E3120 @ 3.16GHz,,,,Q1 2010,3.2 GHz,65.0,2,2,,,,,,,,Intel,LGA775,benchmark-spec-dataset
Intel Xeon E5-1410 @ 2.80GHz,,,,Q1 2012,2.8 GHz,80.0,4,8,,,,,,,,Intel,LGA1356,benchmark-spec-dataset
Intel Xeon E5-1410 v2 @ 2.80GHz,,,,Q3 2015,2.8 GHz,80.0,4,8,,,,,,,,Intel,LGA 1356,benchmark-spec-dataset
Intel Xeon E5-1428L v2 @ 2.20GHz,,,,Q3 2019,2.2 GHz,60.0,6,12,,,,,,,,Intel,FCLGA1356,benchmark-spec-dataset
Intel Xeon E5-1603 @ 2.80GHz,,,,Q2 2012,2.8 GHz,130.0,4,4,,,,,,,,Intel,LGA2011,benchmark-spec-dataset
Intel Xeon E5-1603 v3 @ 2.80GHz,,,,Q1 2015,2.8 GHz,140.0,4,4,,,,,,,,Intel,LGA2011-v3,benchmark-spec-dataset
Intel Xeon E5-1603 v4 @ 2.80GHz,,,,Q1 2017,2.8 GHz,140.0,4,4,,,,,,,,Intel,FCLGA2011-3,benchmark-spec-dataset
Intel Xeon E5-1607 @ 3.00GHz,,,,Q3 2012,3.0 GHz,130.0,4,4,,,,,,,,Intel,LGA2011,benchmark-spec-dataset
Intel Xeon E5-1607 v2 @ 3.00GHz,,,,Q1 2014,3.0 GHz,130.0,4,4,,,,,,,,Intel,LGA 2011,benchmark-spec-dataset
Intel Xeon E5-1607 v3 @ 3.10GHz,,,,Q1 2015,3.1 GHz,140.0,4,4,,,,,,,,Intel,LGA2011-v3,benchmark-spec-dataset
Intel Xeon E5-1607 v4 @ 3.10GHz,,,,Q4 2016,3.1 GHz,140.0,4,4,,,,,,,,Intel,FCLGA2011-3,benchmark-spec-dataset
Intel Xeon E5-1620 @ 3.60GHz,,,,Q2 2012,3.6 GHz,130.0,4,8,,,,,,,,Intel,LGA2011,benchmark-spec-dataset
Intel Xeon E5-1620 v2 @ 3.70GHz,,,,Q3 2013,3.7 GHz,130.0,4,8,,,,,,,,Intel,FCLGA2011,benchmark-spec-dataset
Intel Xeon E5-1620 v3 @ 3.50GHz,,,,Q3 2014,3.5 GHz,140.0,4,8,,,,,,,,Intel,LGA2011-v3,benchmark-spec-dataset
Intel Xeon E5-1620 v4 @ 3.50GHz,,,,Q2 2016,3.5 GHz,140.0,4,8,,,,,,,,Intel,FCLGA2011-3,benchmark-spec-dataset
Intel Xeon E5-1630 v3 @ 3.70GHz,,,,Q4 2014,3.7 GHz,140.0,4,8,,,,,,,,Intel,LGA2011-v3,benchmark-spec-dataset
Intel Xeon E5-1630 v4 @ 3.70GHz,,,,Q3 2016,3.7 GHz,140.0,4,8,,,,,,,,Intel,FCLGA2011-3,benchmark-spec-dataset
Intel Xeon E5-1650 @ 3.20GHz,,,,Q2 2012,3.2 GHz,130.0,6,12,,,,,,,,Intel,LGA2011,benchmark-spec-dataset
Intel Xeon E5-1650 v2 @ 3.50GHz,,,,Q3 2013,3.5 GHz,130.0,6,12,,,,,,,,Intel,FCLGA2011,benchmark-spec-dataset
Intel Xeon E5-1650 v3 @ 3.50GHz,,,,Q4 2014,3.5 GHz,140.0,6,12,,,,,,,,Intel,LGA2011-v3,benchmark-spec-dataset
Intel Xeon E5-1650 v4 @ 3.60GHz,,,,Q3 2016,3.6 GHz,140.0,6,12,,,,,,,,Intel,FCLGA2011-3,benchmark-spec-dataset
Intel Xeon E5-1660 @ 3.30GHz,,,,Q3 2012,3.3 GHz,130.0,6,12,,,,,,,,Intel,LGA2011,benchmark-spec-dataset
Intel Xeon E5-1660 v2 @ 3.70GHz,,,,Q4 2013,3.7 GHz,130.0,6,12,,,,,,,,Intel,LGA 2011,benchmark-spec-dataset
Intel Xeon E5-1660 v3 @ 3.00GHz,,,,Q4 2014,3.0 GHz,140.0,8,16,,,,,,,,Intel,LGA2011-v3,benchmark-spec-dataset
Intel Xeon E5-1660 v4 @ 3.20GHz,,,,Q4 2016,3.2 GHz,140.0,8,16,,,,,,,,Intel,FCLGA2011-3,benchmark-spec-dataset
Intel Xeon E5-1680 v2 @ 3.00GHz,,,,Q3 2014,3.0 GHz,130.0,8,16,,,,,,,,Intel,LGA 2011,benchmark-spec-dataset
Intel Xeon E5-1680 v3 @ 3.20GHz,,,,Q1 2015,3.2 GHz,140.0,8,16,,,,,,,,Intel,LGA2011-v3,benchmark-spec-dataset
Intel Xeon E5-1680 v4 @ 3.40GHz,,,,Q4 2016,3.4 GHz,140.0,8,16,,,,,,,,Intel,FCLGA2011-3,benchmark-spec-dataset
Intel Xeon E5-1681 v3 @ 2.90GHz,,,,Q2 2016,2.9 GHz,135.0,10,20,,,,,,,,Intel,LGA2011-v3,benchmark-spec-dataset
Intel Xeon E5-2403 @ 1.80GHz,,,,Q1 2012,1.8 GHz,80.0,4,4,,,,,,,,Intel,LGA 1356,benchmark-spec-dataset
Intel Xeon E5-2403 v2 @ 1.80GHz,,,,Q2 2015,1.8 GHz,80.0,4,4,,,,,,,,Intel,FCLGA1356,benchmark-spec-dataset
Intel Xeon E5-2407 @ 2.20GHz,,,,Q1 2012,2.2 GHz,80.0,4,4,,,,,,,,Intel,LGA 1356,benchmark-spec-dataset
Intel Xeon E5-2407 v2 @ 2.40GHz,,,,Q3 2014,2.4 GHz,80.0,4,4,,,,,,,,Intel,FCLGA1356,benchmark-spec-dataset
Intel Xeon E5-2418L @ 2.00GHz,,,,Q1 2016,2.0 GHz,50.0,4,8,,,,,,,,Intel,LGA 1356,benchmark-spec-dataset
Intel Xeon E5-2418L v2 @ 2.00GHz,,,,Q3 2022,2.0 GHz,50.0,6,12,,,,,,,,Intel,FCLGA1356,benchmark-spec-dataset
Intel Xeon E5-2420 @ 1.90GHz,,,,Q2 2012,1.9 GHz,95.0,6,12,,,,,,,,Intel,LGA1356,benchmark-spec-dataset
Intel Xeon E5-2420 v2 @ 2.20GHz,,,,Q2 2014,2.2 GHz,80.0,6,12,,,,,,,,Intel,FCLGA1356,benchmark-spec-dataset
Intel Xeon E5-2428L @ 1.80GHz,,,,Q3 2017,1.8 GHz,60.0,6,12,,,,,,,,Intel,FCLGA1356,benchmark-spec-dataset
Intel Xeon E5-2430 @ 2.20GHz,,,,Q1 2012,2.2 GHz,95.0,6,12,,,,,,,,Intel,LGA 1356,benchmark-spec-dataset
Intel Xeon E5-2430 v2 @ 2.50GHz,,,,Q3 2014,2.5 GHz,80.0,6,12,,,,,,,,Intel,LGA 1356,benchmark-spec-dataset
Intel Xeon E5-2430L @ 2.00GHz,,,,Q4 2017,2.0 GHz,60.0,6,12,,,,,,,,Intel,FCLGA1356,benchmark-spec-dataset
Intel Xeon E5-2430L v2 @ 2.40GHz,,,,Q1 2015,2.4 GHz,60.0,6,12,,,,,,,,Intel,LGA 1356,benchmark-spec-dataset
Intel Xeon E5-2440 @ 2.40GHz,,,,Q1 2014,2.4 GHz,95.0,6,12,,,,,,,,Intel,LGA 1356,benchmark-spec-dataset
Intel Xeon E5-2440 v2 @ 1.90GHz,,,,Q4 2014,1.9 GHz,95.0,8,16,,,,,,,,Intel,LGA 1356,benchmark-spec-dataset
Intel Xeon E5-2448L v2 @ 1.80GHz,,,,Q1 2018,1.8 GHz,70.0,10,20,,,,,,,,Intel,LGA 1356,benchmark-spec-dataset
Intel Xeon E5-2450 @ 2.10GHz,,,,Q2 2015,2.1 GHz,95.0,8,16,,,,,,,,Intel,LGA 1356,benchmark-spec-dataset
Intel Xeon E5-2450 v2 @ 2.50GHz,,,,Q3 2017,2.5 GHz,95.0,8,16,,,,,,,,Intel,LGA 1356,benchmark-spec-dataset
Intel Xeon E5-2450L @ 1.80GHz,,,,Q3 2015,1.8 GHz,70.0,8,16,,,,,,,,Intel,LGA 1356,benchmark-spec-dataset
Intel Xeon E5-2470 @ 2.30GHz,,,,Q3 2013,2.3 GHz,95.0,8,16,,,,,,,,Intel,LGA 1356,benchmark-spec-dataset
Intel Xeon E5-2470 v2 @ 2.40GHz,,,,Q1 2016,2.4 GHz,95.0,10,20,,,,,,,,Intel,LGA 1356,benchmark-spec-dataset
Intel Xeon E5-2603 @ 1.80GHz,,,,Q1 2012,1.8 GHz,80.0,4,4,,,,,,,,Intel,LGA 2011,benchmark-spec-dataset
Intel Xeon E5-2603 v2 @ 1.80GHz,,,,Q4 2014,1.8 GHz,80.0,4,4,,,,,,,,Intel,LGA 2011,benchmark-spec-dataset
Intel Xeon E5-2603 v3 @ 1.60GHz,,,,Q1 2015,1.6 GHz,85.0,6,6,,,,,,,,Intel,LGA2011-v3,benchmark-spec-dataset
Intel Xeon E5-2603 v4 @ 1.70GHz,,,,Q3 2016,1.7 GHz,85.0,6,6,,,,,,,,Intel,FCLGA2011-3,benchmark-spec-dataset
Intel Xeon E5-2608L v3 @ 2.00GHz,,,,Q1 2018,2.0 GHz,52.0,6,12,,,,,,,,Intel,LGA2011-v3,benchmark-spec-dataset
Intel Xeon E5-2608L v4 @ 1.60GHz,,,,Q3 2022,1.6 GHz,50.0,8,16,,,,,,,,Intel,FCLGA2011-3,benchmark-spec-dataset
Intel Xeon E5-2609 @ 2.40GHz,,,,Q2 2012,2.4 GHz,80.0,4,4,,,,,,,,Intel,LGA2011,benchmark-spec-dataset
Intel Xeon E5-2609 v2 @ 2.50GHz,,,,Q2 2014,2.5 GHz,80.0,4,4,,,,,,,,Intel,LGA 2011,benchmark-spec-dataset
Intel Xeon E5-2609 v3 @ 1.90GHz,,,,Q4 2014,1.9 GHz,80.0,6,6,,,,,,,,Intel,LGA2011-v3,benchmark-spec-dataset
Intel Xeon E5-2609 v4 @ 1.70GHz,,,,Q3 2016,1.7 GHz,85.0,8,8,,,,,,,,Intel,FCLGA2011-3,benchmark-spec-dataset
Intel Xeon E5-2618L v3 @ 2.30GHz,,,,Q1 2017,2.3 GHz,75.0,8,16,,,,,,,,Intel,LGA2011-v3,benchmark-spec-dataset
Intel Xeon E5-2618L v4 @ 2.20GHz,,,,Q4 2017,2.2 GHz,75.0,10,20,,,,,,,,Intel,FCLGA2011-3,benchmark-spec-dataset
Intel Xeon E5-2620 @ 2.00GHz,,,,Q2 2012,2.0 GHz,95.0,6,12,,,,,,,,Intel,LGA2011,benchmark-spec-dataset
Intel Xeon E5-2620 v2 @ 2.10GHz,,,,Q3 2013,2.1 GHz,80.0,6,12,,,,,,,,Intel,FCLGA2011,benchmark-spec-dataset
Intel Xeon E5-2620 v3 @ 2.40GHz,,,,Q4 2014,2.4 GHz,85.0,6,12,,,,,,,,Intel,LGA2011-v3,benchmark-spec-dataset
Intel Xeon E5-2620 v4 @ 2.10GHz,,,,Q2 2016,2.1 GHz,85.0,8,16,,,,,,,,Intel,FCLGA2011-3,benchmark-spec-dataset
Intel Xeon E5-2623 v3 @ 3.00GHz,,,,Q1 2015,3.0 GHz,105.0,4,8,,,,,,,,Intel,LGA2011-v3,benchmark-spec-dataset
Intel Xeon E5-2623 v4 @ 2.60GHz,,,,Q2 2016,2.6 GHz,85.0,4,8,,,,,,,,Intel,FCLGA2011-3,benchmark-spec-dataset
Intel Xeon E5-2628 v3 @ 2.50GHz,,,,Q3 2021,2.5 GHz,85.0,8,8,,,,,,,,Intel,LGA2011-v3,benchmark-spec-dataset
Intel Xeon E5-2628L v2 @ 1.90GHz,,,,Q3 2015,1.9 GHz,70.0,8,16,,,,,,,,Intel,LGA 2011,benchmark-spec-dataset
Intel Xeon E5-2628L v3 @ 2.00GHz,,,,Q3 2015,2.0 GHz,75.0,10,20,,,,,,,,Intel,LGA2011-v3,benchmark-spec-dataset
Intel Xeon E5-2628L v4 @ 1.90GHz,,,,Q1 2017,1.9 GHz,75.0,12,24,,,,,,,,Intel,FCLGA2011-3,benchmark-spec-dataset
Intel Xeon E5-2629 v3 @ 2.40GHz,,,,Q4 2016,2.4 GHz,85.0,8,16,,,,,,,,Intel,LGA2011-v3,benchmark-spec-dataset
Intel Xeon E5-2630 @ 2.30GHz,,,,Q2 2012,2.3 GHz,95.0,6,12,,,,,,,,Intel,LGA2011,benchmark-spec-dataset
Intel Xeon E5-2630 v2 @ 2.60GHz,,,,Q3 2013,2.6 GHz,80.0,6,12,,,,,,,,Intel,FCLGA2011,benchmark-spec-dataset
Intel Xeon E5-2630 v3 @ 2.40GHz,,,,Q4 2014,2.4 GHz,85.0,8,16,,,,,,,,Intel,LGA2011-v3,benchmark-spec-dataset
Intel Xeon E5-2630 v4 @ 2.20GHz,,,,Q2 2016,2.2 GHz,85.0,10,20,,,,,,,,Intel,FCLGA2011-3,benchmark-spec-dataset
Intel Xeon E5-2630L @ 2.00GHz,,,,Q2 2014,2.0 GHz,60.0,6,12,,,,,,,,Intel,LGA 2011,benchmark-spec-dataset
Intel Xeon E5-2630L v2 @ 2.40GHz,,,,Q4 2014,2.4 GHz,60.0,6,12,,,,,,,,Intel,LGA 2011,benchmark-spec-dataset
Intel Xeon E5-2630L v3 @ 1.80GHz,,,,Q2 2016,1.8 GHz,55.0,8,16,,,,,,,,Intel,LGA2011-v3,benchmark-spec-dataset
Intel Xeon E5-2630L v4 @ 1.80GHz,,,,Q1 2017,1.8 GHz,55.0,10,20,,,,,,,,Intel,FCLGA2011-3,benchmark-spec-dataset
Intel Xeon E5-2637 @ 3.00GHz,,,,Q2 2018,3.0 GHz,80.0,2,4,,,,,,,,Intel,FCLGA2011,benchmark-spec-dataset
Intel Xeon E5-2637 v2 @ 3.50GHz,,,,Q1 2014,3.5 GHz,130.0,4,8,,,,,,,,Intel,LGA 2011,benchmark-spec-dataset
Intel Xeon E5-2637 v3 @ 3.50GHz,,,,Q4 2014,3.5 GHz,135.0,4,8,,,,,,,,Intel,LGA2011-v3,benchmark-spec-dataset
Intel Xeon E5-2637 v4 @ 3.50GHz,,,,Q2 2016,3.5 GHz,135.0,4,8,,,,,,,,Intel,FCLGA2011-3,benchmark-spec-dataset
Intel Xeon E5-2640 @ 2.50GHz,,,,Q2 2012,2.5 GHz,95.0,6,12,,,,,,,,Intel,LGA2011,benchmark-spec-dataset
Intel Xeon E5-2640 v2 @ 2.00GHz,,,,Q1 2014,2.0 GHz,95.0,8,16,,,,,,,,Intel,LGA 2011,benchmark-spec-dataset
Intel Xeon E5-2640 v3 @ 2.60GHz,,,,Q3 2014,2.6 GHz,90.0,8,16,,,,,,,,Intel,LGA2011-v3,benchmark-spec-dataset
Intel Xeon E5-2640 v4 @ 2.40GHz,,,,Q2 2016,2.4 GHz,90.0,10,20,,,,,,,,Intel,FCLGA2011-3,benchmark-spec-dataset
Intel Xeon E5-2643 @ 3.30GHz,,,,Q2 2012,3.3 GHz,130.0,4,8,,,,,,,,Intel,LGA2011,benchmark-spec-dataset
Intel Xeon E5-2643 v2 @ 3.50GHz,,,,Q3 2013,3.5 GHz,130.0,6,12,,,,,,,,Intel,FCLGA2011,benchmark-spec-dataset
Intel Xeon E5-2643 v3 @ 3.40GHz,,,,Q1 2015,3.4 GHz,135.0,6,12,,,,,,,,Intel,LGA2011-v3,benchmark-spec-dataset
Intel Xeon E5-2643 v4 @ 3.40GHz,,,,Q2 2016,3.4 GHz,135.0,6,12,,,,,,,,Intel,FCLGA2011-3,benchmark-spec-dataset
Intel Xeon E5-2648L @ 1.80GHz,,,,Q3 2015,1.8 GHz,70.0,8,16,,,,,,,,Intel,LGA 2011,benchmark-spec-dataset
Intel Xeon E5-2648L v2 @ 1.90GHz,,,,Q4 2017,1.9 GHz,70.0,10,20,,,,,,,,Intel,FCLGA2011,benchmark-spec-dataset
Intel Xeon E5-2648L v3 @ 1.80GHz,,,,Q2 2016,1.8 GHz,75.0,12,24,,,,,,,,Intel,LGA2011-v3,benchmark-spec-dataset
Intel Xeon E5-2648L v4 @ 1.80GHz,,,,Q3 2017,1.8 GHz,75.0,14,28,,,,,,,,Intel,FCLGA2011-3,benchmark-spec-dataset
Intel Xeon E5-2649 v3 @ 2.30GHz,,,,Q1 2018,2.3 GHz,105.0,10,20,,,,,,,,Intel,LGA2011-v3,benchmark-spec-dataset
Intel Xeon E5-2650 @ 2.00GHz,,,,Q1 2012,2.0 GHz,95.0,8,16,,,,,,,,Intel,LGA2011,benchmark-spec-dataset
Intel Xeon E5-2650 v2 @ 2.60GHz,,,,Q3 2013,2.6 GHz,95.0,8,16,,,,,,,,Intel,FCLGA2011,benchmark-spec-dataset
Intel Xeon E5-2650 v3 @ 2.30GHz,,,,Q3 2014,2.3 GHz,105.0,10,20,,,,,,,,Intel,LGA2011-v3,benchmark-spec-dataset
Intel Xeon E5-2650 v4 @ 2.20GHz,,,,Q2 2016,2.2 GHz,105.0,12,24,,,,,,,,Intel,FCLGA2011-3,benchmark-spec-dataset
Intel Xeon E5-2650L @ 1.80GHz,,,,Q1 2012,1.8 GHz,70.0,8,16,,,,,,,,Intel,LGA 2011,benchmark-spec-dataset
Intel Xeon E5-2650L v2 @ 1.70GHz,,,,Q1 2017,1.7 GHz,70.0,10,20,,,,,,,,Intel,FCLGA2011,benchmark-spec-dataset
Intel Xeon E5-2650L v3 @ 1.80GHz,,,,Q3 2015,1.8 GHz,65.0,12,24,,,,,,,,Intel,LGA2011-v3,benchmark-spec-dataset
Intel Xeon E5-2650L v4 @ 1.70GHz,,,,Q3 2017,1.7 GHz,65.0,14,28,,,,,,,,Intel,FCLGA2011-3,benchmark-spec-dataset
Intel Xeon E5-2658 @ 2.10GHz,,,,Q2 2012,2.1 GHz,95.0,8,16,,,,,,,,Intel,LGA2011,benchmark-spec-dataset
Intel Xeon E5-2658 v2 @ 2.40GHz,,,,Q4 2013,2.4 GHz,95.0,10,20,,,,,,,,Intel,LGA 2011,benchmark-spec-dataset
Intel Xeon E5-2658 v3 @ 2.20GHz,,,,Q4 2015,2.2 GHz,105.0,12,24,,,,,,,,Intel,LGA2011-v3,benchmark-spec-dataset
Intel Xeon E5-2658 v4 @ 2.30GHz,,,,Q4 2016,2.3 GHz,105.0,14,28,,,,,,,,Intel,FCLGA2011-3,benchmark-spec-dataset
Intel Xeon E5-2658A v3 @ 2.20GHz,,,,Q3 2019,2.2 GHz,105.0,12,24,,,,,,,,Intel,FCLGA2011-3,benchmark-spec-dataset
Intel Xeon E5-2660 @ 2.20GHz,,,,Q2 2012,2.2 GHz,95.0,8,16,,,,,,,,Intel,LGA2011,benchmark-spec-dataset
Intel Xeon E5-2660 v2 @ 2.20GHz,,,,Q1 2014,2.2 GHz,95.0,10,20,,,,,,,,Intel,LGA 2011,benchmark-spec-dataset
Intel Xeon E5-2660 v3 @ 2.60GHz,,,,Q3 2014,2.6 GHz,105.0,10,20,,,,,,,,Intel,LGA2011-v3,benchmark-spec-dataset
Intel Xeon E5-2660 v4 @ 2.00GHz,,,,Q4 2016,2.0 GHz,105.0,14,28,,,,,,,,Intel,FCLGA2011-3,benchmark-spec-dataset
Intel Xeon E5-2663 v3 @ 2.80GHz,,,,Q4 2015,2.8 GHz,120.0,10,10,,,,,,,,Intel,LGA2011-v3,benchmark-spec-dataset
Intel Xeon E5-2665 @ 2.40GHz,,,,Q2 2012,2.4 GHz,115.0,8,16,,,,,,,,Intel,LGA2011,benchmark-spec-dataset
Intel Xeon E5-2666 v3 @ 2.90GHz,,,,Q1 2015,2.9 GHz,135.0,10,20,,,,,,,,Intel,LGA2011-v3,benchmark-spec-dataset
Intel Xeon E5-2667 @ 2.90GHz,,,,Q3 2012,2.9 GHz,130.0,6,12,,,,,,,,Intel,LGA2011,benchmark-spec-dataset
Intel Xeon E5-2667 v2 @ 3.30GHz,,,,Q1 2014,3.3 GHz,130.0,8,16,,,,,,,,Intel,LGA 2011,benchmark-spec-dataset
Intel Xeon E5-2667 v3 @ 3.20GHz,,,,Q4 2014,3.2 GHz,135.0,8,16,,,,,,,,Intel,LGA2011-v3,benchmark-spec-dataset
Intel Xeon E5-2667 v4 @ 3.20GHz,,,,Q3 2016,3.2 GHz,135.0,8,16,,,,,,,,Intel,FCLGA2011-3,benchmark-spec-dataset
Intel Xeon E5-2669 v3 @ 2.30GHz,,,,Q1 2016,2.3 GHz,120.0,12,24,,,,,,,,Intel,LGA2011-v3,benchmark-spec-dataset
Intel Xeon E5-2670 @ 2.60GHz,,,,Q1 2012,2.6 GHz,115.0,8,16,,,,,,,,Intel,LGA2011,benchmark-spec-dataset
Intel Xeon E5-2670 v2 @ 2.50GHz,,,,Q1 2014,2.5 GHz,115.0,10,20,,,,,,,,Intel,FCLGA2011,benchmark-spec-dataset
Intel Xeon E5-2670 v3 @ 2.30GHz,,,,Q3 2014,2.3 GHz,120.0,12,24,,,,,,,,Intel,LGA2011-v3,benchmark-spec-dataset
Intel Xeon E5-2673 v2 @ 3.30GHz,,,,Q2 2016,3.3 GHz,110.0,8,16,,,,,,,,Intel,LGA 2011,benchmark-spec-dataset
Intel Xeon E5-2673 v3 @ 2.40GHz,,,,Q3 2015,2.4 GHz,110.0,12,24,,,,,,,,Intel,LGA2011-v3,benchmark-spec-dataset
Intel Xeon E5-2673 v4 @ 2.30GHz,,,,Q4 2016,2.3 GHz,135.0,20,40,,,,,,,,Intel,FCLGA2011-3,benchmark-spec-dataset
Intel Xeon E5-2676 v3 @ 2.40GHz,,,,Q4 2015,2.4 GHz,120.0,12,24,,,,,,,,Intel,LGA2011-v3,benchmark-spec-dataset
Intel Xeon E5-2676 v4 @ 2.40GHz,,,,Q3 2020,2.4 GHz,145.0,16,32,,,,,,,,Intel,FCLGA2011-3,benchmark-spec-dataset
Intel Xeon E5-2678 v3 @ 2.50GHz,,,,Q3 2015,2.5 GHz,120.0,12,24,,,,,,,,Intel,LGA2011-v3,benchmark-spec-dataset
Intel Xeon E5-2679 v4 @ 2.50GHz,,,,Q2 2016,2.5 GHz,200.0,20,40,,,,,,,,Intel,FCLGA2011-3,benchmark-spec-dataset
Intel Xeon E5-2680 @ 2.70GHz,,,,Q2 2012,2.7 GHz,130.0,8,16,,,,,,,,Intel,LGA2011,benchmark-spec-dataset
Intel Xeon E5-2680 v2 @ 2.80GHz,,,,Q3 2013,2.8 GHz,115.0,10,20,,,,,,,,Intel,FCLGA2011,benchmark-spec-dataset
Intel Xeon E5-2680 v3 @ 2.50GHz,,,,Q4 2014,2.5 GHz,120.0,12,24,,,,,,,,Intel,LGA2011-v3,benchmark-spec-dataset
Intel Xeon E5-2680 v4 @ 2.40GHz,,,,Q2 2016,2.4 GHz,120.0,14,28,,,,,,,,Intel,FCLGA2011-3,benchmark-spec-dataset
Intel Xeon E5-2680R v4 @ 2.40GHz,,,,Q4 2020,2.4 GHz,120.0,14,28,,,,,,,,Intel,FCLGA2011-3,benchmark-spec-dataset
Intel Xeon E5-2682 v4 @ 2.50GHz,,,,Q3 2017,2.5 GHz,120.0,16,32,,,,,,,,Intel,FCLGA2011-3,benchmark-spec-dataset
Intel Xeon E5-2683 v3 @ 2.00GHz,,,,Q1 2015,2.0 GHz,120.0,14,28,,,,,,,,Intel,LGA2011-v3,benchmark-spec-dataset
Intel Xeon E5-2683 v4 @ 2.10GHz,,,,Q4 2016,2.1 GHz,120.0,16,32,,,,,,,,Intel,FCLGA2011-3,benchmark-spec-dataset
Intel Xeon E5-2685 v3 @ 2.60GHz,,,,Q2 2015,2.6 GHz,120.0,12,12,,,,,,,,Intel,LGA2011-v3,benchmark-spec-dataset
Intel Xeon E5-2686 v3 @ 2.00GHz,,,,Q3 2015,2.0 GHz,120.0,18,36,,,,,,,,Intel,LGA2011-v3,benchmark-spec-dataset
Intel Xeon E5-2686 v4 @ 2.30GHz,,,,Q4 2016,2.3 GHz,145.0,18,36,,,,,,,,Intel,FCLGA2011-3,benchmark-spec-dataset
Intel Xeon E5-2687W @ 3.10GHz,,,,Q1 2012,3.1 GHz,150.0,8,16,,,,,,,,Intel,LGA2011,benchmark-spec-dataset
Intel Xeon E5-2687W v2 @ 3.40GHz,,,,Q3 2013,3.4 GHz,150.0,8,16,,,,,,,,Intel,FCLGA2011,benchmark-spec-dataset
Intel Xeon E5-2687W v3 @ 3.10GHz,,,,Q4 2014,3.1 GHz,160.0,10,20,,,,,,,,Intel,LGA2011-v3,benchmark-spec-dataset
Intel Xeon E5-2687W v4 @ 3.00GHz,,,,Q2 2016,3.0 GHz,160.0,12,24,,,,,,,,Intel,FCLGA2011-3,benchmark-spec-dataset
Intel Xeon E5-2689 @ 2.60GHz,,,,Q1 2013,2.6 GHz,115.0,8,16,,,,,,,,Intel,LGA 2011,benchmark-spec-dataset
Intel Xeon E5-2689 v4 @ 3.10GHz,,,,Q3 2016,3.1 GHz,165.0,10,20,,,,,,,,Intel,FCLGA2011-3,benchmark-spec-dataset
Intel Xeon E5-2690 @ 2.90GHz,,,,Q1 2012,2.9 GHz,135.0,8,16,,,,,,,,Intel,LGA2011,benchmark-spec-dataset
Intel Xeon E5-2690 v2 @ 3.00GHz,,,,Q3 2013,3.0 GHz,130.0,10,20,,,,,,,,Intel,FCLGA2011,benchmark-spec-dataset
Intel Xeon E5-2690 v3 @ 2.60GHz,,,,Q3 2014,2.6 GHz,135.0,12,24,,,,,,,,Intel,LGA2011-v3,benchmark-spec-dataset
Intel Xeon E5-2690 v4 @ 2.60GHz,,,,Q2 2016,2.6 GHz,135.0,14,28,,,,,,,,Intel,FCLGA2011-3,benchmark-spec-dataset
Intel Xeon E5-2692 v2 @ 2.20GHz,,,,Q2 2016,2.2 GHz,115.0,12,24,,,,,,,,Intel,LGA 2011,benchmark-spec-dataset
Intel Xeon E5-2695 v2 @ 2.40GHz,,,,Q4 2013,2.4 GHz,115.0,12,24,,,,,,,,Intel,LGA 2011,benchmark-spec-dataset
Intel Xeon E5-2695 v3 @ 2.30GHz,,,,Q3 2014,2.3 GHz,120.0,14,28,,,,,,,,Intel,LGA2011-v3,benchmark-spec-dataset
Intel Xeon E5-2695 v4 @ 2.10GHz,,,,Q3 2016,2.1 GHz,120.0,18,36,,,,,,,,Intel,FCLGA2011-3,benchmark-spec-dataset
Intel Xeon E5-2696 v2 @ 2.50GHz,,,,Q3 2013,2.5 GHz,120.0,12,24,,,,,,,,Intel,LGA2011,benchmark-spec-dataset
Intel Xeon E5-2696 v3 @ 2.30GHz,,,,Q2 2015,2.3 GHz,145.0,18,36,,,,,,,,Intel,LGA2011-v3,benchmark-spec-dataset
Intel Xeon E5-2696 v4 @ 2.20GHz,,,,Q2 2016,2.2 GHz,150.0,22,44,,,,,,,,Intel,FCLGA2011-3,benchmark-spec-dataset
Intel Xeon E5-2697 v2 @ 2.70GHz,,,,Q2 2013,2.7 GHz,130.0,12,24,,,,,,,,Intel,FCLGA2011,benchmark-spec-dataset
Intel Xeon E5-2697 v3 @ 2.60GHz,,,,Q3 2014,2.6 GHz,145.0,14,28,,,,,,,,Intel,LGA2011-v3,benchmark-spec-dataset
Intel Xeon E5-2697 v4 @ 2.30GHz,,,,Q2 2016,2.3 GHz,145.0,18,36,,,,,,,,Intel,FCLGA2011-3,benchmark-spec-dataset
Intel Xeon E5-2697A v4 @ 2.60GHz,,,,Q2 2016,2.6 GHz,145.0,16,32,,,,,,,,Intel,FCLGA2011-3,benchmark-spec-dataset
Intel Xeon E5-2697R v4 @ 2.30GHz,,,,Q1 2021,2.3 GHz,145.0,18,36,,,,,,,,Intel,FCLGA2011-3,benchmark-spec-dataset
Intel Xeon E5-2698 v3 @ 2.30GHz,,,,Q3 2014,2.3 GHz,135.0,16,32,,,,,,,,Intel,LGA2011-v3,benchmark-spec-dataset
Intel Xeon E5-2698 v4 @ 2.20GHz,,,,Q2 2016,2.2 GHz,135.0,20,40,,,,,,,,Intel,FCLGA2011-3,benchmark-spec-dataset
Intel Xeon E5-2699 v3 @ 2.30GHz,,,,Q3 2014,2.3 GHz,145.0,18,36,,,,,,,,Intel,LGA2011-v3,benchmark-spec-dataset
Intel Xeon E5-2699 v4 @ 2.20GHz,,,,Q2 2016,2.2 GHz,145.0,22,44,,,,,,,,Intel,FCLGA2011-3,benchmark-spec-dataset
Intel Xeon E5-2699A v4 @ 2.40GHz,,,,Q1 2019,2.4 GHz,145.0,22,44,,,,,,,,Intel,FCLGA2011-3,benchmark-spec-dataset
Intel Xeon E5-2699C v4 @ 2.20GHz,,,,Q3 2017,2.2 GHz,145.0,22,44,,,,,,,,Intel,FCLGA2011-3,benchmark-spec-dataset
Intel Xeon E5-4603 @ 2.00GHz,,,,Q1 2014,2.0 GHz,95.0,4,8,,,,,,,,Intel,LGA 2011,benchmark-spec-dataset
Intel Xeon E5-4607 v2 @ 2.60GHz,,,,Q3 2016,2.6 GHz,95.0,6,12,,,,,,,,Intel,FCLGA2011,benchmark-spec-dataset
Intel Xeon E5-4610 @ 2.40GHz,,,,Q4 2018,2.4 GHz,95.0,6,12,,,,,,,,Intel,FCLGA2011,benchmark-spec-dataset
Intel Xeon E5-4610 v3 @ 1.70GHz,,,,Q3 2019,1.7 GHz,105.0,10,20,,,,,,,,Intel,FCLGA2011-3,benchmark-spec-dataset
Intel Xeon E5-4610 v4 @ 1.80GHz,,,,Q3 2021,1.8 GHz,105.0,10,20,,,,,,,,Intel,FCLGA2011-3,benchmark-spec-dataset
Intel Xeon E5-4617 @ 2.90GHz,,,,Q1 2014,2.9 GHz,130.0,6,6,,,,,,,,Intel,LGA 2011,benchmark-spec-dataset
Intel Xeon E5-4620 @ 2.20GHz,,,,Q4 2015,2.2 GHz,95.0,8,16,,,,,,,,Intel,LGA 2011,benchmark-spec-dataset
Intel Xeon E5-4620 v2 @ 2.60GHz,,,,Q4 2015,2.6 GHz,95.0,8,16,,,,,,,,Intel,FCLGA2011,benchmark-spec-dataset
Intel Xeon E5-4620 v3 @ 2.00GHz,,,,Q4 2019,2.0 GHz,105.0,10,20,,,,,,,,Intel,FCLGA2011-3,benchmark-spec-dataset
Intel Xeon E5-4627 v2 @ 3.30GHz,,,,Q2 2015,3.3 GHz,130.0,8,8,,,,,,,,Intel,FCLGA2011,benchmark-spec-dataset
Intel Xeon E5-4627 v3 @ 2.60GHz,,,,Q4 2016,2.6 GHz,135.0,10,10,,,,,,,,Intel,FCLGA2011-3,benchmark-spec-dataset
Intel Xeon E5-4627 v4 @ 2.60GHz,,,,Q2 2017,2.6 GHz,135.0,10,10,,,,,,,,Intel,FCLGA2011-3,benchmark-spec-dataset
Intel Xeon E5-4640 @ 2.40GHz,,,,Q3 2012,2.4 GHz,95.0,8,16,,,,,,,,Intel,LGA2011,benchmark-spec-dataset
Intel Xeon E5-4640 v2 @ 2.20GHz,,,,Q3 2015,2.2 GHz,95.0,10,20,,,,,,,,Intel,LGA 2011,benchmark-spec-dataset
Intel Xeon E5-4640 v3 @ 1.90GHz,,,,Q2 2017,1.9 GHz,105.0,12,24,,,,,,,,Intel,FCLGA2011-3,benchmark-spec-dataset
Intel Xeon E5-4640 v4 @ 2.10GHz,,,,Q2 2017,2.1 GHz,105.0,12,24,,,,,,,,Intel,FCLGA2011-3,benchmark-spec-dataset
Intel Xeon E5-4648 v3 @ 1.70GHz,,,,Q2 2017,1.7 GHz,105.0,12,24,,,,,,,,Intel,FCLGA2011-3,benchmark-spec-dataset
Intel Xeon E5-4650 @ 2.70GHz,,,,Q3 2012,2.7 GHz,130.0,8,16,,,,,,,,Intel,LGA2011,benchmark-spec-dataset
Intel Xeon E5-4650 v2 @ 2.40GHz,,,,Q1 2019,2.4 GHz,95.0,10,20,,,,,,,,Intel,FCLGA2011,benchmark-spec-dataset
Intel Xeon E5-4650 v3 @ 2.10GHz,,,,Q1 2018,2.1 GHz,105.0,12,24,,,,,,,,Intel,FCLGA2011-3,benchmark-spec-dataset
Intel Xeon E5-4650 v4 @ 2.20GHz,,,,Q4 2019,2.2 GHz,105.0,14,28,,,,,,,,Intel,FCLGA2011-3,benchmark-spec-dataset
Intel Xeon E5-4650L @ 2.60GHz,,,,Q3 2017,2.6 GHz,115.0,8,16,,,,,,,,Intel,LGA 2011,benchmark-spec-dataset
Intel Xeon E5-4655 v3 @ 2.90GHz,,,,Q2 2018,2.9 GHz,135.0,6,12,,,,,,,,Intel,FCLGA2011-3,benchmark-spec-dataset
Intel Xeon E5-4657L v2 @ 2.40GHz,,,,Q1 2015,2.4 GHz,115.0,12,24,,,,,,,,Intel,FCLGA2011,benchmark-spec-dataset
Intel Xeon E5-4660 v3 @ 2.10GHz,,,,Q2 2017,2.1 GHz,120.0,14,28,,,,,,,,Intel,FCLGA2011-3,benchmark-spec-dataset
Intel Xeon E5-4660 v4 @ 2.20GHz,,,,Q1 2019,2.2 GHz,120.0,16,32,,,,,,,,Intel,FCLGA2011-3,benchmark-spec-dataset
Intel Xeon E5-4667 v3 @ 2.00GHz,,,,Q1 2018,2.0 GHz,135.0,16,32,,,,,,,,Intel,FCLGA2011-3,benchmark-spec-dataset
Intel Xeon E5-4667 v4 @ 2.20GHz,,,,Q1 2021,2.2 GHz,135.0,18,36,,,,,,,,Intel,FCLGA2011-3,benchmark-spec-dataset
Intel Xeon E5-4669 v3 @ 2.10GHz,,,,Q4 2015,2.1 GHz,135.0,18,36,,,,,,,,Intel,FCLGA2011-3,benchmark-spec-dataset
Intel Xeon E5-4669 v4 @ 2.20GHz,,,,Q2 2017,2.2 GHz,135.0,22,44,,,,,,,,Intel,FCLGA2011-3,benchmark-spec-dataset
Intel Xeon E5205 @ 1.86GHz,,,,Q1 2012,1.9 GHz,65.0,2,2,,,,,,,,Intel,LGA771,benchmark-spec-dataset
Intel Xeon E5240 @ 3.00GHz,,,,Q4 2009,3.0 GHz,65.0,2,2,,,,,,,,Intel,LGA771,benchmark-spec-dataset
Intel Xeon E5310 @ 1.60GHz,,,,Q1 2009,1.6 GHz,80.0,4,4,,,,,,,,Intel,LGA771,benchmark-spec-dataset
Intel Xeon E5320 @ 1.86GHz,,,,Q1 2009,1.9 GHz,80.0,4,4,,,,,,,,Intel,LGA771,benchmark-spec-dataset
Intel Xeon E5335 @ 2.00GHz,,,,Q2 2009,2.0 GHz,80.0,4,4,,,,,,,,Intel,LGA771,benchmark-spec-dataset
Intel Xeon E5345 @ 2.33GHz,,,,Q4 2008,2.3 GHz,80.0,4,4,,,,,,,,Intel,LGA771,benchmark-spec-dataset
Intel Xeon E5405 @ 2.00GHz,,,,Q1 2009,2.0 GHz,80.0,4,4,,,,,,,,Intel,LGA771,benchmark-spec-dataset
Intel Xeon E5410 @ 2.33GHz,,,,Q1 2009,2.3 GHz,80.0,4,4,,,,,,,,Intel,LGA771,benchmark-spec-dataset
Intel Xeon E5420 @ 2.50GHz,,,,Q1 2009,2.5 GHz,80.0,4,4,,,,,,,,Intel,LGA771,benchmark-spec-dataset
Intel Xeon E5430 @ 2.66GHz,,,,Q1 2009,2.7 GHz,80.0,4,4,,,,,,,,Intel,LGA771,benchmark-spec-dataset
Intel Xeon E5440 @ 2.83GHz,,,,Q1 2009,2.8 GHz,80.0,4,4,,,,,,,,Intel,LGA771,benchmark-spec-dataset
Intel Xeon E5450 @ 3.00GHz,,,,Q2 2009,3.0 GHz,80.0,4,4,,,,,,,,Intel,LGA771,benchmark-spec-dataset
Intel Xeon E5462 @ 2.80GHz,,,,Q1 2009,2.8 GHz,80.0,4,4,,,,,,,,Intel,LGA771,benchmark-spec-dataset
Intel Xeon E5472 @ 3.00GHz,,,,Q1 2009,3.0 GHz,80.0,4,4,,,,,,,,Intel,LGA771,benchmark-spec-dataset
Intel Xeon E5502 @ 1.87GHz,,,,Q2 2009,1.9 GHz,80.0,2,2,,,,,,,,Intel,LGA1366,benchmark-spec-dataset
Intel Xeon E5503 @ 2.00GHz,,,,Q2 2010,2.0 GHz,80.0,2,2,,,,,,,,Intel,LGA1366,benchmark-spec-dataset
Intel Xeon E5504 @ 2.00GHz,,,,Q2 2009,2.0 GHz,80.0,4,4,,,,,,,,Intel,LGA1366,benchmark-spec-dataset
Intel Xeon E5506 @ 2.13GHz,,,,Q2 2009,2.1 GHz,80.0,4,4,,,,,,,,Intel,LGA1366,benchmark-spec-dataset
Intel Xeon E5507 @ 2.27GHz,,,,Q2 2010,2.3 GHz,80.0,4,4,,,,,,,,Intel,LGA1366,benchmark-spec-dataset
Intel Xeon E5520 @ 2.27GHz,,,,Q1 2009,2.3 GHz,80.0,4,8,,,,,,,,Intel,LGA1366,benchmark-spec-dataset
Intel Xeon E5530 @ 2.40GHz,,,,Q2 2009,2.4 GHz,80.0,4,8,,,,,,,,Intel,LGA1366,benchmark-spec-dataset
Intel Xeon E5540 @ 2.53GHz,,,,Q3 2009,2.5 GHz,80.0,4,8,,,,,,,,Intel,LGA1366,benchmark-spec-dataset
Intel Xeon E5603 @ 1.60GHz,,,,Q2 2011,1.6 GHz,80.0,4,4,,,,,,,,Intel,LGA1366,benchmark-spec-dataset
Intel Xeon E5606 @ 2.13GHz,,,,Q2 2011,2.1 GHz,80.0,4,4,,,,,,,,Intel,LGA1366,benchmark-spec-dataset
Intel Xeon E5607 @ 2.27GHz,,,,Q2 2011,2.3 GHz,80.0,4,4,,,,,,,,Intel,LGA1366,benchmark-spec-dataset
Intel Xeon E5620 @ 2.40GHz,,,,Q2 2010,2.4 GHz,80.0,4,8,,,,,,,,Intel,LGA1366,benchmark-spec-dataset
Intel Xeon E5630 @ 2.53GHz,,,,Q2 2010,2.5 GHz,80.0,4,8,,,,,,,,Intel,LGA1366,benchmark-spec-dataset
Intel Xeon E5640 @ 2.67GHz,,,,Q2 2010,2.7 GHz,80.0,4,8,,,,,,,,Intel,LGA1366,benchmark-spec-dataset
Intel Xeon E5645 @ 2.40GHz,,,,Q2 2011,2.4 GHz,80.0,6,12,,,,,,,,Intel,LGA1366,benchmark-spec-dataset
Intel Xeon E5649 @ 2.53GHz,,,,Q3 2011,2.5 GHz,80.0,6,12,,,,,,,,Intel,LGA1366,benchmark-spec-dataset
Intel Xeon E7- 2830 @ 2.13GHz,,,,Q1 2018,2.1 GHz,105.0,4,4,,,,,,,,Intel,LGA1567,benchmark-spec-dataset
Intel Xeon E7- 4807 @ 1.87GHz,,,,Q3 2020,1.9 GHz,95.0,6,12,,,,,,,,Intel,LGA1567,benchmark-spec-dataset
Intel Xeon E7- 4850 @ 2.00GHz,,,,Q2 2013,2.0 GHz,130.0,10,20,,,,,,,,Intel,LGA1567,benchmark-spec-dataset
Intel Xeon E7- 4860 @ 2.27GHz,,,,Q4 2017,2.3 GHz,130.0,10,20,,,,,,,,Intel,LGA1567,benchmark-spec-dataset
Intel Xeon E7- 4870 @ 2.40GHz,,,,Q3 2013,2.4 GHz,130.0,10,20,,,,,,,,Intel,LGA1567,benchmark-spec-dataset
Intel Xeon E7- 8837 @ 2.67GHz,,,,Q3 2015,2.7 GHz,130.0,8,8,,,,,,,,Intel,LGA1567,benchmark-spec-dataset
Intel Xeon E7- 8870 @ 2.40GHz,,,,Q3 2015,2.4 GHz,130.0,10,20,,,,,,,,Intel,LGA1567,benchmark-spec-dataset
Intel Xeon E7-4830 @ 2.13GHz,,,,Q4 2015,2.1 GHz,105.0,8,16,,,,,,,,Intel,LGA1567,benchmark-spec-dataset
Intel Xeon E7-4880 v2 @ 2.50GHz,,,,Q1 2020,2.5 GHz,130.0,15,30,,,,,,,,Intel,LGA 2011,benchmark-spec-dataset
Intel Xeon E7-4890 v2 @ 2.80GHz,,,,Q4 2015,2.8 GHz,155.0,15,30,,,,,,,,Intel,LGA 2011-1,benchmark-spec-dataset
Intel Xeon E7-8857 v2 @ 3.00GHz,,,,Q2 2021,3.0 GHz,130.0,12,12,,,,,,,,Intel,FCLGA2011,benchmark-spec-dataset
Intel Xeon E7-8867 v3 @ 2.50GHz,,,,Q3 2020,2.5 GHz,165.0,16,32,,,,,,,,Intel,FCLGA2011,benchmark-spec-dataset
Intel Xeon E7-8880 v2 @ 2.50GHz,,,,Q1 2018,2.5 GHz,130.0,15,30,,,,,,,,Intel,LGA 2011-1,benchmark-spec-dataset
Intel Xeon E7-8880 v3 @ 2.30GHz,,,,Q3 2016,2.3 GHz,150.0,18,36,,,,,,,,Intel,LGA2011-1,benchmark-spec-dataset
Intel Xeon E7-8880 v4 @ 2.20GHz,,,,Q2 2023,2.2 GHz,150.0,22,44,,,,,,,,Intel,FCLGA2011,benchmark-spec-dataset
Intel Xeon E7-8890 v3 @ 2.50GHz,,,,Q1 2018,2.5 GHz,165.0,18,36,,,,,,,,Intel,LGA2011-1,benchmark-spec-dataset
Intel Xeon E7-8890 v4 @ 2.20GHz,,,,Q2 2022,2.2 GHz,165.0,24,48,,,,,,,,Intel,LGA2011-v3,benchmark-spec-dataset
Intel Xeon E7-8891 v3 @ 2.80GHz,,,,Q1 2023,2.8 GHz,165.0,10,20,,,,,,,,Intel,LGA2011-v3,benchmark-spec-dataset
Intel Xeon E7-8893 v4 @ 3.20GHz,,,,Q1 2023,1.2 GHz,140.0,4,8,,,,,,,,Intel,FCLGA2011,benchmark-spec-dataset
Intel Xeon E7-8894 v4 @ 2.40GHz,,,,Q1 2023,2.4 GHz,165.0,24,48,,,,,,,,Intel,FCLGA2011,benchmark-spec-dataset
Intel Xeon E7-8895 v2 @ 2.80GHz,,,,Q3 2019,2.8 GHz,155.0,15,30,,,,,,,,Intel,FCLGA2011,benchmark-spec-dataset
Intel Xeon E7320 @ 2.13GHz,,,,Q1 2016,2.1 GHz,80.0,4,4,,,,,,,,Intel,604,benchmark-spec-dataset
Intel Xeon E7330 @ 2.40GHz,,,,Q4 2014,2.4 GHz,80.0,4,4,,,,,,,,Intel,PGA604. PPGA604,benchmark-spec-dataset
Intel Xeon E7340 @ 2.40GHz,,,,Q3 2015,2.4 GHz,80.0,4,4,,,,,,,,Intel,PGA604,benchmark-spec-dataset
Intel Xeon E7450 @ 2.40GHz,,,,Q4 2014,2.4 GHz,90.0,6,6,,,,,,,,Intel,PGA604,benchmark-spec-dataset
Intel Xeon E7530 @ 1.87GHz,,,,Q2 2016,1.9 GHz,105.0,6,12,,,,,,,,Intel,FCLGA1567,benchmark-spec-dataset
Intel Xeon E7540 @ 2.00GHz,,,,Q2 2015,2.0 GHz,105.0,6,12,,,,,,,,Intel,FCLGA1567,benchmark-spec-dataset
Intel Xeon Gold 5115 @ 2.40GHz,,,,Q1 2018,2.4 GHz,85.0,10,20,,,,,,,,Intel,FCLGA3647,benchmark-spec-dataset
Intel Xeon Gold 5117 @ 2.00GHz,,,,Q4 2017,2.0 GHz,105.0,14,28,,,,,,,,Intel,,benchmark-spec-dataset
Intel Xeon Gold 5118 @ 2.30GHz,,,,Q4 2017,2.3 GHz,105.0,12,24,,,,,,,,Intel,FCLGA3647,benchmark-spec-dataset
Intel Xeon Gold 5120 @ 2.20GHz,,,,Q4 2017,2.2 GHz,105.0,14,28,,,,,,,,Intel,FCLGA3647,benchmark-spec-dataset
Intel Xeon Gold 5120T @ 2.20GHz,,,,Q2 2018,2.2 GHz,105.0,14,28,,,,,,,,Intel,FCLGA3647,benchmark-spec-dataset
Intel Xeon Gold 5122 @ 3.60GHz,,,,Q4 2017,3.6 GHz,105.0,4,8,,,,,,,,Intel,FCLGA3647,benchmark-spec-dataset
Intel Xeon Gold 5215 @ 2.50GHz,,,,Q4 2019,2.5 GHz,85.0,10,20,,,,,,,,Intel,FCLGA3647,benchmark-spec-dataset
Intel Xeon Gold 5217 @ 3.00GHz,,,,Q4 2019,3.0 GHz,115.0,8,16,,,,,,,,Intel,FCLGA3647,benchmark-spec-dataset
Intel Xeon Gold 5218 @ 2.30GHz,,,,Q3 2019,2.3 GHz,125.0,16,32,,,,,,,,Intel,FCLGA3647,benchmark-spec-dataset
Intel Xeon Gold 5218N @ 2.30GHz,,,,Q4 2022,2.3 GHz,110.0,16,32,,,,,,,,Intel,FCLGA3647,benchmark-spec-dataset
Intel Xeon Gold 5218R @ 2.10GHz,,,,Q2 2021,2.1 GHz,125.0,20,40,,,,,,,,Intel,FCLGA3647,benchmark-spec-dataset
Intel Xeon Gold 5218T @ 2.10GHz,,,,Q2 2019,2.1 GHz,105.0,16,32,,,,,,,,Intel,,benchmark-spec-dataset
Intel Xeon Gold 5220 @ 2.20GHz,,,,Q3 2019,2.2 GHz,125.0,18,36,,,,,,,,Intel,FCLGA3647,benchmark-spec-dataset
Intel Xeon Gold 5220R @ 2.20GHz,,,,Q1 2021,2.2 GHz,150.0,24,48,,,,,,,,Intel,FCLGA3647,benchmark-spec-dataset
Intel Xeon Gold 5222 @ 3.80GHz,,,,Q2 2019,3.8 GHz,105.0,4,8,,,,,,,,Intel,FCLGA3647,benchmark-spec-dataset
Intel Xeon Gold 5315Y @ 3.20GHz,,,,Q3 2021,3.2 GHz,140.0,8,16,,,,,,,,Intel,FCLGA4189,benchmark-spec-dataset
Intel Xeon Gold 5317 @ 3.00GHz,,,,Q2 2021,3.0 GHz,150.0,12,24,,,,,,,,Intel,FCLGA4189,benchmark-spec-dataset
Intel Xeon Gold 5318Y @ 2.10GHz,,,,Q1 2022,2.1 GHz,165.0,24,48,,,,,,,,Intel,FCLGA4189,benchmark-spec-dataset
Intel Xeon Gold 5320 @ 2.20GHz,,,,Q4 2021,2.2 GHz,185.0,26,52,,,,,,,,Intel,FCLGA4189,benchmark-spec-dataset
Intel Xeon Gold 6122 @ 1.80GHz,,,,Q4 2022,1.8 GHz,120.0,20,40,,,,,,,,Intel,FCLGA3647,benchmark-spec-dataset
Intel Xeon Gold 6126 @ 2.60GHz,,,,Q1 2018,2.6 GHz,125.0,12,24,,,,,,,,Intel,FCLGA3647,benchmark-spec-dataset
Intel Xeon Gold 6128 @ 3.40GHz,,,,Q4 2017,3.4 GHz,115.0,6,12,,,,,,,,Intel,FCLGA3647,benchmark-spec-dataset
Intel Xeon Gold 6130 @ 2.10GHz,,,,Q4 2017,2.1 GHz,125.0,16,32,,,,,,,,Intel,FCLGA3647,benchmark-spec-dataset
Intel Xeon Gold 6130H @ 2.10GHz,,,,Q1 2021,2.1 GHz,125.0,16,32,,,,,,,,Intel,FCLGA3647,benchmark-spec-dataset
Intel Xeon Gold 6130T @ 2.10GHz,,,,Q4 2020,2.1 GHz,125.0,16,32,,,,,,,,Intel,FCLGA3647,benchmark-spec-dataset
Intel Xeon Gold 6132 @ 2.60GHz,,,,Q2 2018,2.6 GHz,140.0,14,28,,,,,,,,Intel,FCLGA3647,benchmark-spec-dataset
Intel Xeon Gold 6133 @ 2.50GHz,,,,Q2 2021,2.5 GHz,150.0,1,1,,,,,,,,Intel,FCLGA3647,benchmark-spec-dataset
Intel Xeon Gold 6134 @ 3.20GHz,,,,Q2 2017,3.2 GHz,130.0,8,16,,,,,,,,Intel,FCLGA3647,benchmark-spec-dataset
Intel Xeon Gold 6136 @ 3.00GHz,,,,Q3 2017,3.0 GHz,150.0,12,24,,,,,,,,Intel,FCLGA3647,benchmark-spec-dataset
Intel Xeon Gold 6137 @ 3.90GHz,,,,Q1 2019,3.9 GHz,205.0,16,16,,,,,,,,Intel,FCLGA-3647,benchmark-spec-dataset
Intel Xeon Gold 6138 @ 2.00GHz,,,,Q4 2017,2.0 GHz,125.0,20,40,,,,,,,,Intel,FCLGA3647,benchmark-spec-dataset
Intel Xeon Gold 6138T @ 2.00GHz,,,,Q2 2020,2.0 GHz,125.0,20,40,,,,,,,,Intel,FCLGA3647,benchmark-spec-dataset
Intel Xeon Gold 6140 @ 2.30GHz,,,,Q4 2017,2.3 GHz,140.0,18,36,,,,,,,,Intel,FCLGA3647,benchmark-spec-dataset
Intel Xeon Gold 6142 @ 2.60GHz,,,,Q2 2018,2.6 GHz,150.0,16,32,,,,,,,,Intel,FCLGA3647,benchmark-spec-dataset
Intel Xeon Gold 6143 @ 2.80GHz,,,,Q3 2019,2.8 GHz,205.0,16,32,,,,,,,,Intel,FCLGA3647,benchmark-spec-dataset
Intel Xeon Gold 6144 @ 3.50GHz,,,,Q4 2017,3.5 GHz,150.0,8,16,,,,,,,,Intel,FCLGA3647,benchmark-spec-dataset
Intel Xeon Gold 6146 @ 3.20GHz,,,,Q1 2018,3.2 GHz,165.0,12,24,,,,,,,,Intel,FCLGA3647,benchmark-spec-dataset
Intel Xeon Gold 6148 @ 2.40GHz,,,,Q1 2018,2.4 GHz,150.0,20,40,,,,,,,,Intel,FCLGA3647,benchmark-spec-dataset
Intel Xeon Gold 6150 @ 2.70GHz,,,,Q3 2017,2.7 GHz,165.0,18,36,,,,,,,,Intel,FCLGA3647,benchmark-spec-dataset
Intel Xeon Gold 6152 @ 2.10GHz,,,,Q1 2018,2.1 GHz,140.0,22,44,,,,,,,,Intel,FCLGA3647,benchmark-spec-dataset
Intel Xeon Gold 6154 @ 3.00GHz,,,,Q4 2017,3.0 GHz,200.0,18,36,,,,,,,,Intel,FCLGA3647,benchmark-spec-dataset
Intel Xeon Gold 6208U @ 2.90GHz,,,,Q2 2020,2.9 GHz,150.0,16,32,,,,,,,,Intel,FCLGA3647,benchmark-spec-dataset
Intel Xeon Gold 6210U @ 2.50GHz,,,,Q3 2019,2.5 GHz,150.0,20,40,,,,,,,,Intel,FCLGA3647,benchmark-spec-dataset
Intel Xeon Gold 6212U @ 2.40GHz,,,,Q4 2019,2.4 GHz,165.0,24,48,,,,,,,,Intel,FCLGA3647,benchmark-spec-dataset
Intel Xeon Gold 6226 @ 2.70GHz,,,,Q1 2020,2.7 GHz,125.0,12,24,,,,,,,,Intel,FCLGA3647,benchmark-spec-dataset
Intel Xeon Gold 6226R @ 2.90GHz,,,,Q2 2020,2.9 GHz,150.0,16,32,,,,,,,,Intel,FCLGA3647,benchmark-spec-dataset
Intel Xeon Gold 6230 @ 2.10GHz,,,,Q2 2019,2.1 GHz,125.0,20,40,,,,,,,,Intel,FCLGA3647,benchmark-spec-dataset
Intel Xeon Gold 6230R @ 2.10GHz,,,,Q1 2021,2.1 GHz,150.0,26,52,,,,,,,,Intel,FCLGA3647,benchmark-spec-dataset
Intel Xeon Gold 6234 @ 3.30GHz,,,,Q3 2019,3.3 GHz,130.0,8,16,,,,,,,,Intel,FCLGA3647,benchmark-spec-dataset
Intel Xeon Gold 6238 @ 2.10GHz,,,,Q4 2019,2.1 GHz,140.0,22,44,,,,,,,,Intel,FCLGA3647,benchmark-spec-dataset
Intel Xeon Gold 6238R @ 2.20GHz,,,,Q1 2021,2.2 GHz,165.0,28,56,,,,,,,,Intel,FCLGA3647,benchmark-spec-dataset
Intel Xeon Gold 6240 @ 2.60GHz,,,,Q4 2019,2.6 GHz,150.0,18,36,,,,,,,,Intel,FCLGA3647,benchmark-spec-dataset
Intel Xeon Gold 6240R @ 2.40GHz,,,,Q2 2020,2.4 GHz,165.0,24,48,,,,,,,,Intel,FCLGA3647,benchmark-spec-dataset
Intel Xeon Gold 6242 @ 2.80GHz,,,,Q3 2019,2.8 GHz,150.0,16,32,,,,,,,,Intel,FCLGA3647,benchmark-spec-dataset
Intel Xeon Gold 6242R @ 3.10GHz,,,,Q4 2020,3.1 GHz,205.0,20,40,,,,,,,,Intel,FCLGA3647,benchmark-spec-dataset
Intel Xeon Gold 6244 @ 3.60GHz,,,,Q3 2019,3.6 GHz,150.0,8,16,,,,,,,,Intel,FCLGA3647,benchmark-spec-dataset
Intel Xeon Gold 6246 @ 3.30GHz,,,,Q3 2019,3.3 GHz,165.0,12,24,,,,,,,,Intel,FCLGA3647,benchmark-spec-dataset
Intel Xeon Gold 6246R @ 3.40GHz,,,,Q4 2020,3.4 GHz,205.0,16,32,,,,,,,,Intel,FCLGA3647,benchmark-spec-dataset
Intel Xeon Gold 6248 @ 2.50GHz,,,,Q3 2019,2.5 GHz,150.0,20,40,,,,,,,,Intel,FCLGA3647,benchmark-spec-dataset
Intel Xeon Gold 6248R @ 3.00GHz,,,,Q2 2020,3.0 GHz,205.0,24,48,,,,,,,,Intel,FCLGA3647,benchmark-spec-dataset
Intel Xeon Gold 6250 @ 3.90GHz,,,,Q4 2021,3.9 GHz,185.0,8,16,,,,,,,,Intel,FCLGA3647,benchmark-spec-dataset
Intel Xeon Gold 6252 @ 2.10GHz,,,,Q3 2019,2.1 GHz,150.0,24,48,,,,,,,,Intel,FCLGA3647,benchmark-spec-dataset
Intel Xeon Gold 6253CL @ 3.10GHz,,,,Q3 2021,3.1 GHz,205.0,18,36,,,,,,,,Intel,FCLGA3647,benchmark-spec-dataset
Intel Xeon Gold 6254 @ 3.10GHz,,,,Q2 2019,3.1 GHz,200.0,18,36,,,,,,,,Intel,FCLGA3647,benchmark-spec-dataset
Intel Xeon Gold 6256 @ 3.60GHz,,,,Q1 2020,3.6 GHz,205.0,12,24,,,,,,,,Intel,FCLGA3647,benchmark-spec-dataset
Intel Xeon Gold 6258R @ 2.70GHz,,,,Q4 2020,2.7 GHz,205.0,28,56,,,,,,,,Intel,FCLGA3647,benchmark-spec-dataset
Intel Xeon Gold 6262 @ 1.90GHz,,,,Q1 2023,1.9 GHz,135.0,24,48,,,,,,,,Intel,,benchmark-spec-dataset
Intel Xeon Gold 6262V @ 1.90GHz,,,,Q4 2022,1.9 GHz,135.0,3,6,,,,,,,,Intel,FCLGA3647,benchmark-spec-dataset
Intel Xeon Gold 6266C @ 3.00GHz,,,,Q1 2023,3.0 GHz,205.0,22,44,,,,,,,,Intel,FCLGA3647,benchmark-spec-dataset
Intel Xeon Gold 6278C @ 2.60GHz,,,,Q2 2021,2.6 GHz,185.0,26,52,,,,,,,,Intel,FCLGA3647,benchmark-spec-dataset
Intel Xeon Gold 6312U @ 2.40GHz,,,,Q4 2021,2.4 GHz,185.0,24,48,,,,,,,,Intel,FCLGA4189,benchmark-spec-dataset
Intel Xeon Gold 6314U @ 2.30GHz,,,,Q3 2022,2.3 GHz,205.0,32,64,,,,,,,,Intel,FCLGA4189,benchmark-spec-dataset
Intel Xeon Gold 6326 @ 2.90GHz,,,,Q4 2021,2.9 GHz,185.0,16,32,,,,,,,,Intel,FCLGA4189,benchmark-spec-dataset
Intel Xeon Gold 6330 @ 2.00GHz,,,,Q3 2021,2.0 GHz,205.0,28,56,,,,,,,,Intel,FCLGA4189,benchmark-spec-dataset
Intel Xeon Gold 6334 @ 3.60GHz,,,,Q3 2021,3.6 GHz,165.0,8,16,,,,,,,,Intel,FCLGA4189,benchmark-spec-dataset
Intel Xeon Gold 6336Y @ 2.40GHz,,,,Q3 2021,2.4 GHz,185.0,24,48,,,,,,,,Intel,FCLGA4189,benchmark-spec-dataset
Intel Xeon Gold 6338 @ 2.00GHz,,,,Q4 2021,2.0 GHz,205.0,32,64,,,,,,,,Intel,FCLGA4189,benchmark-spec-dataset
Intel Xeon Gold 6338N @ 2.20GHz,,,,Q4 2021,2.2 GHz,185.0,32,64,,,,,,,,Intel,FCLGA4189,benchmark-spec-dataset
Intel Xeon Gold 6342 @ 2.80GHz,,,,Q3 2021,2.8 GHz,230.0,24,48,,,,,,,,Intel,FCLGA4189,benchmark-spec-dataset
Intel Xeon Gold 6346 @ 3.10GHz,,,,Q4 2021,3.1 GHz,205.0,16,32,,,,,,,,Intel,FCLGA4189,benchmark-spec-dataset
Intel Xeon Gold 6348 @ 2.60GHz,,,,Q3 2021,2.6 GHz,235.0,28,56,,,,,,,,Intel,FCLGA4189,benchmark-spec-dataset
Intel Xeon Gold 6354 @ 3.00GHz,,,,Q4 2021,3.0 GHz,205.0,18,36,,,,,,,,Intel,FCLGA4189,benchmark-spec-dataset
Intel Xeon L3110 @ 3.00GHz,,,,Q1 2009,3.0 GHz,45.0,2,2,,,,,,,,Intel,LGA775,benchmark-spec-dataset
Intel Xeon L3360 @ 2.83GHz,,,,Q2 2012,2.8 GHz,65.0,4,4,,,,,,,,Intel,LGA775,benchmark-spec-dataset
Intel Xeon L3406 @ 2.27GHz,,,,Q1 2010,2.3 GHz,30.0,2,4,,,,,,,,Intel,LGA1156,benchmark-spec-dataset
Intel Xeon L3426 @ 1.87GHz,,,,Q1 2010,1.9 GHz,45.0,4,8,,,,,,,,Intel,LGA1156,benchmark-spec-dataset
Intel Xeon L5240 @ 3.00GHz,,,,Q2 2009,3.0 GHz,40.0,2,2,,,,,,,,Intel,LGA771,benchmark-spec-dataset
Intel Xeon L5310 @ 1.60GHz,,,,Q2 2016,1.6 GHz,50.0,4,4,,,,,,,,Intel,LGA771,benchmark-spec-dataset
Intel Xeon L5320 @ 1.86GHz,,,,Q4 2011,1.9 GHz,50.0,4,4,,,,,,,,Intel,LGA771,benchmark-spec-dataset
Intel Xeon L5335 @ 2.00GHz,,,,Q1 2007,2.0 GHz,50.0,4,4,,,,,,,,Intel,LGA771,benchmark-spec-dataset
Intel Xeon L5408 @ 2.13GHz,,,,Q2 2014,2.1 GHz,40.0,4,4,,,,,,,,Intel,LGA771,benchmark-spec-dataset
Intel Xeon L5410 @ 2.33GHz,,,,Q1 2009,2.3 GHz,50.0,4,4,,,,,,,,Intel,LGA771,benchmark-spec-dataset
Intel Xeon L5420 @ 2.50GHz,,,,Q1 2009,2.5 GHz,50.0,4,4,,,,,,,,Intel,LGA771,benchmark-spec-dataset
Intel Xeon L5430 @ 2.66GHz,,,,Q1 2014,2.7 GHz,50.0,4,4,,,,,,,,Intel,LGA771,benchmark-spec-dataset
Intel Xeon L5506 @ 2.13GHz,,,,Q1 2011,2.1 GHz,60.0,4,4,,,,,,,,Intel,LGA1366,benchmark-spec-dataset
Intel Xeon L5520 @ 2.27GHz,,,,Q1 2010,2.3 GHz,60.0,4,8,,,,,,,,Intel,LGA1366,benchmark-spec-dataset
Intel Xeon L5530 @ 2.40GHz,,,,Q4 2011,2.4 GHz,60.0,4,8,,,,,,,,Intel,LGA1366,benchmark-spec-dataset
Intel Xeon L5609 @ 1.87GHz,,,,Q1 2010,1.9 GHz,40.0,4,4,,,,,,,,Intel,LGA1366,benchmark-spec-dataset
Intel Xeon L5630 @ 2.13GHz,,,,Q1 2010,2.1 GHz,40.0,4,8,,,,,,,,Intel,LGA1366,benchmark-spec-dataset
Intel Xeon L5638 @ 2.00GHz,,,,Q2 2011,2.0 GHz,60.0,6,12,,,,,,,,Intel,LGA1366,benchmark-spec-dataset
Intel Xeon L5639 @ 2.13GHz,,,,Q3 2013,2.1 GHz,60.0,6,12,,,,,,,,Intel,LGA1366,benchmark-spec-dataset
Intel Xeon L5640 @ 2.27GHz,,,,Q3 2010,2.3 GHz,60.0,6,12,,,,,,,,Intel,LGA1366,benchmark-spec-dataset
Intel Xeon L7455 @ 2.13GHz,,,,Q4 2014,2.1 GHz,65.0,6,6,,,,,,,,Intel,PGA604,benchmark-spec-dataset
Intel Xeon MV 3.20GHz,,,,Q2 2015,3.2 GHz,90.0,2,4,,,,,,,,Intel,mPGA604,benchmark-spec-dataset
Intel Xeon Platinum 8153 @ 2.00GHz,,,,Q4 2018,2.0 GHz,125.0,16,32,,,,,,,,Intel,FCLGA3647,benchmark-spec-dataset
Intel Xeon Platinum 8156 @ 3.60GHz,,,,Q1 2023,3.6 GHz,105.0,4,8,,,,,,,,Intel,FCLGA3647,benchmark-spec-dataset
Intel Xeon Platinum 8160 @ 2.10GHz,,,,Q3 2017,2.1 GHz,150.0,24,48,,,,,,,,Intel,FCLGA3647,benchmark-spec-dataset
Intel Xeon Platinum 8160M @ 2.10GHz,,,,Q3 2018,2.1 GHz,150.0,24,48,,,,,,,,Intel,FCLGA3647,benchmark-spec-dataset
Intel Xeon Platinum 8168 @ 2.70GHz,,,,Q4 2017,2.7 GHz,205.0,24,48,,,,,,,,Intel,FCLGA3647,benchmark-spec-dataset
Intel Xeon Platinum 8171M @ 2.60GHz,,,,Q1 2018,2.6 GHz,165.0,26,52,,,,,,,,Intel,FCLGA3647,benchmark-spec-dataset
Intel Xeon Platinum 8173M @ 2.00GHz,,,,Q1 2018,2.0 GHz,165.0,28,56,,,,,,,,Intel,FCLGA3647,benchmark-spec-dataset
Intel Xeon Platinum 8176 @ 2.10GHz,,,,Q2 2019,2.1 GHz,165.0,28,56,,,,,,,,Intel,FCLGA3647,benchmark-spec-dataset
Intel Xeon Platinum 8180 @ 2.50GHz,,,,Q1 2018,2.5 GHz,205.0,28,56,,,,,,,,Intel,FCLGA3647,benchmark-spec-dataset
Intel Xeon Platinum 8180M @ 2.50GHz,,,,Q2 2019,2.5 GHz,205.0,28,56,,,,,,,,Intel,FCLGA3647,benchmark-spec-dataset
Intel Xeon Platinum 8253 @ 2.20GHz,,,,Q2 2020,2.2 GHz,125.0,16,32,,,,,,,,Intel,FCLGA3647,benchmark-spec-dataset
Intel Xeon Platinum 8256 @ 3.80GHz,,,,Q2 2022,3.8 GHz,105.0,4,8,,,,,,,,Intel,FCLGA3647,benchmark-spec-dataset
Intel Xeon Platinum 8259CL @ 2.50GHz,,,,Q1 2020,2.5 GHz,210.0,24,48,,,,,,,,Intel,LGA 3647,benchmark-spec-dataset
Intel Xeon Platinum 8260 @ 2.40GHz,,,,Q3 2019,2.4 GHz,165.0,24,48,,,,,,,,Intel,FCLGA3647,benchmark-spec-dataset
Intel Xeon Platinum 8260M @ 2.30GHz,,,,Q4 2020,2.3 GHz,165.0,24,48,,,,,,,,Intel,LGA3647,benchmark-spec-dataset
Intel Xeon Platinum 8268 @ 2.90GHz,,,,Q2 2019,2.9 GHz,205.0,24,48,,,,,,,,Intel,FCLGA3647,benchmark-spec-dataset
Intel Xeon Platinum 8270CL @ 2.70GHz,,,,Q2 2022,2.7 GHz,205.0,26,52,,,,,,,,Intel,FCLGA3647,benchmark-spec-dataset
Intel Xeon Platinum 8273CL @ 2.20GHz,,,,Q1 2021,2.2 GHz,165.0,28,56,,,,,,,,Intel,FCLGA3647,benchmark-spec-dataset
Intel Xeon Platinum 8280 @ 2.70GHz,,,,Q1 2020,2.7 GHz,205.0,28,56,,,,,,,,Intel,FCLGA3647,benchmark-spec-dataset
Intel Xeon Platinum 8338C @ 2.60GHz,,,,Q2 2023,2.6 GHz,250.0,32,64,,,,,,,,Intel,FCLGA4189,benchmark-spec-dataset
Intel Xeon Platinum 8347C @ 2.10GHz,,,,Q1 2022,2.1 GHz,210.0,36,72,,,,,,,,Intel,LGA4189,benchmark-spec-dataset
Intel Xeon Platinum 8352Y @ 2.20GHz,,,,Q3 2021,2.2 GHz,205.0,32,64,,,,,,,,Intel,FCLGA4189,benchmark-spec-dataset
Intel Xeon Platinum 8358 @ 2.60GHz,,,,Q3 2021,2.6 GHz,250.0,32,64,,,,,,,,Intel,FCLGA4189,benchmark-spec-dataset
Intel Xeon Platinum 8368 @ 2.40GHz,,,,Q2 2021,2.4 GHz,270.0,38,76,,,,,,,,Intel,FCLGA4189,benchmark-spec-dataset
Intel Xeon Platinum 8375C @ 2.90GHz,,,,Q3 2021,2.9 GHz,300.0,32,64,,,,,,,,Intel,FCLGA4189,benchmark-spec-dataset
Intel Xeon Platinum 8380 @ 2.30GHz,,,,Q3 2021,2.3 GHz,270.0,40,80,,,,,,,,Intel,FCLGA4189,benchmark-spec-dataset
Intel Xeon Platinum P-8124 @ 3.00GHz,,,,Q4 2021,3.0 GHz,240.0,18,36,,,,,,,,Intel,FCLGA3647,benchmark-spec-dataset
Intel Xeon Silver 4108 @ 1.80GHz,,,,Q1 2018,1.8 GHz,85.0,8,16,,,,,,,,Intel,FCLGA3647,benchmark-spec-dataset
Intel Xeon Silver 4109T @ 2.00GHz,,,,Q2 2018,2.0 GHz,70.0,8,16,,,,,,,,Intel,FCLGA3647,benchmark-spec-dataset
Intel Xeon Silver 4110 @ 2.10GHz,,,,Q4 2017,2.1 GHz,85.0,8,16,,,,,,,,Intel,FCLGA3647,benchmark-spec-dataset
Intel Xeon Silver 4112 @ 2.60GHz,,,,Q1 2018,2.6 GHz,85.0,4,8,,,,,,,,Intel,FCLGA3647,benchmark-spec-dataset
Intel Xeon Silver 4114 @ 2.20GHz,,,,Q4 2017,2.2 GHz,85.0,10,20,,,,,,,,Intel,FCLGA3647,benchmark-spec-dataset
Intel Xeon Silver 4116 @ 2.10GHz,,,,Q1 2018,2.1 GHz,85.0,12,24,,,,,,,,Intel,FCLGA3647,benchmark-spec-dataset
Intel Xeon Silver 4116T @ 2.10GHz,,,,Q1 2021,2.1 GHz,85.0,12,24,,,,,,,,Intel,FCLGA3647,benchmark-spec-dataset
Intel Xeon Silver 4123 @ 3.00GHz,,,,Q1 2018,3.0 GHz,105.0,8,16,,,,,,,,Intel,,benchmark-spec-dataset
Intel Xeon Silver 4208 @ 2.10GHz,,,,Q3 2019,2.1 GHz,85.0,8,16,,,,,,,,Intel,FCLGA3647,benchmark-spec-dataset
Intel Xeon Silver 4209T @ 2.20GHz,,,,Q2 2019,2.2 GHz,70.0,8,16,,,,,,,,Intel,FCLGA3647,benchmark-spec-dataset
Intel Xeon Silver 4210 @ 2.20GHz,,,,Q3 2019,2.2 GHz,85.0,10,20,,,,,,,,Intel,FCLGA3647,benchmark-spec-dataset
Intel Xeon Silver 4210R @ 2.40GHz,,,,Q2 2020,2.4 GHz,100.0,10,20,,,,,,,,Intel,FCLGA3647,benchmark-spec-dataset
Intel Xeon Silver 4214 @ 2.20GHz,,,,Q3 2019,2.2 GHz,85.0,12,24,,,,,,,,Intel,FCLGA3647,benchmark-spec-dataset
Intel Xeon Silver 4214R @ 2.40GHz,,,,Q2 2020,2.4 GHz,100.0,12,24,,,,,,,,Intel,FCLGA3647,benchmark-spec-dataset
Intel Xeon Silver 4214Y @ 2.20GHz,,,,Q2 2020,2.2 GHz,85.0,12,24,,,,,,,,Intel,FCLGA3647,benchmark-spec-dataset
Intel Xeon Silver 4215 @ 2.50GHz,,,,Q2 2019,2.5 GHz,85.0,8,16,,,,,,,,Intel,FCLGA3647,benchmark-spec-dataset
Intel Xeon Silver 4215R @ 3.20GHz,,,,Q4 2020,3.2 GHz,130.0,8,16,,,,,,,,Intel,FCLGA3647,benchmark-spec-dataset
Intel Xeon Silver 4216 @ 2.10GHz,,,,Q3 2019,2.1 GHz,100.0,16,32,,,,,,,,Intel,FCLGA3647,benchmark-spec-dataset
Intel Xeon Silver 4309Y @ 2.80GHz,,,,Q3 2021,2.8 GHz,105.0,8,16,,,,,,,,Intel,FCLGA4189,benchmark-spec-dataset
Intel Xeon Silver 4310 @ 2.10GHz,,,,Q2 2021,2.1 GHz,120.0,12,24,,,,,,,,Intel,FCLGA4189,benchmark-spec-dataset
Intel Xeon Silver 4310T @ 2.30GHz,,,,Q3 2021,2.3 GHz,105.0,10,20,,,,,,,,Intel,FCLGA4189,benchmark-spec-dataset
Intel Xeon Silver 4314 @ 2.40GHz,,,,Q3 2021,2.4 GHz,135.0,16,32,,,,,,,,Intel,FCLGA4189,benchmark-spec-dataset
Intel Xeon Silver 4316 @ 2.30GHz,,,,Q3 2021,2.3 GHz,150.0,20,40,,,,,,,,Intel,FCLGA4189,benchmark-spec-dataset
Intel Xeon W-10855M @ 2.80GHz,,,,Q3 2020,2.8 GHz,45.0,6,12,,,,,,,,Intel,FCBGA1440,benchmark-spec-dataset
Intel Xeon W-10885M @ 2.40GHz,,,,Q2 2020,2.4 GHz,45.0,8,16,,,,,,,,Intel,FCBGA1440,benchmark-spec-dataset
Intel Xeon W-11555MLE @ 1.90GHz,,,,Q4 2022,1.9 GHz,25.0,6,12,,,,,,,,Intel,FCBGA1787,benchmark-spec-dataset
Intel Xeon W-11555MRE @ 2.60GHz,,,,Q2 2023,2.6 GHz,45.0,6,12,,,,,,,,Intel,FCBGA1787,benchmark-spec-dataset
Intel Xeon W-11855M @ 3.20GHz,,,,Q2 2021,3.2 GHz,45.0,6,12,,,,,,,,Intel,FCBGA1787,benchmark-spec-dataset
Intel Xeon W-11865MLE @ 1.50GHz,,,,Q2 2022,1.5 GHz,25.0,8,16,,,,,,,,Intel,FCBGA1787,benchmark-spec-dataset
Intel Xeon W-11865MRE @ 2.60GHz,,,,Q2 2022,2.6 GHz,45.0,8,16,,,,,,,,Intel,FCBGA1787,benchmark-spec-dataset
Intel Xeon W-11955M @ 2.60GHz,,,,Q2 2021,2.6 GHz,45.0,8,16,,,,,,,,Intel,FCBGA1787,benchmark-spec-dataset
Intel Xeon W-1250 @ 3.30GHz,,,,Q3 2020,3.3 GHz,80.0,6,12,,,,,,,,Intel,FCLGA1200,benchmark-spec-dataset
Intel Xeon W-1250E @ 3.50GHz,,,,Q3 2022,3.5 GHz,80.0,6,12,,,,,,,,Intel,FCLGA1200,benchmark-spec-dataset
Intel Xeon W-1250P @ 4.10GHz,,,,Q2 2021,4.1 GHz,125.0,6,12,,,,,,,,Intel,FCLGA1200,benchmark-spec-dataset
Intel Xeon W-1270 @ 3.40GHz,,,,Q3 2020,3.4 GHz,80.0,8,16,,,,,,,,Intel,FCLGA1200,benchmark-spec-dataset
Intel Xeon W-1270E @ 3.40GHz,,,,Q1 2022,3.4 GHz,80.0,8,16,,,,,,,,Intel,FCLGA1200,benchmark-spec-dataset
Intel Xeon W-1270P @ 3.80GHz,,,,Q3 2020,3.8 GHz,95.0,8,16,,,,,,,,Intel,FCLGA1200,benchmark-spec-dataset
Intel Xeon W-1270TE @ 2.00GHz,,,,Q4 2021,2.0 GHz,35.0,8,16,,,,,,,,Intel,FCLGA1200,benchmark-spec-dataset
Intel Xeon W-1290 @ 3.20GHz,,,,Q3 2020,3.2 GHz,80.0,10,20,,,,,,,,Intel,FCLGA1200,benchmark-spec-dataset
Intel Xeon W-1290E @ 3.50GHz,,,,Q2 2021,3.5 GHz,95.0,10,20,,,,,,,,Intel,FCLGA1200,benchmark-spec-dataset
Intel Xeon W-1290P @ 3.70GHz,,,,Q3 2020,3.7 GHz,125.0,10,20,,,,,,,,Intel,FCLGA1200,benchmark-spec-dataset
Intel Xeon W-1290T @ 1.90GHz,,,,Q1 2021,1.9 GHz,35.0,10,20,,,,,,,,Intel,FCLGA1200,benchmark-spec-dataset
Intel Xeon W-1350 @ 3.30GHz,,,,Q2 2021,3.3 GHz,80.0,6,12,,,,,,,,Intel,FCLGA1200,benchmark-spec-dataset
Intel Xeon W-1350P @ 4.00GHz,,,,Q4 2021,4.0 GHz,65.0,6,12,,,,,,,,Intel,FCLGA1200,benchmark-spec-dataset
Intel Xeon W-1370 @ 2.90GHz,,,,Q3 2021,2.9 GHz,80.0,8,16,,,,,,,,Intel,FCLGA1200,benchmark-spec-dataset
Intel Xeon W-1370P @ 3.60GHz,,,,Q2 2021,3.6 GHz,125.0,8,16,,,,,,,,Intel,FCLGA1200,benchmark-spec-dataset
Intel Xeon W-1390 @ 2.80GHz,,,,Q4 2021,2.8 GHz,80.0,8,16,,,,,,,,Intel,FCLGA1200,benchmark-spec-dataset
Intel Xeon W-1390P @ 3.50GHz,,,,Q3 2021,5.1 GHz,125.0,8,16,,,,,,,,Intel,FCLGA1200,benchmark-spec-dataset
Intel Xeon W-2102 @ 2.90GHz,,,,Q2 2018,2.9 GHz,120.0,4,4,,,,,,,,Intel,FCLGA2066,benchmark-spec-dataset
Intel Xeon W-2104 @ 3.20GHz,,,,Q4 2018,3.2 GHz,120.0,4,4,,,,,,,,Intel,FCLGA2066,benchmark-spec-dataset
Intel Xeon W-2123 @ 3.60GHz,,,,Q4 2017,3.6 GHz,120.0,4,8,,,,,,,,Intel,FCLGA2066,benchmark-spec-dataset
Intel Xeon W-2125 @ 4.00GHz,,,,Q4 2017,4.0 GHz,120.0,4,8,,,,,,,,Intel,FCLGA2066,benchmark-spec-dataset
Intel Xeon W-2133 @ 3.60GHz,,,,Q3 2017,3.6 GHz,140.0,6,12,,,,,,,,Intel,FCLGA2066,benchmark-spec-dataset
Intel Xeon W-2135 @ 3.70GHz,,,,Q4 2017,3.7 GHz,140.0,6,12,,,,,,,,Intel,FCLGA2066,benchmark-spec-dataset
Intel Xeon W-2145 @ 3.70GHz,,,,Q4 2017,3.7 GHz,140.0,8,16,,,,,,,,Intel,FCLGA2066,benchmark-spec-dataset
Intel Xeon W-2155 @ 3.30GHz,,,,Q1 2018,3.3 GHz,140.0,10,20,,,,,,,,Intel,FCLGA2066,benchmark-spec-dataset
Intel Xeon W-2175 @ 2.50GHz,,,,Q1 2019,2.5 GHz,140.0,14,28,,,,,,,,Intel,FCLGA2066,benchmark-spec-dataset
Intel Xeon W-2191B @ 2.30GHz,,,,Q2 2021,2.3 GHz,140.0,18,36,,,,,,,,Intel,FCLGA2066,benchmark-spec-dataset
Intel Xeon W-2195 @ 2.30GHz,,,,Q4 2017,2.3 GHz,140.0,18,36,,,,,,,,Intel,FCLGA2066,benchmark-spec-dataset
Intel Xeon W-2223 @ 3.60GHz,,,,Q2 2020,3.6 GHz,120.0,4,8,,,,,,,,Intel,FCLGA2066,benchmark-spec-dataset
Intel Xeon W-2225 @ 4.10GHz,,,,Q1 2020,4.1 GHz,105.0,4,8,,,,,,,,Intel,FCLGA2066,benchmark-spec-dataset
Intel Xeon W-2235 @ 3.80GHz,,,,Q3 2020,3.8 GHz,130.0,6,12,,,,,,,,Intel,FCLGA2066,benchmark-spec-dataset
Intel Xeon W-2245 @ 3.90GHz,,,,Q2 2020,3.9 GHz,155.0,8,16,,,,,,,,Intel,FCLGA2066,benchmark-spec-dataset
Intel Xeon W-2255 @ 3.70GHz,,,,Q1 2020,3.7 GHz,165.0,10,20,,,,,,,,Intel,FCLGA2066,benchmark-spec-dataset
Intel Xeon W-2265 @ 3.50GHz,,,,Q3 2020,3.5 GHz,165.0,12,24,,,,,,,,Intel,FCLGA2066,benchmark-spec-dataset
Intel Xeon W-2275 @ 3.30GHz,,,,Q4 2020,3.3 GHz,165.0,14,28,,,,,,,,Intel,FCLGA2066,benchmark-spec-dataset
Intel Xeon W-2295 @ 3.00GHz,,,,Q2 2020,3.0 GHz,165.0,18,36,,,,,,,,Intel,FCLGA2066,benchmark-spec-dataset
Intel Xeon W-3175X @ 3.10GHz,,,,Q1 2019,3.1 GHz,255.0,28,56,,,,,,,,Intel,FCLGA3647,benchmark-spec-dataset
Intel Xeon W-3223 @ 3.50GHz,,,,Q3 2020,3.5 GHz,160.0,8,16,,,,,,,,Intel,FCLGA3647,benchmark-spec-dataset
Intel Xeon W-3235 @ 3.30GHz,,,,Q4 2019,3.3 GHz,180.0,12,24,,,,,,,,Intel,FCLGA3647,benchmark-spec-dataset
Intel Xeon W-3245 @ 3.20GHz,,,,Q4 2020,3.2 GHz,205.0,16,32,,,,,,,,Intel,FCLGA3647,benchmark-spec-dataset
Intel Xeon W-3245M @ 3.20GHz,,,,Q3 2022,3.2 GHz,205.0,16,32,,,,,,,,Intel,FCLGA3647,benchmark-spec-dataset
Intel Xeon W-3265 @ 2.70GHz,,,,Q3 2019,2.7 GHz,205.0,24,48,,,,,,,,Intel,FCLGA3647,benchmark-spec-dataset
Intel Xeon W-3265M @ 2.70GHz,,,,Q4 2021,2.7 GHz,205.0,24,48,,,,,,,,Intel,FCLGA3647,benchmark-spec-dataset
Intel Xeon W-3275 @ 2.50GHz,,,,Q2 2023,2.5 GHz,205.0,28,56,,,,,,,,Intel,FCLGA3647,benchmark-spec-dataset
Intel Xeon W-3275M @ 2.50GHz,,,,Q1 2020,2.5 GHz,205.0,28,56,,,,,,,,Intel,FCLGA3647,benchmark-spec-dataset
Intel Xeon W-3323 @ 3.50GHz,,,,Q4 2021,3.5 GHz,220.0,12,24,,,,,,,,Intel,FCLGA4189,benchmark-spec-dataset
Intel Xeon W-3335 @ 3.40GHz,,,,Q2 2022,3.4 GHz,250.0,16,32,,,,,,,,Intel,FCLGA4189,benchmark-spec-dataset
Intel Xeon W-3345 @ 3.00GHz,,,,Q3 2022,3.0 GHz,250.0,24,48,,,,,,,,Intel,FCLGA4189,benchmark-spec-dataset
Intel Xeon W-3365 @ 2.70GHz,,,,Q1 2023,2.7 GHz,270.0,32,64,,,,,,,,Intel,FCLGA4189,benchmark-spec-dataset
Intel Xeon W-3375 @ 2.50GHz,,,,Q2 2022,2.5 GHz,270.0,38,76,,,,,,,,Intel,FCLGA4189,benchmark-spec-dataset
Intel Xeon W3503 @ 2.40GHz,,,,Q2 2009,2.4 GHz,130.0,2,2,,,,,,,,Intel,LGA1366,benchmark-spec-dataset
Intel Xeon W3505 @ 2.53GHz,,,,Q2 2009,2.5 GHz,130.0,2,2,,,,,,,,Intel,LGA1366,benchmark-spec-dataset
Intel Xeon W3520 @ 2.67GHz,,,,Q1 2009,2.7 GHz,130.0,4,8,,,,,,,,Intel,LGA1366,benchmark-spec-dataset
Intel Xeon W3530 @ 2.80GHz,,,,Q2 2010,2.8 GHz,130.0,4,8,,,,,,,,Intel,LGA1366,benchmark-spec-dataset
Intel Xeon W3540 @ 2.93GHz,,,,Q2 2009,2.9 GHz,130.0,4,8,,,,,,,,Intel,LGA1366,benchmark-spec-dataset
Intel Xeon W3550 @ 3.07GHz,,,,Q3 2009,3.1 GHz,130.0,4,8,,,,,,,,Intel,LGA1366,benchmark-spec-dataset
Intel Xeon W3565 @ 3.20GHz,,,,Q4 2009,3.2 GHz,130.0,4,8,,,,,,,,Intel,LGA1366,benchmark-spec-dataset
Intel Xeon W3570 @ 3.20GHz,,,,Q3 2009,3.2 GHz,130.0,4,8,,,,,,,,Intel,LGA1366,benchmark-spec-dataset
Intel Xeon W3580 @ 3.33GHz,,,,Q4 2009,3.3 GHz,130.0,4,8,,,,,,,,Intel,LGA1366,benchmark-spec-dataset
Intel Xeon W3670 @ 3.20GHz,,,,Q2 2011,3.2 GHz,130.0,6,12,,,,,,,,Intel,LGA1366,benchmark-spec-dataset
Intel Xeon W3680 @ 3.33GHz,,,,Q2 2010,3.3 GHz,130.0,6,12,,,,,,,,Intel,LGA1366,benchmark-spec-dataset
Intel Xeon W3690 @ 3.47GHz,,,,Q1 2011,3.5 GHz,130.0,6,12,,,,,,,,Intel,LGA1366,benchmark-spec-dataset
Intel Xeon W5580 @ 3.20GHz,,,,Q1 2009,3.2 GHz,130.0,4,8,,,,,,,,Intel,LGA1366,benchmark-spec-dataset
Intel Xeon W5590 @ 3.33GHz,,,,Q3 2009,3.3 GHz,130.0,4,8,,,,,,,,Intel,LGA1366,benchmark-spec-dataset
Intel Xeon X3210 @ 2.13GHz,,,,Q4 2008,2.1 GHz,105.0,4,4,,,,,,,,Intel,LGA775,benchmark-spec-dataset
Intel Xeon X3220 @ 2.40GHz,,,,Q2 2009,2.4 GHz,105.0,4,4,,,,,,,,Intel,LGA775,benchmark-spec-dataset
Intel Xeon X3230 @ 2.66GHz,,,,Q2 2009,2.7 GHz,95.0,4,4,,,,,,,,Intel,LGA775,benchmark-spec-dataset
Intel Xeon X3320 @ 2.50GHz,,,,Q4 2009,2.5 GHz,95.0,4,4,,,,,,,,Intel,LGA775,benchmark-spec-dataset
Intel Xeon X3323 @ 2.50GHz,,,,Q2 2014,2.5 GHz,80.0,4,4,,,,,,,,Intel,LGA775,benchmark-spec-dataset
Intel Xeon X3330 @ 2.66GHz,,,,Q2 2010,2.7 GHz,95.0,4,4,,,,,,,,Intel,LGA775,benchmark-spec-dataset
Intel Xeon X3350 @ 2.66GHz,,,,Q4 2008,2.7 GHz,95.0,4,4,,,,,,,,Intel,LGA775,benchmark-spec-dataset
Intel Xeon X3353 @ 2.66GHz,,,,Q2 2014,2.7 GHz,80.0,4,4,,,,,,,,Intel,LGA775,benchmark-spec-dataset
Intel Xeon X3360 @ 2.83GHz,,,,Q2 2009,2.8 GHz,95.0,4,4,,,,,,,,Intel,LGA775,benchmark-spec-dataset
Intel Xeon X3363 @ 2.83GHz,,,,Q4 2013,2.8 GHz,80.0,4,4,,,,,,,,Intel,LGA771,benchmark-spec-dataset
Intel Xeon X3370 @ 3.00GHz,,,,Q2 2009,3.0 GHz,95.0,4,4,,,,,,,,Intel,LGA775,benchmark-spec-dataset
Intel Xeon X3380 @ 3.16GHz,,,,Q1 2009,3.2 GHz,95.0,4,4,,,,,,,,Intel,LGA775,benchmark-spec-dataset
Intel Xeon X3430 @ 2.40GHz,,,,Q4 2009,2.4 GHz,95.0,4,4,,,,,,,,Intel,LGA1156,benchmark-spec-dataset
Intel Xeon X3440 @ 2.53GHz,,,,Q4 2009,2.5 GHz,95.0,4,8,,,,,,,,Intel,LGA1156,benchmark-spec-dataset
Intel Xeon X3450 @ 2.67GHz,,,,Q4 2009,2.7 GHz,95.0,4,8,,,,,,,,Intel,LGA1156,benchmark-spec-dataset
Intel Xeon X3460 @ 2.80GHz,,,,Q1 2010,2.8 GHz,95.0,4,8,,,,,,,,Intel,LGA1156,benchmark-spec-dataset
Intel Xeon X3470 @ 2.93GHz,,,,Q3 2010,2.9 GHz,95.0,4,8,,,,,,,,Intel,LGA1156,benchmark-spec-dataset
Intel Xeon X3480 @ 3.07GHz,,,,Q1 2012,3.1 GHz,95.0,4,8,,,,,,,,Intel,LGA1156,benchmark-spec-dataset
Intel Xeon X5260 @ 3.33GHz,,,,Q1 2009,3.3 GHz,80.0,2,2,,,,,,,,Intel,LGA771,benchmark-spec-dataset
Intel Xeon X5270 @ 3.50GHz,,,,Q3 2014,3.5 GHz,80.0,2,2,,,,,,,,Intel,LGA771,benchmark-spec-dataset
Intel Xeon X5272 @ 3.40GHz,,,,Q1 2009,3.4 GHz,80.0,2,2,,,,,,,,Intel,LGA771,benchmark-spec-dataset
Intel Xeon X5355 @ 2.66GHz,,,,Q1 2009,2.7 GHz,120.0,4,4,,,,,,,,Intel,LGA771,benchmark-spec-dataset
Intel Xeon X5365 @ 3.00GHz,,,,Q1 2009,3.0 GHz,150.0,4,4,,,,,,,,Intel,LGA771,benchmark-spec-dataset
Intel Xeon X5450 @ 3.00GHz,,,,Q1 2009,3.0 GHz,120.0,4,4,,,,,,,,Intel,LGA771,benchmark-spec-dataset
Intel Xeon X5460 @ 3.16GHz,,,,Q1 2009,3.2 GHz,120.0,4,4,,,,,,,,Intel,LGA771,benchmark-spec-dataset
Intel Xeon X5470 @ 3.33GHz,,,,Q1 2009,3.3 GHz,120.0,4,4,,,,,,,,Intel,LGA771,benchmark-spec-dataset
Intel Xeon X5472 @ 3.00GHz,,,,Q1 2009,3.0 GHz,120.0,4,4,,,,,,,,Intel,LGA771,benchmark-spec-dataset
Intel Xeon X5482 @ 3.20GHz,,,,Q1 2009,3.2 GHz,150.0,4,4,,,,,,,,Intel,LGA771,benchmark-spec-dataset
Intel Xeon X5492 @ 3.40GHz,,,,Q1 2008,3.4 GHz,150.0,4,4,,,,,,,,Intel,LGA771,benchmark-spec-dataset
Intel Xeon X5550 @ 2.67GHz,,,,Q2 2009,2.7 GHz,95.0,4,8,,,,,,,,Intel,LGA1366,benchmark-spec-dataset
Intel Xeon X5560 @ 2.80GHz,,,,Q2 2009,2.8 GHz,95.0,4,8,,,,,,,,Intel,LGA1366,benchmark-spec-dataset
Intel Xeon X5570 @ 2.93GHz,,,,Q2 2009,2.9 GHz,95.0,4,8,,,,,,,,Intel,LGA1366,benchmark-spec-dataset
Intel Xeon X5647 @ 2.93GHz,,,,Q3 2011,2.9 GHz,130.0,4,8,,,,,,,,Intel,LGA1366,benchmark-spec-dataset
Intel Xeon X5650 @ 2.67GHz,,,,Q1 2010,2.7 GHz,95.0,6,12,,,,,,,,Intel,LGA1366,benchmark-spec-dataset
Intel Xeon X5660 @ 2.80GHz,,,,Q2 2010,2.8 GHz,95.0,6,12,,,,,,,,Intel,LGA1366,benchmark-spec-dataset
Intel Xeon X5667 @ 3.07GHz,,,,Q3 2010,3.1 GHz,95.0,4,8,,,,,,,,Intel,LGA1366,benchmark-spec-dataset
Intel Xeon X5670 @ 2.93GHz,,,,Q1 2010,2.9 GHz,95.0,6,12,,,,,,,,Intel,LGA1366,benchmark-spec-dataset
Intel Xeon X5672 @ 3.20GHz,,,,Q3 2011,3.2 GHz,95.0,4,8,,,,,,,,Intel,LGA1366,benchmark-spec-dataset
Intel Xeon X5675 @ 3.07GHz,,,,Q1 2011,3.1 GHz,95.0,6,12,,,,,,,,Intel,LGA1366,benchmark-spec-dataset
Intel Xeon X5677 @ 3.47GHz,,,,Q1 2010,3.5 GHz,130.0,4,8,,,,,,,,Intel,LGA1366,benchmark-spec-dataset
Intel Xeon X5679 @ 3.20GHz,,,,Q4 2011,3.2 GHz,115.0,6,12,,,,,,,,Intel,LGA1366,benchmark-spec-dataset
Intel Xeon X5680 @ 3.33GHz,,,,Q2 2010,3.3 GHz,130.0,6,12,,,,,,,,Intel,LGA1366,benchmark-spec-dataset
Intel Xeon X5687 @ 3.60GHz,,,,Q2 2011,3.6 GHz,130.0,4,8,,,,,,,,Intel,LGA1366,benchmark-spec-dataset
Intel Xeon X5690 @ 3.47GHz,,,,Q1 2011,3.5 GHz,130.0,6,12,,,,,,,,Intel,LGA1366,benchmark-spec-dataset
Intel Xeon X5698 @ 4.40GHz,,,,Q2 2013,4.4 GHz,130.0,2,4,,,,,,,,Intel,LGA1366,benchmark-spec-dataset
Intel Xeon X6550 @ 2.00GHz,,,,Q4 2013,2.0 GHz,130.0,4,4,,,,,,,,Intel,LGA1567,benchmark-spec-dataset
Intel Xeon X7350 @ 2.93GHz,,,,Q1 2014,2.9 GHz,130.0,4,4,,,,,,,,Intel,604,benchmark-spec-dataset
Intel Xeon X7460 @ 2.66GHz,,,,Q4 2015,2.7 GHz,130.0,6,6,,,,,,,,Intel,PGA604,benchmark-spec-dataset
Intel Xeon X7550 @ 2.00GHz,,,,Q1 2014,2.0 GHz,130.0,8,16,,,,,,,,Intel,LGA1567,benchmark-spec-dataset
Intel Xeon X7560 @ 2.27GHz,,,,Q1 2011,2.3 GHz,130.0,8,16,,,,,,,,Intel,LGA1567,benchmark-spec-dataset
Microsoft ARM SQ1 @ 3.0 GHz,,,,Q4 2019,3.0 GHz,15.0,8,8,,,,,,,,Other,,benchmark-spec-dataset
Mobile AMD Athlon 64 3200+,,,,Q1 2009,2.2 GHz,81.5,1,1,,,,,,,,AMD,,benchmark-spec-dataset
Mobile AMD Athlon 64 3400+,,,,Q1 2009,2.2 GHz,81.5,1,1,,,,,,,,AMD,,benchmark-spec-dataset
Mobile AMD Athlon 64 3700+,,,,Q1 2009,2.4 GHz,81.5,1,1,,,,,,,,AMD,,benchmark-spec-dataset
Mobile AMD Athlon 64 4000+,,,,Q1 2009,2.6 GHz,62.0,1,1,,,,,,,,AMD,,benchmark-spec-dataset
Mobile AMD Athlon MP-M 1800+,,,,Q1 2014,1.8 GHz,35.0,1,1,,,,,,,,AMD,,benchmark-spec-dataset
Mobile AMD Athlon XP-M 1800+,,,,Q1 2009,1.5 GHz,45.0,1,1,,,,,,,,AMD,Socket A,benchmark-spec-dataset
Mobile AMD Sempron 2100+,,,,Q3 2011,1.0 GHz,8.0,1,1,,,,,,,,AMD,S1,benchmark-spec-dataset
Mobile AMD Sempron 3400+,,,,Q1 2009,2.0 GHz,25.0,1,1,,,,,,,,AMD,Socket S1 (S1g1),benchmark-spec-dataset
Mobile AMD Sempron 3600+,,,,Q1 2009,2.2 GHz,25.0,1,1,,,,,,,,AMD,S1,benchmark-spec-dataset
Mobile Intel Celeron 1.80GHz,,,,Q3 2009,1.8 GHz,66.1,1,1,,,,,,,,Intel,PPGA478,benchmark-spec-dataset
Mobile Intel Pentium 4 2.66GHz,,,,Q1 2009,2.7 GHz,66.1,1,1,,,,,,,,Intel,PGA478,benchmark-spec-dataset
Mobile Intel Pentium 4 2.80GHz,,,,Q1 2009,2.8 GHz,69.7,1,2,,,,,,,,Intel,PGA478,benchmark-spec-dataset
Mobile Intel Pentium 4 3.06GHz,,,,Q1 2009,3.1 GHz,81.8,1,2,,,,,,,,Intel,PGA478,benchmark-spec-dataset
Mobile Intel Pentium 4 3.20GHz,,,,Q1 2009,3.2 GHz,82.0,1,2,,,,,,,,Intel,PGA478,benchmark-spec-dataset
Mobile Intel Pentium III - M 1200MHz,,,,Q1 2009,1.2 GHz,22.0,1,1,,,,,,,,Intel,BGA2. microPGA2,benchmark-spec-dataset
Mobile Intel Pentium III - M 933MHz,,,,Q3 2009,0.9 GHz,20.1,1,1,,,,,,,,Intel,BGA2. microPGA2,benchmark-spec-dataset
Snapdragon 7c @ 2.40 GHz,,,,Q1 2021,,9.0,,,,,,,,,,Other,,benchmark-spec-dataset
Snapdragon 7c Gen 2 @ 2.55 GHz,,,,Q2 2021,,7.0,,,,,,,,,,Other,,benchmark-spec-dataset
Snapdragon 835,,,,Q1 2021,2.6 GHz,9.0,8,8,,,,,,,,Other,,benchmark-spec-dataset
Snapdragon 850 @ 2.96 GHz,,,,Q1 2021,,5.0,,,,,,,,,,Other,,benchmark-spec-dataset
Snapdragon 8cx Gen 2 @ 3.15 GHz,,,,Q1 2021,,7.0,,,,,,,,,,Other,,benchmark-spec-dataset
VIA C7-D 1800MHz,,,,Q1 2011,1.8 GHz,20.0,1,1,,,,,,,,Other,BGA400,benchmark-spec-dataset
VIA C7-M 1600MHz,,,,Q1 2011,1.6 GHz,15.0,1,1,,,,,,,,Other,BGA400,benchmark-spec-dataset
VIA Eden 1000MHz,,,,Q4 2017,1.0 GHz,5.0,1,1,,,,,,,,Other,NanoBGA2,benchmark-spec-dataset
VIA Eden 1200MHz,,,,Q2 2017,1.2 GHz,7.0,1,1,,,,,,,,Other,NanoBGA2,benchmark-spec-dataset
VIA Nano L2007@1600MHz,,,,Q3 2012,1.6 GHz,25.0,1,1,,,,,,,,Other,BGA400,benchmark-spec-dataset
VIA Nano L2100@1800MHz,,,,Q1 2011,1.8 GHz,25.0,1,1,,,,,,,,Other,BGA400,benchmark-spec-dataset
VIA Nano L2207@1600MHz,,,,Q1 2014,1.6 GHz,17.0,1,1,,,,,,,,Other,BGA400,benchmark-spec-dataset
VIA Nano U2250 (1.6GHz Capable),,,,Q1 2011,1.3 GHz,8.0,1,1,,,,,,,,Other,BGA400,benchmark-spec-dataset
VIA Nano U2250@1300+MHz,,,,Q1 2011,1.3 GHz,10.0,1,1,,,,,,,,Other,BGA400,benchmark-spec-dataset
VIA Nano U2500@1200MHz,,,,Q3 2011,1.2 GHz,7.0,1,1,,,,,,,,Other,BGA400,benchmark-spec-dataset
VIA Nano U3500@1000MHz,,,,Q3 2011,1.0 GHz,5.0,1,1,,,,,,,,Other,BGA400,benchmark-spec-dataset
VIA QuadCore L4700 @ 1.2+ GHz,,,,Q2 2013,1.2 GHz,27.5,4,4,,,,,,,,Other,,benchmark-spec-dataset
VIA QuadCore U4650 @ 1.0+ GHz,,,,Q4 2012,1.0 GHz,27.5,4,4,,,,,,,,Other,,benchmark-spec-dataset
ZHAOXIN KaiXian KX-6640MA@2.2+GHz,,,,Q4 2020,3.0 GHz,70.0,4,4,,,,,,,,Other,,benchmark-spec-dataset
